,BEDROOM_NUM,BATHROOM_NUM,BALCONY_NUM,PRICE_PER_UNIT_AREA,AGE,SUPERBUILTUP_SQFT,PRICE,LOCALITY_WO_CITY,total_facilities,furnishing_type
0,4.0,4.0,4.0,8766.0,5-10,3434.0,2.63,Sector 84,4,0
1,4.0,4.0,3.0,21176.0,1-5,2870.0,3.6,Sector 81,5,0
2,3.0,3.0,3.0,13740.0,1-5,2802.0,3.85,Sector 112,4,0
3,3.0,4.0,4.0,8515.0,1-5,2290.0,1.95,Sector 104,6,0
4,2.0,2.0,3.0,11571.0,0-1,1400.0,1.62,Sector 74,6,1
5,3.0,3.0,3.0,8067.473414008067,1-5,2727.0,2.2,Sector 102,5,1
6,4.0,4.0,4.0,15463.0,1-5,4850.0,7.5,Sector 60,5,0
7,2.0,2.0,3.0,11428.0,0-1,1400.0,1.6,Sector 74,6,1
8,3.0,3.0,2.0,23648.0,1-5,1950.0,3.5,Sector 66,6,0
9,5.0,5.0,4.0,11597.0,1-5,3880.0,4.5,Sector 110,6,1
10,3.0,4.0,3.0,7159.0,1-5,2165.0,1.55,Sector 109,1,1
11,3.0,3.0,3.0,9382.0,1-5,2025.0,1.9,Sector 102,4,0
12,3.0,4.0,3.0,9500.0,1-5,2000.0,1.9,Sector 102,4,0
13,3.0,4.0,4.0,20370.0,1-5,2430.0,4.95,Sector 65,3,0
14,2.0,2.0,3.0,10699.0,1-5,1215.0,1.3,Sector 102,4,0
15,3.0,3.0,2.0,12105.0,Under Construction,1250.0,1.15,Sector 37D,4,0
16,3.0,3.0,3.0,12612.0,Under Construction,1665.0,2.1,Sector 113 Gurgaon,5,1
17,4.0,5.0,2.0,17517.0,1-5,3625.0,6.35,Sector 66,2,0
18,3.0,3.0,2.0,16000.0,0-1,2200.0,3.56,Sector 111,4,1
19,3.0,3.0,2.0,13000.0,0-1,1700.0,2.25,Sector 111,4,0
20,3.0,3.0,2.0,18138.0,1-5,3363.0,6.1,Sector 65,5,0
21,3.0,3.0,2.0,10335.9173126615,0-1,1935.0,2.0,Sushant Lok Phase 3,3,1
22,3.0,3.0,3.0,16550.0,0-1,2567.0,4.25,Sector 62,5,0
23,3.0,4.0,2.0,15158.0,1-5,2045.0,3.1,Sector 60,5,0
24,3.0,3.0,3.0,9771.0,Under Construction,1535.0,1.5,Sector 37D,1,0
25,2.0,2.0,2.0,16117.0,1-5,1365.0,2.2,Sector 60,5,0
26,3.0,3.0,3.0,10500.0,Under Construction,1579.0,1.66,Sector 113 Gurgaon,5,1
27,4.0,4.0,2.0,7959.714100064977,0-1,3078.0,2.45,Sector 57,3,1
28,4.0,4.0,2.0,8122.157244964263,0-1,3078.0,2.5,Sector 57,3,1
29,4.0,4.0,2.0,10139.416983523448,0-1,2367.0,2.4,Sector 57,3,1
30,3.0,3.0,2.0,10265.700483091789,0-1,1656.0,1.7,Sector 57,3,1
31,3.0,3.0,2.0,10620.91503267974,0-1,1836.0,1.95,Sector 57,3,1
32,4.0,4.0,2.0,10721.247563352828,0-1,3078.0,3.3,Sector 57,3,1
33,3.0,4.0,3.0,14290.0,1-5,2974.0,4.25,Sector 59,4,0
34,4.0,4.0,3.0,14839.0,5-10,2527.0,3.75,Sector 62,2,0
35,3.0,3.0,3.0,8173.0,Under Construction,1790.0,1.23,Sector 37C,3,0
36,3.0,4.0,4.0,16753.0,5-10,2895.0,4.85,Sector 53,4,0
37,3.0,4.0,4.0,17098.0,5-10,2895.0,4.95,Sector 53,4,0
38,3.0,4.0,3.0,13937.0,1-5,2583.0,3.6,Sector 28,3,0
39,2.0,2.0,3.0,15646.0,1-5,1470.0,2.3,Sector 67,4,0
40,3.0,4.0,3.0,23913.0,1-5,2300.0,5.5,Sector 54,4,0
41,4.0,4.0,4.0,12500.0,Under Construction,2570.0,3.21,Sector 113 Gurgaon,5,1
42,4.0,4.0,4.0,12500.0,Under Construction,2510.0,3.14,Sector 113 Gurgaon,5,1
43,4.0,4.0,4.0,15500.0,Under Construction,2717.0,4.21,Sector 106,2,1
44,3.0,3.0,3.0,15500.0,Under Construction,2600.0,4.03,Sector 106,2,1
45,3.0,3.0,2.0,11396.0,Under Construction,1665.0,1.9,Sector 113 Gurgaon,5,1
46,4.0,4.0,3.0,10109.0,Under Construction,2913.0,2.94,Sector 108,5,1
47,3.0,3.0,2.0,15499.0,Under Construction,2343.0,2.34,Sector 108,5,1
48,3.0,3.0,3.0,15544.0,Under Construction,1745.0,2.71,Sector 108,5,1
49,3.0,3.0,3.0,7282.0,Under Construction,1900.0,1.38,Sector 106,5,1
50,3.0,3.0,3.0,13500.0,Under Construction,2050.0,2.77,Sector 106,5,1
51,3.0,4.0,4.0,9783.0,1-5,1942.0,1.9,Sector 102,6,0
52,2.0,3.0,3.0,14965.0,1-5,1470.0,2.2,Sector 60,5,0
53,3.0,4.0,3.0,15121.0,1-5,2050.0,3.1,Sector 60,5,0
54,3.0,3.0,3.0,12941.0,5-10,1700.0,2.2,Sector 61,5,0
55,3.0,4.0,4.0,16580.0,10+,2895.0,4.8,Sector 53,4,0
56,4.0,4.0,3.0,14316.0,5-10,2305.0,3.3,DLF Phase 2,3,1
57,2.0,2.0,2.0,4922.83950617284,1-5,1620.0,0.7975,Sector 82,2,0
58,2.0,2.0,3.0,12078.0,0-1,1573.0,1.9,Sector 113 Gurgaon,5,1
59,3.0,4.0,3.0,23913.0,1-5,2300.0,5.5,Sector 54,4,0
60,2.0,2.0,2.0,4938.271604938272,1-5,1620.0,0.8,Sector 82,2,1
61,4.0,4.0,3.0,11764.0,0-1,2890.0,3.4,South City 2,3,1
62,4.0,4.0,4.0,18669.0,5-10,2812.0,5.25,DLF Phase 5,3,1
63,4.0,4.0,3.0,19157.0,5-10,2610.0,5.0,DLF Phase 5,3,0
64,6.0,7.0,4.0,11214.0,1-5,5350.0,6.0,Sector 28,3,0
65,3.0,3.0,2.0,11949.0,0-1,1590.0,1.9,Sector 57,3,1
66,2.0,2.0,3.0,12290.0,1-5,2441.0,3.0,Sector 112,4,0
67,3.0,3.0,0.0,15934.0,5-10,1412.0,2.45,DLF Phase 5,5,1
68,4.0,4.0,4.0,19540.0,10+,2610.0,5.1,DLF Phase 5,3,1
69,4.0,6.0,4.0,24704.0,5-10,3886.0,9.6,Sector 54,3,0
70,3.0,3.0,4.0,29000.0,1-5,1800.0,5.22,Sector 37D,3,0
71,3.0,3.0,2.0,19200.0,1-5,1185.0,2.2752,Sector 37D,2,0
72,3.0,3.0,3.0,9106.0,1-5,1702.0,1.55,Sector 90,3,0
73,3.0,4.0,4.0,6546.0,0-1,1940.0,1.27,Sector 103,1,0
74,3.0,4.0,4.0,7357.0,1-5,1991.0,1.1,Sector 103,4,0
75,3.0,2.0,2.0,10669.0,Under Construction,1359.0,1.45,Sector 104,5,0
76,5.0,5.0,2.0,21800.0,1-5,2500.0,5.45,Sector 63,2,1
77,2.0,2.0,3.0,6192.0,1-5,1534.0,0.95,Sector 107,2,1
78,4.0,4.0,2.0,14026.0,10+,1711.0,2.4,DLF Phase 2,3,0
79,3.0,3.0,4.0,13526.0,0-1,2802.0,3.79,Sector 112,4,0
80,2.0,2.0,2.0,17378.0,Under Construction,1381.0,2.4,Sector 108,5,0
81,3.0,3.0,2.0,12368.0,0-1,1900.0,2.35,Malibu Town,2,0
82,4.0,4.0,2.0,10750.0,1-5,2000.0,2.15,Sector 63,4,0
83,3.0,3.0,2.0,10499.0,1-5,1800.0,1.89,Sector 63A,6,0
84,3.0,3.0,2.0,10500.0,1-5,1800.0,1.89,Sector 63A,5,0
85,3.0,3.0,2.0,10210.0,1-5,1850.0,1.89,Sector 63A,5,0
86,2.0,2.0,1.0,15200.0,1-5,605.0,0.9196,Sector 102,4,1
87,3.0,3.0,2.0,5108.96748838871,5-10,2799.0,1.43,Uppals Southend,2,1
88,2.0,2.0,3.0,19300.0,1-5,1380.0,2.6634,Sector 37D,4,0
89,3.0,3.0,3.0,29400.0,1-5,1800.0,5.292,Sector 37D,3,0
90,3.0,4.0,4.0,7229.0,1-5,2000.0,1.07,Sector 103,4,0
91,2.0,2.0,3.0,11326.0,1-5,1536.0,1.05,Sector 107,2,0
92,4.0,5.0,4.0,5494.0,1-5,2639.0,1.45,Sector 103,4,0
93,3.0,3.0,3.0,8000.0,1-5,1750.0,1.4,Sector 90,3,0
94,3.0,4.0,4.0,9304.0,0-1,1999.0,1.86,Sector 68,5,0
95,4.0,5.0,4.0,24691.35802469136,0-1,3240.0,8.0,Sector 48,3,0
96,2.0,2.0,3.0,11111.0,Under Construction,1215.0,1.35,Sector 102,4,1
97,2.0,2.0,2.0,11275.0,0-1,1215.0,1.37,Sector 102,4,0
98,3.0,3.0,4.0,10227.0,1-5,2361.0,1.8,Sector 107,2,0
99,3.0,3.0,4.0,9520.0,1-5,1943.0,1.39,Sector 107,2,0
100,4.0,4.0,2.0,9629.0,0-1,2700.0,2.6,Sector 48,2,1
101,4.0,4.0,2.0,10216.0,5-10,1762.0,2.38,DLF Phase 2,3,0
102,2.0,2.0,2.0,14166.0,1-5,1200.0,1.7,Sector 66,2,0
103,3.0,3.0,2.0,15000.0,1-5,2200.0,3.3,Sector 66,6,0
104,3.0,3.0,2.0,16410.0,1-5,1950.0,3.2,Sector 66,6,0
105,3.0,3.0,1.0,16121.0,1-5,2047.0,3.3,Sector 67,4,0
106,3.0,3.0,3.0,10138.0,Under Construction,1440.0,1.46,Sector 37D,4,0
107,3.0,3.0,2.0,8000.0,5-10,1750.0,1.4,Malibu Town,2,1
108,2.0,2.0,2.0,14789.0,1-5,1188.0,1.76,Sector 66,2,1
109,3.0,2.0,3.0,16000.0,0-1,1483.0,2.0,Sector 68,5,0
110,3.0,2.0,2.0,11304.0,10+,1150.0,1.3,Sector 50,3,1
111,3.0,3.0,2.0,5684.0,5-10,1935.0,1.1,Uppals Southend,2,0
112,3.0,3.0,4.0,12805.0,Under Construction,2538.0,3.25,Sector 36A,6,1
113,3.0,3.0,3.0,22180.0,1-5,2908.0,6.45,Sector 65,5,0
114,3.0,3.0,4.0,13884.0,5-10,1815.0,2.52,Sector 66,3,0
115,3.0,3.0,2.0,13506.0,Under Construction,1932.0,2.61,Sector 65,5,0
116,2.0,2.0,2.0,13500.0,Under Construction,1420.0,1.92,Sector 65,5,1
117,2.0,2.0,2.0,13500.0,Under Construction,1420.0,1.92,Sector 65,5,0
118,2.0,2.0,2.0,13623.0,Under Construction,1433.0,1.93,Sector 65,5,1
119,2.0,2.0,2.0,13623.0,Under Construction,1433.0,1.93,Sector 65,5,0
120,2.0,2.0,2.0,14114.0,Under Construction,1516.0,2.05,Sector 65,5,0
121,2.0,2.0,2.0,13542.0,Under Construction,1265.0,1.71,Sector 65,5,0
122,2.0,2.0,2.0,13500.0,Under Construction,1265.0,1.71,Sector 65,5,0
123,4.0,4.0,3.0,9791.0,1-5,2400.0,2.35,Sector 110 A,3,1
124,2.0,2.0,3.0,5600.0,0-1,1000.0,0.56,Sector 37C,2,0
125,3.0,4.0,3.0,10163.0,5-10,1525.0,1.55,Sector 51,5,0
126,4.0,4.0,4.0,26328.0,Under Construction,2089.0,5.5,Sector 63,6,0
127,4.0,4.0,4.0,26280.0,Under Construction,1484.0,3.9,Sector 63,6,0
128,4.0,4.0,4.0,26319.0,Under Construction,1421.0,3.74,Sector 63,6,0
129,4.0,4.0,4.0,28383.0,Under Construction,1367.0,3.88,Sector 63,6,0
130,4.0,5.0,4.0,18181.81818181818,1-5,2475.0,4.5,Sector 81,5,1
131,3.0,4.0,3.0,16363.0,5-10,2200.0,3.6,Sector 66,6,0
132,4.0,4.0,3.0,10285.0,0-1,3150.0,3.24,Sector 50,3,1
133,4.0,6.0,4.0,17023.0,5-10,2943.0,5.01,Sector 31,3,0
134,3.0,3.0,2.0,8865.0,0-1,2459.0,2.18,Palam Vihar,2,1
135,5.0,5.0,3.0,11082.0,0-1,3880.0,4.3,Sector 110,6,0
136,3.0,3.0,2.0,14400.0,0-1,1836.0,1.8,Sector 23,2,1
137,3.0,3.0,2.0,13875.0,0-1,1254.0,1.74,Sector 23,2,1
138,3.0,3.0,2.0,13840.0,0-1,1836.0,1.73,Sector 23,2,1
139,4.0,4.0,2.0,12800.0,0-1,2500.0,3.2,Sector 50,3,1
141,3.0,3.0,2.0,8336.0,0-1,2459.0,2.05,Palam Vihar,2,1
142,3.0,3.0,2.0,7959.0,0-1,2450.0,1.95,Palam Vihar,2,1
143,3.0,4.0,4.0,7559.774964838256,10+,2844.0,2.15,DLF Phase 2,3,1
144,1.0,1.0,2.0,30000.0,1-5,1000.0,3.0,Sector 46,2,1
145,3.0,3.0,3.0,7857.0,10+,2100.0,1.65,Sector 45,2,0
146,4.0,4.0,2.0,19772.0,0-1,2200.0,4.35,Sector 67A,5,0
147,3.0,3.0,3.0,8095.0,1-5,2100.0,1.7,Sector-33 Sohna,4,0
148,2.0,2.0,3.0,7017.0,1-5,1425.0,1.0,Sohna,2,1
149,3.0,3.0,3.0,26595.744680851065,1-5,2350.0,6.25,Sector 48,5,0
150,3.0,4.0,4.0,9627.0,1-5,2150.0,2.07,Sector 109,4,0
151,3.0,4.0,4.0,10195.0,1-5,1942.0,1.98,Sector 102,6,0
152,3.0,2.0,2.0,10727.0,Under Construction,1389.0,1.49,Sector 104,5,0
153,3.0,4.0,3.0,10883.0,5-10,2095.0,2.28,Sector 109,4,0
154,3.0,2.0,3.0,7857.0,Under Construction,1120.0,0.88,Sector 36 Sohna,4,1
155,4.0,5.0,2.0,30017.0,5-10,3931.0,11.7996827,Sector 48,5,0
156,4.0,5.0,2.0,29509.0,5-10,3931.0,11.5999879,Sector 48,5,0
157,3.0,3.0,2.0,25122.0,5-10,2647.0,6.65,Sector 48,5,0
158,4.0,5.0,3.0,27302.0,5-10,4615.0,12.599873,Sector 48,2,0
159,3.0,3.0,2.0,24705.0,5-10,2550.0,6.3,Sector 48,2,0
160,4.0,4.0,2.0,27085.0,5-10,4615.0,12.4997275,Sector 48,5,0
161,4.0,5.0,2.0,27518.0,5-10,4615.0,12.699557,Sector 48,5,0
162,4.0,4.0,2.0,28169.0,5-10,4615.0,12.9999935,Sector 48,5,0
163,3.0,3.0,2.0,23079.0,5-10,2838.0,6.55,Sector 48,5,0
164,3.0,3.0,2.0,23500.0,5-10,2647.0,6.45,Sector 48,5,0
165,3.0,4.0,2.0,23538.0,5-10,2719.0,6.4,Sector 48,5,0
166,3.0,3.0,2.0,23800.0,5-10,2647.0,6.3,Sector 48,5,0
167,3.0,3.0,2.0,22903.0,5-10,2838.0,6.5,Sector 48,5,0
168,4.0,6.0,3.0,27982.0,5-10,3931.0,10.9997242,Sector 48,5,0
169,4.0,6.0,3.0,31578.0,5-10,3800.0,11.99964,Sector 48,5,0
170,4.0,6.0,3.0,30921.0,5-10,3800.0,11.74998,Sector 48,5,0
171,4.0,5.0,4.0,29254.0,5-10,3931.0,11.4997474,Sector 48,5,0
172,3.0,4.0,3.0,12483.0,0-1,3725.0,4.65,Sector 112,4,0
173,4.0,4.0,2.0,20000.0,1-5,2625.0,5.25,Sector 66,6,0
174,4.0,4.0,3.0,6255.0,1-5,2350.0,1.47,Sector 71,5,1
175,3.0,4.0,2.0,7171.0,1-5,1743.0,1.25,Sector 71,5,1
176,3.0,3.0,3.0,6790.0,1-5,1620.0,1.1,Sector 71,5,1
177,3.0,3.0,2.0,6734.0,1-5,1485.0,1.0,Sector 71,5,1
178,2.0,2.0,2.0,7000.0,1-5,1198.0,0.85,Sector 71,5,1
179,4.0,4.0,4.0,12538.0,1-5,2273.0,2.85,Sector 82A,4,1
180,3.0,3.0,3.0,16000.0,10+,2250.0,3.6,Sector 14,3,1
181,3.0,3.0,3.0,22222.222222222223,10+,2250.0,5.0,Sector 14,3,1
182,3.0,3.0,4.0,5950.0,1-5,1762.0,1.05,Sector 103,2,0
183,3.0,3.0,3.0,17389.96614342875,10+,3249.0,5.65,Sector 14,3,1
184,4.0,4.0,4.0,11380.0,1-5,3078.0,2.39,Sector 57,2,0
185,4.0,5.0,2.0,16384.0,1-5,3900.0,6.39,DLF Phase 4,1,0
186,3.0,3.0,2.0,10000.0,1-5,2400.0,1.9,Sector 48,5,0
187,3.0,3.0,2.0,12187.0,1-5,2367.0,1.95,Sector 57,3,1
188,3.0,3.0,2.0,14583.0,1-5,1836.0,1.75,Sushant Lok Phase 3,3,1
189,3.0,3.0,2.0,13916.0,1-5,1800.0,1.67,Sushant Lok Phase 3,3,0
190,3.0,3.0,4.0,12750.0,1-5,2700.0,2.55,Sushant Lok Phase 3,3,0
191,4.0,4.0,4.0,12228.0,1-5,2367.0,2.14,Sector 57,3,1
192,4.0,4.0,4.0,14095.0,1-5,2625.0,3.7,Sector 72,3,1
193,3.0,3.0,3.0,8188.0,Under Construction,2078.0,1.7,Sector 3,5,1
194,2.0,2.0,2.0,11039.0,0-1,1406.0,1.55,Sector 74,6,0
195,2.0,2.0,2.0,13200.0,0-1,1406.0,1.65,Sector 74,6,0
196,3.0,3.0,4.0,15357.0,1-5,1600.0,2.15,Sector 65,6,1
197,2.0,2.0,2.0,11735.0,0-1,1406.0,1.65,Sector 74,6,0
198,3.0,3.0,3.0,9444.0,Under Construction,1829.0,1.7,Sector 85,4,1
199,3.0,3.0,3.0,9041.0,Under Construction,1830.0,1.65,Sector 85,4,1
200,3.0,3.0,3.0,9150.0,Under Construction,2131.0,1.95,Sector 85,4,1
201,2.0,2.0,3.0,6155.0,0-1,1056.0,0.78,Sector 82,5,1
202,3.0,3.0,2.0,9487.0,Under Construction,1950.0,1.85,Sector 63A,4,1
203,3.0,3.0,2.0,9846.0,0-1,1950.0,1.92,Sector 63A,4,1
204,3.0,3.0,2.0,8604.0,0-1,2150.0,1.85,Sector 63A,6,1
205,4.0,4.0,2.0,8888.0,0-1,2700.0,2.4,Sector 50,3,1
206,4.0,4.0,2.0,9074.0,0-1,2700.0,2.45,Sector 49,3,1
207,4.0,4.0,2.0,8281.0,0-1,3200.0,2.65,Sector 50,3,1
208,4.0,4.0,2.0,12037.0,0-1,2700.0,3.25,Sector 50,3,1
209,4.0,4.0,2.0,13018.0,Under Construction,2650.0,3.45,Sector 50,3,0
210,3.0,3.0,2.0,10111.0,Under Construction,1800.0,1.82,Sector 48,5,1
211,3.0,3.0,2.0,10857.0,0-1,1750.0,1.9,Sector 50,3,1
212,3.0,3.0,2.0,9578.0,0-1,1900.0,1.82,Sector 45,2,1
213,3.0,3.0,2.0,9729.0,0-1,1850.0,1.8,Sector 63A,6,0
214,3.0,3.0,3.0,10888.0,5-10,1745.0,1.9,Sector 109,4,0
215,1.0,1.0,2.0,26000.0,0-1,630.0,1.638,Sector 54,3,0
216,2.0,2.0,4.0,30000.0,1-5,644.0,1.932,Sector-33 Sohna,2,0
217,1.0,1.0,1.0,6128.0,1-5,359.0,0.22,Sector-33 Sohna,0,0
218,2.0,2.0,4.0,30000.0,1-5,644.0,1.932,Sector-33 Sohna,2,1
219,2.0,2.0,2.0,7532.0,0-1,531.0,0.4,Sector 36 Sohna,0,0
220,1.0,1.0,1.0,6432.0,1-5,342.0,0.22,Sector-33 Sohna,0,0
221,2.0,2.0,2.0,6639.0,1-5,609.0,0.405,Sector-33 Sohna,0,0
222,2.0,2.0,4.0,25000.0,1-5,849.0,2.1225,Sector-2 Sohna,1,0
223,3.0,3.0,3.0,5920.0,5-10,1537.0,0.91,Sector 37C,1,0
224,3.0,3.0,2.0,18584.0,5-10,3363.0,6.25,Sector 65,5,0
225,3.0,3.0,4.0,16610.0,1-5,2588.0,4.3,Sector 62,5,0
226,3.0,5.0,4.0,19950.0,1-5,4010.0,8.0,Sector 65,4,0
227,3.0,3.0,4.0,19933.0,1-5,3888.0,7.75,Sector 65,5,0
228,4.0,4.0,3.0,10555.555555555557,0-1,2700.0,2.85,Sector 49,2,1
229,2.0,2.0,1.0,5405.0,1-5,925.0,0.5,Sector 37C,2,0
230,3.0,3.0,2.0,7692.0,10+,1950.0,1.5,Palam Vihar,2,1
231,3.0,3.0,2.0,8750.0,10+,2000.0,1.75,Palam Vihar,2,1
232,3.0,3.0,3.0,32000.0,1-5,1650.0,5.28,Sector 102,4,1
233,4.0,3.0,2.0,17708.0,0-1,4800.0,8.5,Sector 63A,6,1
234,3.0,3.0,4.0,7777.0,1-5,2250.0,1.75,Sector 102,5,1
235,3.0,4.0,1.0,9185.0,0-1,2025.0,1.86,Sector 102,4,0
236,3.0,4.0,4.0,7954.0,1-5,1760.0,1.4,Sector 106,6,0
237,3.0,3.0,4.0,11609.0,0-1,1852.0,2.15,Sector 102,4,1
238,3.0,3.0,3.0,10361.0,Under Construction,1689.0,1.75,Sector 104,5,1
239,2.0,2.0,3.0,8102.0,1-5,1481.0,1.2,Sector 103,4,1
240,4.0,4.0,4.0,11111.0,1-5,2160.0,2.4,Sector 57,3,1
241,4.0,3.0,3.0,15789.0,0-1,3800.0,6.0,Sector 63A,0,1
242,9.0,9.0,4.0,25054.466230936818,5-10,1836.0,4.6,Sector 46,2,1
243,3.0,3.0,3.0,17073.0,0-1,2588.0,4.42,Sector 62,5,0
244,3.0,2.0,4.0,10865.0,5-10,1629.0,1.77,Nirvana Country,5,0
245,2.0,2.0,3.0,11566.0,Under Construction,1366.0,1.58,Sector 106,5,1
246,3.0,3.0,2.0,12907.0,0-1,1410.0,1.82,Sector 48,5,1
247,3.0,3.0,2.0,8717.0,0-1,1950.0,1.7,Sector 70,3,1
248,3.0,3.0,2.0,7885.0,0-1,1550.0,1.22,Sector 70,3,1
249,3.0,3.0,2.0,8387.0,0-1,1550.0,1.3,Sector 88B,1,1
250,3.0,3.0,1.0,11418.533157663593,0-1,2277.0,2.6,Sector 31,2,1
251,2.0,2.0,1.0,7500.0,0-1,800.0,0.6,Sector 67,3,0
252,4.0,4.0,2.0,25283.0,1-5,4944.0,12.4999152,Sector 65,5,0
253,3.0,2.0,3.0,7863.0,0-1,1081.0,0.85,Sohna,4,0
254,3.0,3.0,3.0,14545.0,1-5,1650.0,2.4,Sector 65,2,1
255,2.0,2.0,3.0,8048.0,1-5,1640.0,1.32,Sector 85,4,0
256,3.0,4.0,3.0,25970.0,10+,1983.0,5.15,Sector 54,4,0
257,3.0,3.0,4.0,9142.0,1-5,1750.0,1.6,Sector 109,4,1
258,3.0,3.0,4.0,16545.0,1-5,1698.0,1.82,Sector 102,4,1
259,3.0,4.0,3.0,20897.0,0-1,2033.0,3.4,Sector 63,6,0
260,4.0,5.0,4.0,22162.0,0-1,2321.0,4.1,Sector 63,6,0
261,4.0,5.0,4.0,14183.0,10+,3490.0,4.95,Sector 53,4,0
262,3.0,2.0,4.0,10608.0,1-5,1084.0,1.15,Sector 88A,2,1
263,2.0,2.0,4.0,8791.0,1-5,1365.0,1.2,Sector 99,4,1
264,3.0,3.0,1.0,8500.0,1-5,2150.0,1.83,Sector 99,3,0
265,3.0,3.0,2.0,8500.0,1-5,1770.0,1.5,Sector 99,3,0
266,3.0,5.0,3.0,10629.0,1-5,1997.0,1.7,Sector 99A,5,0
267,4.0,5.0,4.0,8888.0,0-1,2475.0,2.2,Sector 92,4,0
268,3.0,3.0,2.0,11216.0,1-5,1578.0,1.77,Sector 69,4,0
269,3.0,3.0,2.0,11089.0,1-5,1578.0,1.75,Sector 69,4,0
270,3.0,4.0,3.0,17500.0,1-5,2358.0,3.5,Sector 67,4,0
271,3.0,4.0,3.0,17647.0,5-10,2040.0,3.6,DLF Phase 4,3,0
272,2.0,2.0,2.0,7874.0,1-5,1270.0,1.0,Sector 84,4,1
273,4.0,5.0,4.0,13050.0,5-10,2950.0,3.85,Sector 111,4,1
274,3.0,2.0,2.0,10228.0,Under Construction,1359.0,1.39,Sector 104,5,0
275,3.0,3.0,2.0,11528.0,Under Construction,1430.0,1.65,Gwal Pahari,5,0
276,2.0,3.0,4.0,5973.0,1-5,1741.0,1.28,Sector 85,4,0
277,2.0,2.0,4.0,6163.0,1-5,1671.0,1.25,Sector 85,4,0
278,1.0,1.0,1.0,28000.0,0-1,600.0,1.68,Sushant Lok Phase 1,3,0
279,3.0,3.0,2.0,7204.0,1-5,1735.0,1.25,Sector 83,5,1
280,3.0,3.0,4.0,9519.0,Under Construction,1996.0,1.9,Sector-33 Sohna,4,1
281,4.0,4.0,4.0,13207.0,1-5,2650.0,3.5,Sector 67,4,0
282,4.0,5.0,4.0,9583.0,5-10,2400.0,2.3,Sector 70,6,0
283,3.0,3.0,3.0,9976.0,Under Construction,1704.0,1.7,Sector 69,6,0
284,4.0,4.0,4.0,15625.0,0-1,2400.0,3.75,Sector-33 Sohna,4,1
285,4.0,6.0,1.0,22506.0,Under Construction,4175.0,6.25,MG Road,4,0
286,3.0,2.0,4.0,7076.0,1-5,1081.0,0.765,Sohna,4,0
287,3.0,2.0,4.0,7215.0,1-5,1081.0,0.78,Sohna,4,0
288,3.0,2.0,4.0,7169.0,1-5,1081.0,0.775,Sohna,4,0
289,3.0,4.0,4.0,17185.0,1-5,3887.0,6.68,Sector 65,5,0
290,4.0,4.0,4.0,15625.0,1-5,4160.0,6.5,Sector 49,4,0
291,3.0,4.0,4.0,11521.0,5-10,2734.0,3.15,Sector 28,3,0
292,3.0,4.0,4.0,20495.0,1-5,3025.0,6.2,Sector 59,6,0
293,2.0,2.0,3.0,8148.0,1-5,1534.0,1.25,Sector 84,4,1
294,2.0,2.0,3.0,27000.0,1-5,1270.0,3.429,Sector 84,4,1
295,2.0,2.0,2.0,20000.0,1-5,800.0,1.6,Sector 70A,4,0
296,2.0,2.0,4.0,7942.0,Under Construction,1385.0,1.1,Sector-33 Sohna,4,1
297,3.0,4.0,3.0,16945.0,Under Construction,2095.0,4.32,Sector 59,6,0
298,3.0,4.0,3.0,10882.0,0-1,2150.0,1.85,Sector 79,3,0
299,3.0,3.0,3.0,6632.0,1-5,1960.0,1.3,Sector 82,4,1
300,2.0,2.0,3.0,8148.0,1-5,1534.0,1.25,Sector 84,4,1
301,2.0,2.0,3.0,13956.0,Under Construction,1433.0,2.0,Sector 65,5,1
302,3.0,3.0,4.0,16416.0,0-1,2588.0,4.25,Sector 62,5,0
303,4.0,5.0,2.0,9722.222222222224,0-1,3240.0,3.15,South City 2,3,1
304,4.0,5.0,4.0,8000.0,0-1,3950.0,3.16,Sector 85,4,0
305,2.0,2.0,4.0,7247.0,1-5,1366.0,0.99,Sector 107,2,0
306,3.0,3.0,4.0,9183.0,0-1,1960.0,1.8,Sector 28,3,0
307,2.0,2.0,2.0,7251.0,Under Construction,630.0,0.38,Sector 89,4,0
308,3.0,3.0,4.0,9302.0,0-1,1935.0,1.8,Sector 42,3,0
309,3.0,3.0,3.0,8999.0,1-5,1877.0,1.68,Sector 37D,4,0
310,4.0,4.0,3.0,14166.0,1-5,2400.0,3.4,DLF Phase 2,3,0
311,4.0,4.0,4.0,11046.0,0-1,3078.0,3.4,Sector 51,2,0
312,2.0,2.0,4.0,7797.0,Under Construction,1385.0,1.08,Sector 106,6,0
313,3.0,3.0,4.0,15144.0,1-5,2047.0,3.1,Sector 67,4,0
314,3.0,4.0,2.0,17849.0,1-5,2072.0,3.7,Sector 108,5,1
315,3.0,4.0,4.0,13634.0,1-5,2677.0,3.65,Sector 67,4,0
316,4.0,4.0,4.0,16328.0,1-5,3154.0,5.15,Sector 67,4,0
317,4.0,4.0,4.0,12553.0,5-10,2350.0,2.95,Sector 67,4,0
318,4.0,4.0,4.0,11489.0,5-10,2350.0,2.7,Sector 67,4,0
319,3.0,4.0,4.0,11886.0,5-10,1935.0,2.3,Sector 67,4,0
320,2.0,2.0,2.0,9815.0,0-1,1304.0,1.28,Sector 70A,4,0
321,4.0,4.0,3.0,9142.0,1-5,2450.0,2.24,Sector 37D,5,0
322,2.0,2.0,1.0,4607.0,1-5,955.0,0.44,Sohna,4,0
323,4.0,4.0,2.0,10555.555555555557,1-5,2700.0,2.85,Sector 48,5,0
324,4.0,4.0,2.0,10539.478385137549,1-5,2799.0,2.95,Uppals Southend,2,0
325,3.0,3.0,2.0,10185.185185185184,1-5,2160.0,2.2,Sector 52,2,0
326,4.0,4.0,2.0,10503.7513397642,1-5,2799.0,2.94,Uppals Southend,2,1
327,3.0,4.0,3.0,8447.0,1-5,2190.0,1.85,Sector 70,3,0
328,3.0,3.0,4.0,13853.0,1-5,2382.0,3.3,Sector 67,4,0
329,3.0,4.0,3.0,9132.0,1-5,2190.0,2.0,Sector 70,3,0
330,3.0,3.0,4.0,15275.0,Under Construction,1704.0,1.58,Sector 69,6,0
331,3.0,3.0,4.0,11178.0,0-1,1655.0,1.8,Sector 70A,4,0
332,4.0,4.0,2.0,8796.296296296296,1-5,3240.0,2.85,South City 2,3,1
333,2.0,2.0,4.0,5807.0,1-5,1610.0,0.935,Sector 84,4,0
334,3.0,4.0,3.0,7436.0,1-5,1923.0,1.43,Sector 84,4,0
335,4.0,4.0,4.0,6768.0,5-10,2364.0,1.6,Sector 86,5,0
336,4.0,4.0,3.0,14756.0,0-1,2880.0,4.25,DLF Phase 1,3,1
337,4.0,4.0,3.0,15273.0,1-5,3110.0,4.75,Sushant Lok Phase 1,3,1
338,3.0,3.0,3.0,15915.0,Under Construction,2262.0,3.6,Sector 62,3,0
339,3.0,3.0,2.0,10125.0,0-1,1800.0,1.62,Sushant Lok Phase 1,3,0
340,3.0,3.0,2.0,9937.0,0-1,1800.0,1.59,Sector 57,3,0
341,3.0,3.0,2.0,10666.0,0-1,1728.0,1.6,Sector 57,3,0
342,3.0,3.0,2.0,18125.0,0-1,1935.0,2.9,Sushant Lok Phase 1,3,0
343,3.0,3.0,2.0,11666.0,0-1,2700.0,3.15,Sushant Lok Phase 1,3,0
344,2.0,2.0,2.0,8125.0,1-5,800.0,0.65,Sector 67A,2,0
345,4.0,4.0,2.0,16710.0,0-1,4500.0,6.35,DLF Phase 2,6,0
346,3.0,3.0,4.0,16111.111111111111,1-5,2700.0,4.35,DLF Phase 5,5,0
347,3.0,3.0,3.0,11460.0,5-10,2033.0,2.33,Sector 49,3,1
348,4.0,4.0,4.0,24864.0,Under Construction,1850.0,4.6,Sector 63,6,0
349,3.0,3.0,4.0,15799.0,Under Construction,2595.0,5.2,Sector 59,6,1
350,4.0,4.0,2.0,14416.0,0-1,2844.0,4.1,DLF Phase 2,2,0
351,4.0,4.0,2.0,17708.0,0-1,2844.0,4.25,Sushant Lok Phase 1,3,0
352,4.0,4.0,2.0,15400.0,0-1,3285.0,3.85,Sushant Lok Phase 1,3,0
353,3.0,3.0,3.0,11454.0,5-10,1650.0,1.89,Sector 47,2,1
354,3.0,3.0,3.0,16571.0,1-5,2588.0,4.29,Sector 62,5,0
355,2.0,2.0,2.0,17901.0,1-5,1508.0,2.7,Sector 62,5,0
356,2.0,2.0,2.0,17503.0,1-5,1508.0,2.64,Sector 62,5,0
357,4.0,4.0,2.0,14259.25925925926,1-5,2700.0,3.85,DLF Phase 1,3,1
358,4.0,4.0,4.0,22222.0,0-1,3150.0,7.0,MG Road,4,0
359,4.0,4.0,4.0,21904.0,0-1,3150.0,6.9,MG Road,4,0
360,3.0,3.0,2.0,8888.0,1-5,2000.0,1.6,Sector 26,3,0
361,4.0,4.0,4.0,28298.0,10+,2721.0,7.7,Sector 54,4,0
362,4.0,4.0,2.0,10200.0,1-5,4500.0,4.59,DLF Phase 1,3,1
363,3.0,3.0,2.0,15312.0,1-5,1600.0,2.45,DLF Phase 1,3,1
364,2.0,2.0,3.0,9752.0,Under Construction,1210.0,1.18,Sector-33 Sohna,3,0
365,4.0,4.0,2.0,11111.111111111111,1-5,2205.0,2.45,Sushant Lok Phase 1,3,1
366,4.0,4.0,2.0,18136.0,1-5,2200.0,3.99,Nirvana Country,3,1
367,3.0,3.0,2.0,17315.0,1-5,1900.0,3.29,Nirvana Country,3,1
368,2.0,2.0,4.0,10648.0,1-5,1425.0,1.1,Sector 84,5,1
369,3.0,3.0,2.0,9212.962962962964,1-5,2160.0,1.99,Sushant Lok Phase 3,4,1
370,3.0,3.0,2.0,9567.901234567902,1-5,1620.0,1.55,Sushant Lok Phase 2,3,1
371,3.0,3.0,2.0,6555.0,1-5,1800.0,1.18,Sector 57,3,0
372,3.0,3.0,2.0,10493.0,0-1,1750.0,1.7,Sector 56,3,0
373,3.0,3.0,3.0,13068.0,1-5,4400.0,5.75,DLF Phase 3,3,0
374,3.0,3.0,2.0,11266.0,1-5,1500.0,1.69,Sector 57,3,1
375,3.0,3.0,2.0,11886.304909560724,1-5,1935.0,2.3,DLF Phase 2,3,1
376,3.0,3.0,2.0,8660.130718954248,1-5,1836.0,1.59,Sector 57,3,1
377,6.0,9.0,3.0,23117.28395061728,5-10,3240.0,7.49,Sector 56,3,1
378,4.0,4.0,2.0,9592.592592592591,1-5,2700.0,2.59,Sector 56,3,1
379,3.0,3.0,2.0,8986.928104575163,1-5,1836.0,1.65,Sector 57,3,1
380,3.0,3.0,2.0,8277.777777777777,1-5,1800.0,1.49,Sector 57,3,1
381,4.0,4.0,2.0,11644.444444444443,1-5,4500.0,5.24,DLF Phase 3,3,1
382,3.0,3.0,2.0,6435.185185185184,5-10,2160.0,1.39,Ardee City,3,1
383,3.0,3.0,2.0,12437.0,1-5,1600.0,1.99,DLF Phase 1,3,1
384,3.0,3.0,2.0,13833.0,1-5,1800.0,2.49,DLF Phase 1,3,1
386,3.0,3.0,2.0,9531.590413943357,1-5,1836.0,1.75,Sector 57,3,1
387,3.0,3.0,2.0,9947.0,1-5,1900.0,1.89,Sector 57,2,1
388,3.0,3.0,2.0,9259.25925925926,1-5,2430.0,2.25,Sector 57,3,1
389,4.0,4.0,2.0,9592.592592592591,1-5,2700.0,2.59,Sushant Lok Phase 2,3,1
390,4.0,4.0,2.0,11037.037037037036,1-5,2700.0,2.98,Sector 56,3,1
391,3.0,3.0,2.0,9629.62962962963,1-5,1620.0,1.56,Sushant Lok Phase 2,3,1
392,4.0,4.0,2.0,13518.518518518518,1-5,2700.0,3.65,Sushant Lok Phase 1,3,1
393,4.0,4.0,2.0,14422.222222222224,1-5,4500.0,6.49,DLF Phase 4,3,1
394,4.0,4.0,2.0,20690.0,5-10,3620.0,7.49,Sector 59,6,0
395,3.0,3.0,2.0,11516.203703703704,1-5,1728.0,1.99,Sector 52,2,1
396,4.0,4.0,2.0,10500.0,1-5,2200.0,2.31,Sector 27,3,1
397,3.0,3.0,2.0,9555.555555555557,1-5,2250.0,2.15,Sector 57,3,1
398,3.0,3.0,2.0,13034.0,1-5,1450.0,1.89,Sushant Lok Phase 3,3,1
399,3.0,3.0,2.0,9212.962962962964,1-5,2160.0,1.99,Sushant Lok Phase 3,3,1
400,3.0,3.0,2.0,9197.530864197532,1-5,1620.0,1.49,Sushant Lok Phase 3,3,1
401,3.0,3.0,2.0,10857.0,1-5,1400.0,1.52,Sector 57,3,1
402,3.0,3.0,2.0,9421.20828052387,1-5,2367.0,2.23,Sector 57,3,1
403,3.0,3.0,2.0,14651.416122004355,1-5,1836.0,2.69,Sector 57,3,1
404,4.0,4.0,2.0,9947.0,1-5,1900.0,1.89,Ardee City,3,1
405,3.0,3.0,2.0,13695.090439276486,0-1,1935.0,2.65,Sushant Lok Phase 1,3,1
406,4.0,4.0,2.0,11684.0,1-5,1900.0,2.22,Sector 57,4,1
407,3.0,3.0,2.0,10942.120828052388,1-5,2367.0,2.59,Sector 46,2,1
408,3.0,3.0,2.0,10905.349794238684,1-5,1458.0,1.59,Sushant Lok Phase 3,3,1
409,3.0,3.0,2.0,9259.25925925926,1-5,1836.0,1.7,Sector 57,3,1
410,4.0,4.0,2.0,10370.37037037037,1-5,2700.0,2.8,Sushant Lok Phase 2,3,1
411,3.0,3.0,2.0,11785.0,1-5,1400.0,1.65,Sushant Lok Phase 2,3,1
412,3.0,3.0,2.0,28715.72871572872,5-10,693.0,1.99,Sector 27,3,1
413,3.0,3.0,2.0,6909.894969596462,5-10,1809.0,1.25,Sector 56,3,1
414,4.0,4.0,2.0,10030.864197530864,1-5,3240.0,3.25,Sector 56,3,1
415,3.0,3.0,2.0,7962.962962962963,1-5,2700.0,2.15,Sector 56,3,1
416,3.0,3.0,2.0,7361.111111111111,5-10,2160.0,1.59,Ardee City,3,1
417,3.0,3.0,2.0,10594.315245478036,1-5,1935.0,2.05,Sushant Lok Phase 1,3,1
418,4.0,4.0,2.0,9767.441860465116,1-5,1935.0,1.89,Sushant Lok Phase 1,3,1
419,3.0,3.0,2.0,14516.0,0-1,1550.0,2.25,DLF Phase 1,3,1
420,3.0,3.0,2.0,10284.237726098192,1-5,1935.0,1.99,Sushant Lok Phase 1,3,1
421,4.0,4.0,2.0,9777.777777777776,1-5,2700.0,2.64,Sushant Lok Phase 3,3,1
422,3.0,4.0,4.0,11267.0,Under Construction,1420.0,1.6,Sector 79,2,1
423,3.0,3.0,3.0,26928.0,Under Construction,1374.0,3.7,Sector 63A,5,0
424,3.0,3.0,2.0,12437.0,0-1,1600.0,1.99,DLF Phase 1,3,1
425,3.0,3.0,2.0,9204.79302832244,0-1,1836.0,1.69,Sector 46,2,1
426,3.0,3.0,2.0,11357.0,0-1,1400.0,1.59,Sector 55,3,1
427,4.0,4.0,2.0,12166.0,0-1,1800.0,2.19,Sector 46,2,1
428,3.0,4.0,2.0,7370.37037037037,0-1,2700.0,1.99,Sushant Lok Phase 2,3,1
429,4.0,4.0,2.0,12318.244170096024,0-1,3645.0,4.49,DLF Phase 2,3,1
430,4.0,4.0,3.0,11388.0,1-5,1800.0,2.05,Sector 63A,3,1
431,3.0,3.0,4.0,8571.0,Under Construction,1750.0,1.5,Sector 89 A,4,1
432,3.0,4.0,4.0,8733.0,1-5,2290.0,2.0,Sector 104,6,1
433,3.0,3.0,3.0,22222.222222222223,1-5,1512.0,3.36,Sector 31,2,0
434,2.0,2.0,2.0,3663.0,Under Construction,555.0,0.2032999999999999,Sector 86,4,0
435,4.0,4.0,3.0,16250.0,0-1,1600.0,2.6,Malibu Town,2,1
436,2.0,2.0,2.0,11755.0,1-5,1276.0,1.5,Sector 113 Gurgaon,5,0
437,3.0,2.0,4.0,14000.0,Under Construction,1000.0,1.4,Sector 93,4,0
438,4.0,4.0,2.0,7806.826434277415,1-5,2754.0,2.15,Palam Vihar,2,1
439,4.0,4.0,2.0,5876.068376068376,1-5,4680.0,2.75,Ansal Plaza,2,1
440,3.0,3.0,3.0,4923.0,1-5,1950.0,0.96,Sector 90,4,1
441,4.0,4.0,2.0,13002.364066193852,0-1,4230.0,5.5,Sushant Lok Phase 1,3,1
442,3.0,3.0,2.0,6837.606837606838,10+,2340.0,1.6,Sushant Lok Phase 1,3,1
443,4.0,4.0,2.0,12227.538543328015,0-1,3762.0,4.6,Sushant Lok Phase 1,3,1
444,4.0,4.0,4.0,23997.0,1-5,2917.0,7.0,Sector 54,3,0
445,4.0,4.0,4.0,25725.0,1-5,2721.0,7.0,Sector 54,4,0
446,3.0,3.0,3.0,10789.0,1-5,1900.0,2.05,Sector 83,4,1
447,4.0,4.0,3.0,13846.0,10+,3250.0,4.5,Heritage City,3,1
448,3.0,3.0,3.0,14570.0,Under Construction,1956.0,2.85,Sector 36A,6,1
449,4.0,4.0,4.0,7428.0,1-5,3500.0,2.6,Sector 82,4,1
450,3.0,3.0,3.0,13668.0,Under Construction,1829.0,2.5,Sector 85,4,1
451,2.0,2.0,2.0,8088.0,1-5,1360.0,1.1,Sector 81,5,1
452,3.0,3.0,3.0,7396.0,1-5,1690.0,1.25,Sector 82,4,1
453,3.0,3.0,4.0,7407.0,1-5,1890.0,1.4,Sector 84,5,1
454,3.0,3.0,3.0,9221.0,1-5,1735.0,1.6,Sector 83,5,1
455,4.0,4.0,2.0,12452.0,10+,2650.0,3.3,Heritage City,3,1
456,3.0,3.0,3.0,6567.0,1-5,1340.0,0.88,Sector 83,3,1
457,3.0,3.0,1.0,9067.0,1-5,1930.0,1.75,Sector 86,4,1
458,4.0,4.0,4.0,15692.0,10+,3250.0,5.1,Heritage City,3,1
459,3.0,3.0,2.0,17692.0,5-10,1332.0,2.3,DLF Phase 5,4,1
460,4.0,4.0,3.0,16211.0,0-1,2159.0,3.5,Sector 65,3,0
461,2.0,2.0,3.0,8910.0,1-5,1515.0,1.35,Sector 67A,4,1
462,3.0,3.0,2.0,22368.0,1-5,1900.0,4.25,Sector 54,3,1
463,2.0,2.0,2.0,13798.0,Under Construction,1377.0,1.9,Sector 106,5,0
464,3.0,3.0,3.0,10803.0,Under Construction,2129.0,2.3,Sector 85,4,1
465,3.0,3.0,2.0,11666.0,1-5,2700.0,3.15,Sushant Lok,1,1
466,3.0,4.0,4.0,13095.0,1-5,2100.0,2.75,Sector 81,5,0
467,4.0,4.0,4.0,12564.0,1-5,2308.0,2.9,Sector 82A,4,0
468,4.0,4.0,2.0,12222.0,1-5,2700.0,3.3,Sushant Lok,1,1
469,1.0,1.0,1.0,28000.0,1-5,450.0,1.26,Sushant Lok Phase 1,3,1
470,1.0,1.0,1.0,24000.0,0-1,1000.0,2.4,DLF Phase 3,3,1
471,3.0,3.0,3.0,9057.971014492754,0-1,1656.0,1.5,Sector 48,5,1
472,3.0,2.0,1.0,22000.0,1-5,1690.0,3.718,Sector 86,2,1
473,3.0,3.0,2.0,8600.0,1-5,2000.0,1.72,Sushant Lok Phase 1,3,1
474,3.0,4.0,2.0,12765.0,5-10,1645.0,2.1,Sector 43,3,1
475,4.0,4.0,4.0,23571.0,1-5,4200.0,9.9,Sector 54,3,0
476,4.0,6.0,2.0,22151.0,1-5,3160.0,7.0,Sector 54,6,0
477,3.0,3.0,2.0,8432.0,Under Construction,1423.0,1.2,Sector 89,4,0
478,2.0,2.0,3.0,9230.0,0-1,1350.0,1.2,Sector 70,3,1
479,3.0,3.0,4.0,21788.0,Under Construction,1331.0,2.9,Sector 63A,5,0
480,3.0,3.0,3.0,14166.0,1-5,1800.0,2.55,Sector 63,6,0
481,2.0,2.0,1.0,6043.0,1-5,546.0,0.33,Sector 107,1,1
482,1.0,1.0,1.0,25000.0,1-5,750.0,1.875,Sushant Lok Phase 1,3,1
483,3.0,3.0,3.0,9548.0,0-1,1728.0,1.65,Sector 48,5,1
484,4.0,4.0,4.0,11111.0,0-1,3420.0,3.8,Sector 63,1,1
485,4.0,5.0,4.0,10802.0,0-1,3240.0,3.5,South City 2,3,1
486,4.0,4.0,4.0,12130.0,5-10,2061.0,2.5,Sector 49,3,1
487,4.0,4.0,4.0,19174.0,5-10,3390.0,6.5,Sector 53,4,0
488,4.0,4.0,2.0,13703.703703703704,1-5,2700.0,3.7,Sushant Lok Phase 1,3,1
489,2.0,2.0,3.0,9958.0,Under Construction,1215.0,1.21,Sector 102,4,1
490,3.0,4.0,3.0,11064.0,1-5,1889.0,2.09,Sector 102,4,1
491,4.0,5.0,4.0,9693.0,1-5,3198.0,3.1,Sector 102,4,1
492,3.0,3.0,3.0,10745.0,0-1,1852.0,1.99,Sector 102,4,1
493,3.0,3.0,2.0,15238.0,10+,1575.0,2.4,Sector 54,3,1
494,3.0,2.0,2.0,17058.0,5-10,1700.0,2.9,Sector 54,3,1
495,3.0,3.0,2.0,8189.0,0-1,2259.0,1.85,Sector 67,3,0
496,4.0,4.0,2.0,9615.0,0-1,3240.0,2.5,Sector 48,2,0
497,3.0,3.0,2.0,11935.0,0-1,1764.0,1.85,Malibu Town,2,0
498,8.0,8.0,2.0,31986.531986531987,5-10,594.0,1.9,Sushant Lok Phase 1,3,1
499,3.0,3.0,3.0,16783.0,1-5,2145.0,3.6,Sector 72,3,0
500,1.0,1.0,2.0,5428.0,1-5,350.0,0.19,Sector 107,4,1
501,3.0,4.0,2.0,12037.037037037036,0-1,2700.0,3.25,Sushant Lok Phase 1,3,1
502,3.0,3.0,2.0,7018.0,1-5,1496.0,1.05,Sector 45,2,1
503,3.0,3.0,3.0,31000.0,0-1,1500.0,4.65,Sector 67,3,0
504,2.0,2.0,2.0,11000.0,0-1,594.0,0.6534,Sector 99,4,0
505,3.0,3.0,2.0,10902.0,0-1,2293.0,2.5,Sector 46,2,1
506,4.0,5.0,4.0,30864.1975308642,5-10,3240.0,10.0,Nirvana Country,3,0
507,3.0,3.0,2.0,11308.0,0-1,1636.0,1.85,Sector 52,2,1
508,4.0,4.0,2.0,14285.0,0-1,2100.0,3.0,Sector 47,2,1
509,4.0,4.0,2.0,10357.0,Under Construction,2800.0,2.9,Sector 52,2,1
510,2.0,2.0,3.0,19000.0,0-1,915.0,1.7385,Sector 102,4,1
511,3.0,2.0,4.0,3961.0,1-5,1565.0,0.62,Sector 92,1,1
512,3.0,3.0,3.0,3841.0,1-5,1770.0,0.68,Sector 92,1,1
513,4.0,4.0,4.0,19062.0,1-5,2606.0,3.05,Sector 82A,4,0
514,3.0,3.0,2.0,8800.0,1-5,1250.0,1.1,Sector 56,3,1
515,4.0,5.0,3.0,10000.0,0-1,2400.0,2.4,Sector 57,3,1
516,4.0,4.0,2.0,6296.2962962962965,0-1,2700.0,1.7,Sector 67A,5,0
517,3.0,3.0,3.0,15227.0,1-5,2200.0,3.35,Sector 66,4,1
518,2.0,2.0,4.0,6222.0,1-5,1366.0,0.85,Sector 107,2,0
519,4.0,4.0,2.0,14912.0,0-1,2850.0,4.25,Sector 54,3,1
520,4.0,4.0,2.0,18214.0,0-1,2800.0,5.1,Sector 54,3,1
521,4.0,4.0,2.0,17857.0,0-1,3500.0,6.25,Sector 54,3,1
522,4.0,4.0,4.0,15714.0,0-1,2000.0,2.75,Sector 65,2,0
523,4.0,4.0,4.0,15468.0,1-5,3297.0,5.1,Sector 67,4,0
524,4.0,4.0,3.0,12919.896640826872,0-1,2322.0,3.0,Sector 50,3,1
525,4.0,4.0,3.0,11627.906976744183,0-1,2322.0,2.7,Sector 49,2,1
526,3.0,4.0,3.0,5600.0,1-5,1875.0,1.05,Sector 90,4,1
527,3.0,3.0,2.0,13000.0,0-1,2000.0,2.6,Sector 46,2,1
528,3.0,3.0,2.0,12187.0,0-1,1600.0,1.95,South City 1,3,1
529,4.0,4.0,2.0,7634.827810266407,1-5,3078.0,2.35,Sector 22,2,1
530,4.0,5.0,2.0,6602.564102564103,1-5,4680.0,3.09,Palam Vihar,2,1
531,4.0,3.0,2.0,10905.349794238684,1-5,2430.0,2.65,Palam Vihar,2,1
532,4.0,5.0,2.0,6581.196581196581,1-5,4680.0,3.08,Palam Vihar,2,1
533,4.0,5.0,2.0,7674.418604651164,1-5,3870.0,2.97,Palam Vihar,2,1
534,3.0,3.0,4.0,10583.0,0-1,1852.0,1.96,Sector 102,4,1
535,4.0,5.0,4.0,22631.0,1-5,2905.0,4.3,Sector 72,3,0
536,2.0,2.0,4.0,10087.0,0-1,1368.0,1.38,Sector 102,4,1
537,3.0,4.0,4.0,10000.0,1-5,2450.0,2.45,Sector 104,6,1
538,3.0,4.0,3.0,31000.0,1-5,1889.0,5.8559,Sector 102,4,1
539,4.0,5.0,4.0,9224.0,1-5,3198.0,2.95,Sector 102,4,1
540,2.0,2.0,3.0,23000.0,0-1,1215.0,2.7945,Sector 102,4,1
541,3.0,4.0,3.0,25416.0,5-10,2282.0,5.8,Sector 54,4,1
542,4.0,5.0,3.0,22950.0,1-5,3300.0,5.15,Sector 72,3,0
543,3.0,2.0,3.0,4671.0,1-5,1370.0,0.64,Sector 92,3,1
544,2.0,2.0,3.0,3863.0,1-5,1320.0,0.51,Sector 92,1,1
545,3.0,3.0,3.0,10303.0,0-1,1650.0,1.7,Sector 70A,6,1
546,5.0,5.0,4.0,8891.0,1-5,3880.0,3.45,Sector 110,6,1
547,3.0,3.0,2.0,9565.217391304348,1-5,2070.0,1.98,Malibu Town,2,1
548,4.0,4.0,2.0,8641.975308641975,1-5,3240.0,2.8,Palam Vihar,2,1
549,2.0,2.0,3.0,20520.0,1-5,1470.0,2.05,Sector 67,4,0
550,2.0,2.0,4.0,27000.0,0-1,1368.0,3.6936,Sector 102,4,1
551,2.0,2.0,3.0,10229.0,0-1,1349.0,1.38,Sector 102,4,1
552,3.0,4.0,3.0,30000.0,1-5,1889.0,5.667,Sector 102,4,1
553,3.0,4.0,3.0,29000.0,1-5,1889.0,5.4781,Sector 102,4,1
554,3.0,3.0,2.0,15294.0,0-1,1700.0,2.6,Nirvana Country,3,1
555,3.0,3.0,2.0,10937.0,0-1,1600.0,1.75,South City 2,3,1
556,2.0,2.0,3.0,30000.0,1-5,1200.0,3.6,Sushant Lok Phase 1,2,1
557,2.0,2.0,2.0,12539.0,1-5,1276.0,1.6,Sector 113 Gurgaon,5,0
558,4.0,4.0,3.0,10389.0,0-1,3465.0,3.6,Sector 49,2,1
559,3.0,3.0,2.0,9595.0,0-1,1980.0,1.9,Sector 50,3,1
560,4.0,4.0,3.0,14285.0,0-1,1680.0,2.4,Uppals Southend,2,1
561,4.0,4.0,3.0,15123.0,0-1,1620.0,2.45,Uppals Southend,2,1
562,3.0,3.0,2.0,9722.0,0-1,1800.0,1.75,Sector 54,3,1
563,3.0,3.0,2.0,9090.0,0-1,2200.0,2.0,Sector 56,3,1
564,3.0,3.0,2.0,10833.0,0-1,1800.0,1.95,Sector 42,3,1
565,3.0,3.0,2.0,10000.0,0-1,1800.0,1.8,Sector 57,3,1
566,3.0,3.0,2.0,10000.0,0-1,2250.0,2.25,Sector 43,3,1
567,3.0,3.0,2.0,9953.703703703704,0-1,2160.0,2.15,Sushant Lok Phase 1,3,1
568,2.0,2.0,2.0,15000.0,0-1,644.0,0.966,Sector 37D,5,1
569,3.0,3.0,3.0,14354.0,Under Construction,1470.0,2.11,Sector 63A,5,1
570,2.0,2.0,2.0,11686.0,Under Construction,1198.0,1.4,Sector 102,4,0
571,2.0,2.0,1.0,10152.0,0-1,591.0,0.6,Sector 67A,2,1
572,3.0,3.0,4.0,12121.0,Under Construction,1650.0,2.0,Sector 113 Gurgaon,5,0
573,4.0,4.0,4.0,13666.0,0-1,3000.0,4.1,Nirvana Country,3,0
574,3.0,3.0,2.0,10000.0,0-1,2250.0,1.8,Sector 67,3,0
575,3.0,3.0,2.0,10625.0,1-5,1600.0,1.7,Sector 50,3,1
576,3.0,3.0,3.0,16030.0,1-5,2588.0,4.15,Sector 62,5,0
577,5.0,4.0,4.0,27777.777777777777,1-5,3600.0,10.0,Sector 109,6,0
578,3.0,3.0,2.0,8800.0,Under Construction,2250.0,1.98,Sector 37D,1,0
579,3.0,3.0,2.0,4561.0,Under Construction,2850.0,1.25,Sector 95,1,1
580,2.0,2.0,1.0,10033.0,0-1,598.0,0.6,Sector 67A,2,1
581,3.0,4.0,2.0,8766.0,1-5,1743.0,1.35,Sector 71,5,1
582,4.0,4.0,2.0,10681.0,0-1,2200.0,2.35,Sector 50,3,1
583,3.0,3.0,2.0,12000.0,0-1,1700.0,2.04,South City 2,3,1
584,4.0,4.0,3.0,13055.0,0-1,1800.0,2.35,Malibu Town,2,1
585,4.0,3.0,2.0,10756.0,0-1,1850.0,1.99,Mayfield Garden,3,1
586,3.0,3.0,2.0,10421.0,0-1,1900.0,1.98,Mayfield Garden,3,1
587,4.0,4.0,2.0,14047.0,0-1,2100.0,2.95,Sector 47,2,1
588,2.0,2.0,1.0,29000.0,1-5,600.0,1.74,Sector 71,6,1
589,3.0,2.0,3.0,18822.0,0-1,1692.0,1.93,Sector 102,4,0
590,4.0,4.0,2.0,21399.17695473251,0-1,2430.0,5.2,DLF Phase 1,3,1
591,3.0,3.0,2.0,8269.0,0-1,2600.0,2.15,Sector 56,3,1
592,3.0,3.0,2.0,6730.0,0-1,2600.0,1.75,Sushant Lok Phase 1,3,1
593,3.0,3.0,2.0,10384.0,0-1,2600.0,2.7,Sector 55,3,1
594,4.0,4.0,3.0,24166.0,0-1,3000.0,7.25,Sector 48,3,1
595,3.0,3.0,3.0,11600.0,0-1,2500.0,2.9,Rosewood,3,1
596,4.0,5.0,2.0,14090.0,0-1,3300.0,4.65,Sector 54,3,1
597,3.0,3.0,2.0,10000.0,10+,2100.0,2.1,Sector 54,3,1
598,4.0,4.0,3.0,13437.0,10+,3200.0,4.3,Suncity,2,0
599,4.0,4.0,2.0,7777.777777777777,1-5,3240.0,2.52,Palam Vihar,2,1
600,3.0,3.0,3.0,7896.0,0-1,1811.0,1.43,Sector 37D,4,1
601,3.0,3.0,2.0,13504.0,5-10,1935.0,2.1,Sushant Lok Phase 1,3,1
602,3.0,3.0,3.0,16843.0,1-5,3117.0,5.25,Sector 65,5,0
603,3.0,3.0,3.0,15528.0,Under Construction,2588.0,4.02,Sector 62,5,0
604,2.0,2.0,2.0,13923.0,Under Construction,1508.0,2.1,Sector 62,5,0
605,3.0,3.0,2.0,11891.0,0-1,2160.0,2.2,Malibu Town,2,0
606,3.0,5.0,4.0,21571.0,1-5,4010.0,8.65,Sector 65,4,0
607,2.0,2.0,3.0,9347.0,1-5,1350.0,0.945,Sector 88B,3,0
608,3.0,3.0,4.0,8999.0,1-5,1685.0,1.52,Sector 99,4,0
609,2.0,2.0,2.0,8641.0,Under Construction,1701.0,1.47,Sector 63A,5,0
610,2.0,2.0,3.0,9372.0,Under Construction,1099.0,1.03,Sector 104,5,0
611,3.0,3.0,3.0,8609.0,Under Construction,2114.0,1.82,Sector 63A,5,0
612,2.0,2.0,2.0,6365.0,Under Construction,1190.0,0.7975,Sector 92,4,0
613,2.0,2.0,2.0,5000.0,Under Construction,640.0,0.32,Sector 90,5,0
614,2.0,2.0,3.0,7783.0,Under Construction,1585.0,0.8632,Sector 92,4,0
615,2.0,2.0,1.0,7731.958762886598,Under Construction,582.0,0.45,Sector 76,3,1
616,3.0,2.0,3.0,9613.0,Under Construction,1386.0,0.9325,Sector 92,4,0
617,2.0,2.0,2.0,5837.0,Under Construction,651.0,0.38,Sector 108,5,0
618,3.0,3.0,3.0,23333.0,Under Construction,1500.0,3.5,Sector 63A,5,0
619,4.0,5.0,3.0,12857.0,1-5,3850.0,4.95,Sector 53,2,0
620,3.0,4.0,4.0,8620.0,1-5,2122.0,1.1,Sohna,2,0
621,2.0,2.0,1.0,15261.0,1-5,1245.0,1.9,Sector 53,2,0
622,3.0,5.0,3.0,16414.0,1-5,1980.0,3.25,Sector 53,2,0
623,3.0,4.0,3.0,12962.0,1-5,2974.0,3.5,Sector 59,4,0
624,3.0,3.0,2.0,13677.0,0-1,2367.0,2.12,Sector 23,2,1
625,3.0,3.0,2.0,13600.0,0-1,1836.0,1.7,Sector 23,2,1
626,3.0,3.0,2.0,8618.0,1-5,2808.0,2.42,Palam Vihar,3,1
627,3.0,3.0,2.0,18190.0,1-5,1727.0,1.85,Sector 67A,4,0
628,2.0,2.0,3.0,16097.0,Under Construction,1261.0,1.65,Sector 65,5,0
629,4.0,6.0,3.0,18000.0,1-5,2850.0,4.5,Sector 60,5,0
630,4.0,4.0,4.0,17433.0,0-1,2868.0,5.0,Sector 54,3,0
631,3.0,3.0,3.0,7514.0,5-10,1943.0,1.46,Sector 107,2,1
632,4.0,4.0,3.0,18750.0,1-5,2800.0,5.25,DLF Phase 5,3,0
633,4.0,4.0,4.0,18750.0,1-5,2850.0,5.25,DLF Phase 5,3,0
634,3.0,3.0,4.0,11540.0,10+,1863.0,2.15,Sector 50,3,0
635,4.0,6.0,3.0,20454.0,10+,3300.0,6.75,Sector 54,4,1
636,4.0,4.0,3.0,10757.86769428388,Under Construction,3114.0,3.35,Sector 51,3,1
637,4.0,4.0,4.0,18848.0,5-10,3979.0,7.5,DLF Phase 5,5,0
638,4.0,4.0,2.0,9206.0,1-5,3150.0,2.9,Sector 65,6,1
639,4.0,4.0,3.0,26234.0,1-5,1620.0,4.25,South City 1,3,1
640,2.0,2.0,3.0,12880.0,Under Construction,1250.0,1.61,Sector 65,5,1
641,5.0,5.0,3.0,8523.866827115924,0-1,4986.0,4.25,Malibu Town,2,0
642,3.0,4.0,3.0,11132.0,5-10,2560.0,2.85,Sector 48,2,0
643,3.0,5.0,4.0,17469.0,1-5,2719.0,5.45,Sector 48,5,0
644,4.0,4.0,4.0,24166.0,1-5,3931.0,9.4996546,Sector 48,5,0
645,2.0,2.0,1.0,15000.0,1-5,603.0,0.9045,Sector 70A,4,1
646,2.0,2.0,1.0,6857.0,1-5,700.0,0.48,Sector 70A,4,1
647,2.0,2.0,1.0,16000.0,1-5,700.0,1.12,Sector 70A,4,1
648,2.0,2.0,1.0,23000.0,0-1,700.0,1.61,Sector 67A,2,1
649,4.0,5.0,2.0,7716.049382716049,1-5,3240.0,2.5,Palam Vihar,2,1
650,4.0,4.0,3.0,6901.709401709401,1-5,4680.0,3.23,Palam Vihar,2,1
651,4.0,4.0,2.0,7051.282051282052,1-5,4680.0,3.3,Palam Vihar,2,1
652,3.0,3.0,2.0,8106.9958847736625,1-5,2430.0,1.97,Palam Vihar,2,1
653,3.0,3.0,2.0,8971.19341563786,1-5,2430.0,2.18,Palam Vihar,2,1
654,3.0,3.0,2.0,6818.0,1-5,2200.0,1.5,Sector 4,2,0
655,4.0,4.0,4.0,22222.222222222223,5-10,2430.0,5.4,Palam Vihar,2,1
656,4.0,4.0,3.0,6388.88888888889,1-5,4680.0,2.99,Palam Vihar,2,1
657,4.0,4.0,3.0,6517.0940170940175,1-5,4680.0,3.05,Palam Vihar,2,1
658,3.0,3.0,2.0,8564.814814814816,1-5,2160.0,1.85,Palam Vihar,2,1
659,4.0,4.0,2.0,8024.691358024691,1-5,3240.0,2.6,Palam Vihar,2,1
660,4.0,4.0,3.0,8086.419753086419,1-5,3240.0,2.62,Palam Vihar,2,1
661,4.0,4.0,3.0,7281.983178397521,1-5,4518.0,3.29,Sector 23,2,1
662,4.0,4.0,3.0,7993.827160493827,1-5,3240.0,2.59,Palam Vihar,2,1
663,4.0,4.0,2.0,8024.691358024691,1-5,3240.0,2.6,Palam Vihar,2,1
664,4.0,4.0,2.0,8055.555555555556,1-5,3240.0,2.61,Palam Vihar,2,1
665,3.0,3.0,2.0,9465.020576131688,1-5,2430.0,2.3,Palam Vihar,3,1
666,3.0,4.0,4.0,12212.0,1-5,1760.0,1.38,Sector 106,6,0
667,3.0,4.0,2.0,10702.0,0-1,1850.0,1.98,Sector 45,3,1
668,3.0,3.0,3.0,7500.0,5-10,1800.0,1.35,Sector 56,3,0
669,4.0,5.0,3.0,10925.925925925923,0-1,2700.0,2.95,Sushant Lok Phase 1,3,1
670,3.0,3.0,2.0,7393.32488381918,1-5,2367.0,1.75,Sector 45,3,1
671,2.0,2.0,2.0,11065.0,5-10,1446.0,1.6,Sector 57,1,0
672,4.0,4.0,3.0,17824.074074074073,1-5,2160.0,3.85,Sector 82,2,0
673,4.0,4.0,4.0,10370.37037037037,1-5,2700.0,2.8,DLF Phase 2,2,0
674,4.0,4.0,3.0,17851.0,Under Construction,4550.0,8.122205,Sector 65,5,0
675,3.0,3.0,4.0,8856.0,1-5,1976.0,1.75,Sector 70A,0,1
676,3.0,3.0,4.0,8147.0,1-5,1976.0,1.61,Sector 70A,1,1
677,4.0,4.0,4.0,4920.6349206349205,5-10,3150.0,1.55,Sector 70A,6,1
678,3.0,3.0,4.0,8350.0,1-5,1976.0,1.65,Sector 70A,0,1
679,3.0,3.0,2.0,8592.592592592593,0-1,2700.0,2.32,Sector 57,3,1
680,3.0,3.0,3.0,14952.0,Under Construction,2230.0,3.33,Sector 15 Part 2,3,0
681,3.0,4.0,4.0,14482.0,1-5,2150.0,1.89,Sector 79,3,0
682,4.0,4.0,4.0,18750.0,0-1,3850.0,6.0,Sector 72,3,0
683,3.0,3.0,3.0,9491.0,0-1,1877.0,1.4,Sector 37D,4,0
684,3.0,3.0,3.0,12642.0,Under Construction,1929.0,1.76,Sector-33 Sohna,4,1
685,3.0,3.0,4.0,12629.0,Under Construction,2217.0,2.8,Sector 113 Gurgaon,5,1
686,3.0,3.0,4.0,12263.0,Under Construction,2691.0,3.3,Sector 113 Gurgaon,5,1
687,4.0,3.0,4.0,7754.0,0-1,2191.0,1.68,Sector 37D,4,0
688,3.0,3.0,4.0,11020.0,5-10,2450.0,2.7,Sector 43,3,0
689,3.0,3.0,2.0,15555.0,1-5,2250.0,3.5,DLF Phase 2,3,1
690,4.0,4.0,4.0,10948.0,5-10,2329.0,2.55,Sector 48,5,0
691,3.0,3.0,4.0,16136.0,0-1,2200.0,3.55,Sector 66,6,0
692,3.0,4.0,4.0,17187.0,0-1,2033.0,2.75,Sector 49,3,0
693,3.0,4.0,2.0,19055.0,0-1,2072.0,3.6,Sector 108,5,0
694,3.0,4.0,4.0,12903.0,1-5,1860.0,2.4,Sector 48,4,0
695,3.0,3.0,4.0,12012.0,0-1,1665.0,2.0,Sector 48,4,0
696,2.0,2.0,2.0,13017.031630170315,Under Construction,822.0,1.07,Sector-33 Sohna,4,0
697,4.0,5.0,2.0,8400.0,1-5,5000.0,4.2,Sushant Lok Phase 2,3,1
698,3.0,4.0,3.0,11472.0,1-5,2092.0,2.48,Sector 81,5,0
699,4.0,4.0,4.0,11492.0,5-10,2567.0,2.95,Sector 48,5,1
700,4.0,4.0,4.0,13769.0,0-1,2905.0,4.0,Sector 72,3,0
701,3.0,3.0,3.0,16558.0,Under Construction,1976.0,2.55,Sector 36A,6,0
702,2.0,2.0,4.0,17428.0,Under Construction,1479.0,1.95,Sector 36A,6,0
703,3.0,3.0,4.0,16177.0,Under Construction,2538.0,3.2,Sector 36A,4,0
704,4.0,4.0,4.0,5924.0,1-5,2920.0,2.25,Sector 51,2,0
705,3.0,4.0,4.0,15174.0,0-1,2781.0,4.22,Sector 22,6,1
706,3.0,3.0,3.0,9528.0,1-5,1889.0,1.8,Sector 102,4,1
707,3.0,3.0,3.0,6397.0,10+,1485.0,0.95,Valley View Estate,2,1
708,5.0,4.0,3.0,26345.933562428407,5-10,1746.0,4.6,Malibu Town,2,1
709,3.0,3.0,3.0,7614.0,0-1,1970.0,1.5,Sector 99,3,0
710,2.0,2.0,3.0,8064.0,Under Construction,1550.0,1.25,Sector 99A,5,0
711,2.0,2.0,1.0,25000.0,0-1,690.0,1.725,Sector 90,3,1
712,4.0,4.0,2.0,6238.38598354128,Under Construction,3767.0,2.35,Sector 84,4,0
713,3.0,3.0,3.0,7511.0,0-1,1997.0,1.5,Sector 99A,5,0
714,3.0,3.0,2.0,9813.0,Under Construction,1875.0,1.84,Sector 103,6,1
715,2.0,2.0,3.0,20000.0,0-1,596.0,1.192,Sector 37D,5,1
716,2.0,2.0,1.0,23000.0,1-5,591.0,1.3593,Sector 67A,2,1
717,2.0,2.0,1.0,30000.0,1-5,800.0,2.4,Sector 67,3,1
718,2.0,3.0,3.0,7000.0,1-5,1500.0,1.05,Sector 71,5,0
719,2.0,2.0,1.0,22500.0,1-5,800.0,1.8,Sector 67,3,1
720,2.0,2.0,3.0,13700.0,0-1,596.0,0.81652,Sector 37D,5,1
721,2.0,2.0,3.0,20000.0,0-1,585.0,1.17,Sector 37D,5,1
722,2.0,2.0,1.0,6875.0,1-5,800.0,0.55,Sector 67,3,1
723,2.0,2.0,1.0,21100.0,1-5,800.0,1.688,Sector 67,3,1
724,2.0,2.0,1.0,21000.0,1-5,800.0,1.68,Sector 67,3,1
725,2.0,2.0,1.0,21150.0,1-5,800.0,1.692,Sector 67,3,1
726,3.0,3.0,2.0,9875.0,10+,1367.0,1.45,Sector 56,3,0
727,3.0,3.0,3.0,8235.0,0-1,1700.0,1.4,Sector 37D,4,0
728,2.0,2.0,2.0,7083.0,1-5,1200.0,0.85,Sector 71,5,0
729,3.0,3.0,2.0,7780.0,1-5,1929.0,1.5,Sector 86,4,0
730,2.0,2.0,1.0,32000.0,0-1,591.0,1.8912,Sector 67A,2,1
731,2.0,2.0,1.0,23000.0,1-5,800.0,1.84,Sector 67,3,1
732,4.0,4.0,4.0,9875.0,10+,2734.0,2.7,Sector 28,3,1
733,4.0,6.0,4.0,7608.0,1-5,2764.0,1.75,Sector 37C,4,1
734,2.0,2.0,1.0,32000.0,1-5,598.0,1.9136,Sector 67A,2,1
735,1.0,1.0,1.0,10000.0,5-10,220.0,0.22,Sector 67,4,0
736,2.0,2.0,2.0,20000.0,5-10,1539.0,3.078,Sector 56,3,1
737,2.0,2.0,2.0,10416.0,1-5,1296.0,1.35,Sector 67A,4,1
738,2.0,2.0,1.0,25000.0,1-5,639.0,1.5975,Sector 71,6,1
739,4.0,4.0,3.0,19407.40740740741,0-1,2700.0,5.24,DLF Phase 3,3,1
740,2.0,2.0,2.0,25000.0,1-5,591.0,1.4775,Sector 67A,2,1
741,2.0,3.0,3.0,7466.0,1-5,1500.0,1.12,Sector 71,5,0
742,2.0,2.0,1.0,5083.0,1-5,1200.0,0.61,Sector 67A,2,1
743,3.0,3.0,3.0,6975.0,1-5,1620.0,1.13,Sector 71,5,1
744,2.0,2.0,1.0,4875.0,0-1,1200.0,0.585,Sector 67A,2,1
745,2.0,2.0,1.0,24000.0,1-5,591.0,1.4184,Sector 67A,2,1
746,2.0,2.0,2.0,7250.0,1-5,1200.0,0.87,Sector 71,5,0
747,2.0,3.0,3.0,7133.0,1-5,1500.0,1.07,Sector 71,5,0
748,4.0,4.0,4.0,5201.0,1-5,4710.0,2.45,Sector 71,5,0
749,2.0,2.0,1.0,26000.0,1-5,800.0,2.08,Sector 67,3,1
750,2.0,2.0,1.0,23000.0,1-5,579.0,1.3317,Sector 67A,2,1
751,4.0,4.0,4.0,5307.0,1-5,4710.0,2.5,Sector 71,5,0
752,2.0,2.0,2.0,7333.0,1-5,1200.0,0.88,Sector 71,5,0
753,3.0,3.0,3.0,7098.0,1-5,1620.0,1.15,Sector 71,5,0
754,4.0,4.0,3.0,5957.0,1-5,2350.0,1.4,Sector 71,5,0
755,4.0,4.0,3.0,6170.0,1-5,2350.0,1.45,Sector 71,5,0
756,4.0,4.0,3.0,6808.0,1-5,2350.0,1.6,Sector 71,5,0
757,4.0,4.0,3.0,6425.0,1-5,2350.0,1.51,Sector 71,5,0
758,4.0,3.0,3.0,6468.0,1-5,2350.0,1.52,Sector 71,5,0
759,4.0,3.0,3.0,6340.0,1-5,2350.0,1.49,Sector 71,5,0
760,4.0,3.0,3.0,6382.0,1-5,2350.0,1.5,Sector 71,5,0
761,2.0,2.0,1.0,21000.0,1-5,800.0,1.68,Sector 67,3,1
762,2.0,2.0,1.0,6875.0,1-5,800.0,0.55,Sector 67,3,1
763,2.0,2.0,1.0,24000.0,1-5,800.0,1.92,Sector 67,3,0
764,4.0,4.0,3.0,15814.0,10+,2719.0,4.3,DLF Phase 4,2,0
765,2.0,2.0,1.0,21000.0,1-5,800.0,1.68,Sector 67,3,1
766,2.0,2.0,1.0,4750.0,0-1,1200.0,0.57,Sector 67A,2,1
767,2.0,2.0,1.0,5016.0,0-1,1200.0,0.602,Sector 67A,2,1
768,2.0,2.0,1.0,4983.0,0-1,1200.0,0.598,Sector 67A,2,1
769,2.0,2.0,1.0,5416.0,1-5,1200.0,0.65,Sector 67A,2,1
770,2.0,2.0,1.0,4958.0,1-5,1200.0,0.595,Sector 67A,2,1
771,2.0,2.0,1.0,23000.0,1-5,591.0,1.3593,Sector 67A,2,1
772,2.0,2.0,1.0,22000.0,1-5,591.0,1.3002,Sector 67A,2,1
773,2.0,2.0,1.0,24700.0,1-5,591.0,1.45977,Sector 67A,2,1
774,2.0,2.0,1.0,25500.0,1-5,591.0,1.50705,Sector 67A,2,1
775,2.0,2.0,1.0,30000.0,1-5,800.0,2.4,Sector 67,3,1
776,4.0,4.0,2.0,25500.0,0-1,1750.0,4.4625,Sector 92,1,1
777,2.0,2.0,3.0,7368.0,Under Construction,1425.0,1.05,Sohna,2,0
778,3.0,4.0,4.0,15454.0,5-10,2895.0,3.4,Sector 53,4,0
779,3.0,4.0,4.0,13816.0,5-10,2895.0,4.0,Sector 53,4,1
780,3.0,4.0,4.0,15544.0,0-1,2895.0,4.5,Sector 53,4,1
781,4.0,4.0,3.0,17241.0,5-10,2610.0,4.5,DLF Phase 5,3,0
782,3.0,4.0,4.0,17352.0,1-5,3400.0,5.9,Sector 53,4,0
783,3.0,3.0,4.0,12045.0,0-1,2092.0,2.52,Sector 82A,4,0
784,3.0,4.0,4.0,10516.0,0-1,2092.0,2.25,Sector 81,5,0
785,4.0,4.0,4.0,10038.0,0-1,2606.0,3.05,Sector 82A,4,0
786,4.0,4.0,3.0,5185.0,1-5,1890.0,0.98,Sector 92,1,1
787,2.0,3.0,2.0,11183.0,1-5,1386.0,1.55,Sector 61,5,1
788,3.0,4.0,4.0,11834.0,5-10,1859.0,2.2,Sector 49,4,1
789,3.0,3.0,3.0,4051.0,0-1,2024.0,0.82,Sector 1,1,1
790,4.0,4.0,4.0,10907.0,5-10,2567.0,2.8,Sector 48,5,1
791,3.0,2.0,2.0,19000.0,1-5,1532.0,2.9108,Sector 92,1,1
792,3.0,4.0,2.0,15868.0,0-1,1960.0,1.7,Sector 79,5,1
793,3.0,4.0,3.0,13915.243516761544,Under Construction,1581.0,2.2,Sector 85,4,0
794,3.0,3.0,1.0,8553.0,1-5,1929.0,1.65,Sector 86,4,0
795,3.0,4.0,4.0,8921.0,5-10,2410.0,2.15,Sector 48,2,1
796,2.0,2.0,3.0,9655.0,Under Construction,1450.0,1.4,Sector 85,4,0
797,3.0,3.0,1.0,14608.0,1-5,1929.0,1.68,Sector 86,4,0
798,3.0,3.0,1.0,13750.0,1-5,1930.0,1.76,Sector 86,4,1
799,4.0,4.0,3.0,12962.0,1-5,3240.0,4.2,Sector 82,2,1
800,4.0,4.0,3.0,16975.0,1-5,3240.0,5.5,Sector 82,0,1
801,4.0,4.0,4.0,11102.0,5-10,2567.0,2.85,Sector 48,5,1
802,2.0,2.0,2.0,11118.0,0-1,1484.0,1.65,Sector 67A,4,1
803,4.0,4.0,2.0,12306.610407876233,0-1,2844.0,3.5,DLF Phase 3,3,0
804,4.0,4.0,2.0,9236.0,1-5,3681.0,3.4,Rosewood,3,0
805,4.0,5.0,2.0,12222.0,0-1,4500.0,5.5,Sector 54,3,0
806,4.0,4.0,2.0,12962.0,0-1,3240.0,4.2,DLF Phase 4,3,0
807,4.0,4.0,2.0,11764.0,1-5,4500.0,4.0,South City 2,3,0
808,4.0,4.0,2.0,11290.0,1-5,4000.0,3.5,Sector 56,3,0
809,4.0,4.0,2.0,11000.0,1-5,2800.0,2.2,Uppals Southend,2,0
810,4.0,4.0,4.0,10846.0,Under Construction,2600.0,2.82,Sector 85,4,1
811,4.0,4.0,4.0,16000.0,1-5,3500.0,5.6,DLF Phase 2,0,0
812,2.0,2.0,2.0,10578.0,1-5,501.0,0.53,Sector 70A,4,1
813,2.0,2.0,3.0,8518.0,0-1,1350.0,1.15,Sector 70,3,1
814,4.0,5.0,4.0,10937.0,10+,3200.0,3.5,Sector 28,3,0
815,4.0,4.0,4.0,9515.0,10+,2890.0,2.75,Sector 28,3,0
816,3.0,3.0,2.0,10000.0,1-5,2400.0,2.2,Sector 55,3,0
817,3.0,3.0,2.0,10454.0,1-5,2200.0,2.3,Rosewood,3,0
818,4.0,4.0,2.0,8800.0,1-5,2500.0,2.2,Mayfield Garden,3,0
819,3.0,5.0,3.0,8307.0,0-1,1950.0,1.62,Sector 70,3,0
820,3.0,3.0,4.0,9955.0,5-10,1930.0,1.55,Sector 86,5,0
821,3.0,4.0,4.0,9294.0,5-10,1930.0,1.45,Sector 86,5,0
822,4.0,4.0,2.0,9565.0,1-5,3450.0,3.3,Sector 110,6,1
823,2.0,2.0,2.0,12500.0,5-10,1000.0,1.25,South City 1,3,1
824,2.0,2.0,2.0,10778.0,1-5,501.0,0.54,Sector 70A,4,0
825,2.0,2.0,2.0,5617.0,10+,979.0,0.55,Valley View Estate,2,1
826,3.0,3.0,3.0,11481.0,5-10,1350.0,1.55,Sector 50,3,1
827,3.0,2.0,3.0,10743.0,5-10,1210.0,1.3,Sector 51,3,1
828,3.0,2.0,2.0,4666.666666666667,1-5,900.0,0.42,Shyam Kunj,1,1
829,3.0,3.0,2.0,20330.0,1-5,2979.0,6.06,Sector 65,5,0
830,2.0,2.0,2.0,8207.0,Under Construction,1060.0,0.87,Sector 37D,4,1
831,3.0,3.0,4.0,6862.0,1-5,2550.0,1.75,Sector 102,4,1
832,4.0,5.0,4.0,10787.0,5-10,3198.0,3.2,Sector 102,4,0
833,6.0,7.0,4.0,19444.444444444445,0-1,3600.0,7.0,Sector 82,2,1
834,3.0,4.0,2.0,14160.0,0-1,2048.0,2.9,Sector 60,5,1
835,3.0,3.0,3.0,27000.0,1-5,1450.0,3.915,Sector 82,3,1
836,3.0,3.0,3.0,20000.0,1-5,1340.0,2.68,Sector 83,3,1
837,3.0,4.0,4.0,13333.0,5-10,2082.0,2.0,Sector 49,2,1
838,4.0,4.0,4.0,8775.0,10+,2450.0,2.15,Sector 56,3,1
839,3.0,3.0,3.0,5163.0,1-5,1530.0,0.79,Sector 81,1,1
840,2.0,2.0,2.0,5306.0,1-5,1225.0,0.65,Sector 81,1,1
841,3.0,3.0,2.0,10500.0,10+,2000.0,2.1,Sector 56,3,1
842,2.0,2.0,2.0,5769.0,1-5,1092.0,0.63,Sector 83,2,1
843,3.0,3.0,3.0,17000.0,1-5,1340.0,2.278,Sector 83,3,1
844,2.0,2.0,2.0,5674.0,1-5,1075.0,0.61,Sector 85,3,1
845,2.0,2.0,2.0,13000.0,Under Construction,810.0,1.053,Sector 86,4,1
846,4.0,4.0,3.0,5316.0,5-10,1975.0,1.05,Sector 85,3,1
847,2.0,2.0,2.0,20000.0,1-5,1422.0,2.844,Sector 108,1,1
848,3.0,4.0,4.0,8500.0,10+,2000.0,1.7,Sector 56,3,1
849,3.0,3.0,3.0,8181.0,1-5,1430.0,1.17,Sector 70A,5,0
850,3.0,3.0,2.0,9565.0,1-5,1150.0,1.1,Sector 70A,5,0
851,3.0,4.0,1.0,9382.0,1-5,2025.0,1.9,Sector 102,4,1
852,3.0,2.0,2.0,10799.0,Under Construction,1389.0,1.5,Sector 104,5,1
853,4.0,3.0,4.0,9482.0,5-10,2900.0,2.75,Sector 56,3,1
854,2.0,2.0,1.0,32000.0,5-10,600.0,1.92,Sector 71,6,1
855,3.0,3.0,3.0,9841.0,Under Construction,1829.0,1.8,Sector 85,4,1
856,2.0,2.0,1.0,9005.763688760808,Under Construction,1388.0,1.25,Sector 85,4,1
857,2.0,2.0,3.0,10007.0,0-1,1349.0,1.35,Sector 102,4,0
858,3.0,4.0,3.0,32000.0,1-5,2430.0,7.776,Sector 109,1,1
859,3.0,3.0,4.0,7619.0,10+,2100.0,1.6,Sector 56,3,1
860,2.0,2.0,2.0,5142.0,0-1,1225.0,0.63,Sector 81,1,0
861,3.0,4.0,3.0,11764.0,1-5,2125.0,2.5,Sector 111,4,1
862,2.0,2.0,2.0,9183.0,10+,1198.0,0.9,Sector 71,5,0
863,3.0,4.0,3.0,7103.0,10+,1802.0,1.28,Sector 71,5,0
864,4.0,5.0,2.0,9335.407868415205,0-1,4499.0,4.2,Uppals Southend,2,1
865,4.0,4.0,4.0,13924.0,0-1,1975.0,2.75,Sector 65,2,1
866,3.0,4.0,4.0,17054.0,Under Construction,2580.0,4.4,Sector 62,5,1
867,3.0,3.0,4.0,11372.0,5-10,2550.0,2.9,Sector 48,2,0
868,3.0,3.0,4.0,11900.0,5-10,1776.0,2.1,Sector 48,5,0
869,3.0,3.0,4.0,10314.0,0-1,1590.0,1.64,Sector-33 Sohna,4,1
870,1.0,1.0,0.0,16766.0,5-10,835.0,1.4,Sector 48,3,0
871,4.0,4.0,4.0,7855.0,1-5,2215.0,1.75,Sector 90,3,0
872,2.0,3.0,3.0,10064.0,1-5,1540.0,1.55,Sector 67A,4,0
873,3.0,4.0,1.0,17791.0,5-10,2164.0,3.85,sector 58,5,0
874,3.0,3.0,3.0,13496.0,Under Construction,1630.0,2.2,Sector 61,6,1
875,3.0,3.0,3.0,13661.0,0-1,1830.0,2.5,Sector 63,6,1
876,3.0,3.0,3.0,10981.0,0-1,1630.0,1.79,Sector 63A,6,1
877,3.0,3.0,4.0,15936.0,0-1,1677.0,2.0,Sector 63A,6,1
878,3.0,4.0,4.0,19547.0,0-1,2430.0,4.75,Sector 65,3,0
879,3.0,4.0,2.0,23611.0,1-5,2427.0,4.25,sector 58,5,1
880,3.0,3.0,4.0,14102.0,10+,2340.0,3.3,Sector 59,4,0
881,3.0,4.0,3.0,14652.0,10+,2184.0,3.2,Sector 49,2,0
882,4.0,5.0,4.0,20331.0,5-10,3600.0,4.9,Sector 66,4,0
883,2.0,3.0,2.0,11739.0,5-10,1380.0,1.62,Sector 61,5,0
884,4.0,6.0,4.0,17600.0,10+,3125.0,5.5,Sector 47,4,0
885,4.0,4.0,4.0,12666.0,10+,3000.0,3.8,Sector 49,2,0
886,3.0,3.0,2.0,7541.0,1-5,1790.0,1.35,Sector 81,5,0
887,4.0,5.0,4.0,17869.0,1-5,4337.0,7.75,Sector 62,4,0
888,2.0,2.0,4.0,6766.0,1-5,1404.0,0.95,Sector 91,3,0
889,3.0,3.0,4.0,8055.0,1-5,1862.0,1.5,Sector 91,3,0
890,3.0,4.0,4.0,6896.0,1-5,2320.0,1.6,Sector 91,3,0
891,4.0,4.0,4.0,6791.0,1-5,2724.0,1.85,Sector 91,3,0
892,3.0,4.0,4.0,9210.0,1-5,2660.0,2.45,Sector 81,4,0
893,4.0,4.0,4.0,9798.0,1-5,3470.0,3.4,Sector 81,4,0
894,3.0,3.0,4.0,17006.0,1-5,2499.0,5.25,Sector 65,3,0
895,3.0,3.0,4.0,19124.0,5-10,2719.0,5.2,Sector 48,5,0
896,2.0,2.0,2.0,4026.0,1-5,745.0,0.3,Sohna,0,1
897,4.0,4.0,3.0,16358.024691358023,0-1,3240.0,5.3,DLF Phase 4,3,1
898,5.0,5.0,3.0,31007.751937984496,5-10,1935.0,6.0,Sushant Lok Phase 1,3,1
899,3.0,3.0,2.0,12525.252525252525,0-1,2475.0,3.1,South City 1,3,1
900,3.0,3.0,2.0,16255.144032921811,0-1,2430.0,3.95,DLF Phase 4,3,1
901,1.0,1.0,1.0,6497.0,1-5,354.0,0.23,Sohna,4,1
902,4.0,4.0,2.0,16250.0,0-1,2000.0,3.25,Sector 26,3,1
903,2.0,2.0,2.0,14254.0,0-1,1508.0,2.15,Sector 62,5,0
904,4.0,4.0,2.0,12982.0,0-1,2850.0,3.7,Sector 26,3,1
905,2.0,2.0,2.0,8396.0,1-5,1310.0,1.1,Sector 51,3,0
906,3.0,3.0,3.0,11542.0,5-10,1776.0,2.05,Sector 48,5,0
907,4.0,4.0,4.0,13269.0,5-10,2939.0,3.9,Nirvana Country,5,0
908,3.0,3.0,3.0,11708.0,5-10,2605.0,3.05,Nirvana Country,5,0
909,3.0,3.0,4.0,12468.0,5-10,1997.0,2.49,Nirvana Country,5,0
910,4.0,4.0,3.0,10458.0,5-10,2725.0,2.85,Sector 56,3,0
911,3.0,4.0,4.0,15909.0,5-10,2200.0,3.5,Sector 66,6,0
912,3.0,3.0,3.0,13750.0,5-10,1776.0,2.2,Sector 48,5,0
913,4.0,4.0,4.0,8222.0,1-5,4500.0,3.7,Sector 49,2,0
914,2.0,2.0,3.0,9636.0,10+,1349.0,1.3,Sushant Lok Phase 1,3,0
915,2.0,2.0,2.0,11224.0,5-10,980.0,1.1,Sector 43,3,0
916,4.0,5.0,4.0,9236.0,1-5,3800.0,3.51,Sohna Road,2,0
917,3.0,3.0,3.0,19615.0,5-10,1935.0,2.55,Sector 67,4,0
918,4.0,6.0,4.0,8347.0,1-5,2875.0,2.4,Sector 103,4,0
919,2.0,2.0,3.0,8507.0,1-5,1481.0,1.26,Sector 103,4,0
920,2.0,2.0,3.0,8440.0,1-5,1481.0,1.25,Sector 103,4,0
921,4.0,4.0,2.0,15229.0,10+,1740.0,2.65,DLF Phase 5,5,0
922,4.0,4.0,4.0,9400.0,10+,2500.0,2.35,Sector 43,3,1
923,2.0,2.0,3.0,7797.0,1-5,1385.0,1.08,Sector 106,6,0
924,3.0,3.0,3.0,8708.0,1-5,1665.0,1.45,Sector 106,6,0
925,3.0,4.0,4.0,11102.0,1-5,2450.0,2.72,Sector 104,6,0
926,2.0,2.0,4.0,6734.0,1-5,1366.0,0.92,Sector 107,2,0
927,2.0,2.0,4.0,7170.0,1-5,1534.0,1.1,Sector 107,2,0
928,3.0,3.0,3.0,7565.0,1-5,1943.0,1.47,Sector 107,2,0
929,4.0,3.0,3.0,12333.0,1-5,3000.0,3.7,Sector 65,4,0
930,3.0,4.0,3.0,11646.0,1-5,1889.0,2.1,Sector 102,4,0
931,3.0,3.0,3.0,10777.0,1-5,2598.0,2.8,Sector 102,4,0
932,4.0,5.0,4.0,10944.0,1-5,3198.0,3.5,Sector 102,4,0
933,4.0,5.0,3.0,10882.0,1-5,3400.0,3.7,Sector 110,6,0
934,3.0,2.0,3.0,10669.0,Under Construction,1359.0,1.5,Sector 104,5,0
935,4.0,4.0,4.0,11061.0,5-10,2224.0,2.46,Sector 50,3,0
936,4.0,4.0,2.0,7962.0,1-5,2700.0,2.15,Sector 67,3,0
937,3.0,4.0,2.0,8695.0,1-5,2300.0,2.0,Sector 63,1,0
938,4.0,4.0,2.0,22151.0,10+,3160.0,7.0,Sector 54,6,0
939,2.0,2.0,1.0,3972.0,1-5,900.0,0.3575,Sector 92,2,0
940,3.0,2.0,2.0,3967.0,1-5,1002.0,0.3975,Sector 95,3,1
941,4.0,4.0,4.0,13529.0,10+,2224.0,2.3,Sector 50,3,0
942,3.0,4.0,4.0,8522.0,1-5,1760.0,1.5,Sector 106,6,0
943,2.0,2.0,4.0,9000.0,1-5,1617.0,1.64,Sector 88A,4,0
944,2.0,3.0,4.0,11000.0,5-10,1510.0,1.6,Sector 70,3,0
945,4.0,4.0,4.0,10000.0,0-1,2443.0,2.08,Sector 37D,4,0
946,3.0,3.0,2.0,10101.0,1-5,1980.0,1.5,Sector 83,5,1
947,3.0,3.0,1.0,11000.0,1-5,1930.0,2.05,Sector 86,4,0
948,3.0,3.0,2.0,10000.0,1-5,1735.0,1.6,Sector 83,5,0
949,2.0,2.0,3.0,8500.0,0-1,1640.0,1.4,Sector 85,4,0
950,3.0,3.0,3.0,15064.0,1-5,1720.0,1.65,Sector 83,4,0
951,4.0,6.0,4.0,8000.0,1-5,2355.0,1.9,Sector 106,6,0
952,2.0,2.0,3.0,9000.0,0-1,1741.0,1.6,Sector 85,4,0
953,4.0,5.0,4.0,9968.725566849102,1-5,2558.0,2.55,Sector 86,3,0
954,3.0,4.0,2.0,10000.0,0-1,2150.0,2.15,Sector 79,3,0
955,3.0,4.0,4.0,9000.0,0-1,2150.0,1.93,Sector 79,3,0
956,4.0,4.0,2.0,10000.0,0-1,2675.0,2.6,Sector 79,3,0
957,3.0,3.0,4.0,10000.0,1-5,1702.0,1.7,Sector 90,3,0
958,2.0,2.0,4.0,8000.0,1-5,1385.0,1.1,Sector 106,6,0
959,4.0,5.0,4.0,7800.0,0-1,2560.0,1.85,Sector 85,6,0
960,3.0,4.0,2.0,7800.0,0-1,2120.0,1.57,Sector 85,6,0
961,4.0,5.0,4.0,8000.0,0-1,2812.0,2.25,Sector 85,4,0
962,4.0,6.0,4.0,10000.0,1-5,2317.0,2.5,Sector 88A,4,0
963,3.0,4.0,3.0,7500.0,0-1,2408.0,2.1,Sector 85,4,0
964,3.0,4.0,3.0,10502.0,5-10,2190.0,2.3,Sector 70,3,0
965,2.0,3.0,4.0,10000.0,1-5,1510.0,1.55,Sector 70,3,0
966,4.0,4.0,2.0,6964.0,Under Construction,2800.0,2.16,Sector 84,4,0
967,4.0,4.0,2.0,6785.0,Under Construction,2800.0,2.2,Sector 84,4,0
968,4.0,4.0,2.0,8571.0,Under Construction,2800.0,2.4,Sector 84,4,0
969,3.0,3.0,3.0,10037.0,10+,1345.0,1.35,Sushant Lok Phase 1,3,1
970,3.0,3.0,3.0,9117.0,10+,1700.0,1.55,Sushant Lok Phase 1,3,0
971,2.0,2.0,3.0,13736.0,1-5,1456.0,2.0,Sector 66,3,0
972,3.0,4.0,4.0,9693.0,1-5,2579.0,2.5,Sector 102,4,0
973,4.0,4.0,2.0,15476.0,10+,3600.0,3.25,DLF Phase 2,3,0
974,2.0,2.0,4.0,6222.0,1-5,1366.0,0.95,Sector 107,2,0
975,3.0,4.0,3.0,10740.0,0-1,2700.0,2.9,Sector 49,3,1
976,3.0,3.0,3.0,9722.0,10+,1440.0,1.4,Vigyan Vihar,3,0
977,4.0,4.0,2.0,10555.555555555557,0-1,2700.0,2.85,Sushant Lok Phase 1,3,1
978,4.0,4.0,2.0,10857.0,0-1,3500.0,3.8,Sushant Lok Phase 1,3,1
979,4.0,5.0,2.0,15493.581230633024,0-1,4518.0,7.0,DLF Phase 1,3,0
980,4.0,4.0,4.0,9090.0,5-10,2727.0,2.0,Sector 90,3,0
981,4.0,4.0,4.0,23376.0,1-5,3850.0,9.0,DLF Phase 2,3,0
982,4.0,6.0,3.0,26301.0,1-5,3650.0,9.6,Sector 54,3,0
983,3.0,5.0,3.0,29565.0,1-5,2875.0,8.5,Sector 54,3,0
984,4.0,4.0,4.0,19345.454545454544,Under Construction,2750.0,5.32,Sector 61,6,0
985,4.0,5.0,2.0,14111.111111111111,0-1,4500.0,6.35,DLF Phase 1,3,0
986,4.0,4.0,2.0,19444.0,1-5,1800.0,3.5,Sector 23,2,0
987,4.0,4.0,4.0,7223.0,5-10,2215.0,1.9,Sector 90,3,1
988,3.0,4.0,4.0,12641.0,5-10,1859.0,2.35,Sector 49,4,0
989,3.0,4.0,4.0,17066.666666666668,Under Construction,2250.0,3.84,Sector 61,4,0
990,4.0,4.0,2.0,16622.0,5-10,3760.0,6.25,Sector 66,2,0
991,3.0,4.0,4.0,12772.0,5-10,2153.0,2.75,Sector 49,4,0
992,3.0,3.0,2.0,12695.0,0-1,2363.0,3.0,DLF Phase 2,2,0
993,3.0,3.0,3.0,7111.111111111111,1-5,2250.0,1.6,Sector 4,2,1
994,4.0,4.0,3.0,17500.0,Under Construction,2500.0,3.5,DLF Phase 2,2,0
995,4.0,4.0,3.0,14541.0,Under Construction,2400.0,3.49,DLF Phase 2,2,0
996,4.0,4.0,3.0,14663.0,Under Construction,2421.0,3.55,DLF Phase 2,2,0
997,2.0,2.0,3.0,6638.0,Under Construction,1190.0,0.79,Sector 92,4,0
998,5.0,4.0,4.0,28888.88888888889,5-10,4500.0,13.0,Sector 109,6,1
999,2.0,2.0,2.0,6707.0,1-5,820.0,0.55,Sector 67,3,0
1000,3.0,3.0,3.0,16935.0,5-10,1919.0,3.25,Sector 60,5,0
1001,4.0,5.0,4.0,8571.0,1-5,3150.0,2.95,Sector 109,4,0
1002,4.0,4.0,4.0,14705.0,Under Construction,2720.0,4.0,Sector 106,5,0
1003,3.0,4.0,4.0,13736.0,Under Construction,2002.0,2.9,Sector 106,5,0
1004,3.0,3.0,4.0,13477.0,Under Construction,1855.0,2.5,Sector 106,5,0
1005,3.0,3.0,3.0,13415.0,Under Construction,1625.0,2.15,Sector 106,5,0
1006,2.0,2.0,4.0,11713.0,Under Construction,1366.0,1.6,Sector 106,5,0
1007,4.0,4.0,4.0,8888.0,1-5,3150.0,2.85,Sector 104,6,0
1008,4.0,4.0,4.0,10833.0,Under Construction,2400.0,2.48,Sector 102,4,0
1009,3.0,4.0,3.0,10501.0,1-5,2095.0,2.17,Sector 109,4,0
1010,3.0,5.0,2.0,12490.0,1-5,3763.0,4.7,Sector 112,4,0
1011,4.0,4.0,4.0,9852.0,1-5,3045.0,3.1,Sector 109,4,0
1012,5.0,5.0,4.0,11469.0,5-10,3880.0,4.45,Sector 110,6,0
1013,4.0,5.0,3.0,10647.0,5-10,3400.0,3.62,Sector 110,6,0
1014,4.0,5.0,4.0,18537.0,Under Construction,2913.0,6.0,Sector 108,5,0
1015,4.0,4.0,4.0,16339.0,Under Construction,2448.0,4.44,Sector 108,5,0
1016,3.0,3.0,3.0,14478.0,1-5,2072.0,3.6,Sector 108,5,0
1017,4.0,4.0,4.0,12448.0,1-5,2691.0,3.35,Sector 113 Gurgaon,5,0
1018,3.0,3.0,2.0,7334.066740007334,5-10,2727.0,2.0,Sector 102,1,1
1019,3.0,4.0,4.0,14485.0,Under Construction,2002.0,2.9,Sector 106,5,0
1020,3.0,3.0,4.0,7900.0,5-10,2000.0,1.62,Sector 103,4,0
1021,3.0,3.0,4.0,7894.0,5-10,1900.0,1.55,Sector 103,4,0
1022,3.0,3.0,4.0,7262.0,5-10,1790.0,1.45,Sector 103,4,0
1023,2.0,2.0,4.0,7224.0,5-10,1481.0,1.18,Sector 103,4,0
1024,3.0,3.0,3.0,9642.0,1-5,1755.0,1.35,Sector 83,4,1
1025,3.0,5.0,3.0,5918.0,Under Construction,1950.0,1.15,Sector 70,3,1
1026,2.0,2.0,2.0,24000.0,1-5,1055.0,2.532,Sector 37D,2,0
1027,2.0,2.0,3.0,14257.0,Under Construction,1232.0,1.76,Sector 63A,5,0
1028,3.0,3.0,3.0,30000.0,1-5,1565.0,4.695,Sector 37C,1,0
1029,4.0,4.0,4.0,19200.0,1-5,2100.0,3.36,Sector 66,6,1
1030,4.0,4.0,3.0,21207.0,5-10,3065.0,6.5,Sector 54,3,1
1031,3.0,2.0,2.0,15837.0,1-5,1579.0,1.75,Sector 113 Gurgaon,5,1
1032,4.0,4.0,3.0,22022.0,5-10,3065.0,6.75,Sector 54,3,1
1033,4.0,4.0,3.0,16195.0,1-5,3890.0,6.3,Sector 62,4,1
1034,3.0,3.0,4.0,11275.0,0-1,1780.0,1.25,Sohna,2,0
1035,2.0,2.0,2.0,12010.0,Under Construction,1232.0,1.48,Sector 63A,5,0
1036,3.0,3.0,2.0,11464.0,Under Construction,1540.0,1.77,Sector 63A,5,0
1037,2.0,2.0,2.0,6389.0,Under Construction,1090.0,0.6965,Sector 92,4,0
1038,2.0,2.0,4.0,7896.0,0-1,1300.0,1.03,Sector 70,3,0
1039,3.0,5.0,4.0,8203.0,0-1,1950.0,1.6,Sector 70,3,0
1040,3.0,2.0,4.0,8800.0,Under Construction,1320.0,0.8537,Sohna,4,0
1041,3.0,3.0,4.0,7790.0,Under Construction,1565.0,0.8297,Sohna,4,0
1042,3.0,2.0,3.0,5593.0,Under Construction,1428.0,0.7988,Sector 92,4,0
1043,3.0,4.0,4.0,6773.0,0-1,1845.0,1.25,Sohna,2,0
1044,3.0,3.0,4.0,9282.0,0-1,1691.0,1.57,Sector 37D,4,0
1045,3.0,3.0,4.0,8785.0,0-1,1650.0,1.45,Sector 68,4,0
1046,3.0,3.0,4.0,7689.0,0-1,1440.0,0.7967,Sohna,4,0
1047,2.0,2.0,2.0,6963.0,0-1,1205.0,0.8391,Sohna,4,0
1048,3.0,5.0,1.0,7137.0,1-5,3500.0,2.34,Sector 70A,2,0
1049,2.0,2.0,3.0,11120.0,1-5,1275.0,0.8674,Sohna,4,0
1050,3.0,3.0,3.0,10092.0,1-5,1812.0,1.83,Sector 69,4,0
1051,3.0,3.0,4.0,15714.0,Under Construction,1704.0,1.65,Sector 69,6,0
1052,3.0,4.0,4.0,6680.0,0-1,1845.0,1.23,Sohna,2,0
1053,3.0,3.0,4.0,16176.0,Under Construction,1680.0,1.65,Sector 69,6,0
1054,2.0,2.0,3.0,9178.0,1-5,1600.0,1.47,Sector 70A,2,0
1055,2.0,2.0,3.0,10911.0,0-1,1269.0,0.7965000000000001,Sohna,2,0
1056,2.0,2.0,3.0,10596.0,0-1,1457.0,0.8996999999999999,Sohna,2,0
1057,2.0,2.0,3.0,9516.0,0-1,1060.0,1.01,Sector 37D,4,0
1058,3.0,3.0,3.0,11699.0,0-1,1295.0,1.15,Sector 37D,4,0
1059,3.0,3.0,4.0,9150.0,0-1,1535.0,1.4,Sector 37D,4,0
1060,2.0,2.0,3.0,9357.0,0-1,1425.0,1.01,Sohna,2,0
1061,3.0,3.0,3.0,7895.0,0-1,1845.0,1.46,Sohna,2,0
1062,9.0,9.0,4.0,19000.0,1-5,1000.0,1.9,Sector 51,3,1
1063,2.0,2.0,3.0,12688.0,Under Construction,1211.0,0.8881999999999999,Sector 79,4,0
1064,3.0,3.0,4.0,11704.0,Under Construction,1556.0,1.1,Sector 79,4,0
1065,3.0,3.0,4.0,10745.0,Under Construction,1831.0,1.26,Sector 79,4,0
1066,3.0,4.0,3.0,7611.0,1-5,1997.0,1.52,Sector 99A,5,1
1067,3.0,4.0,3.0,7511.0,1-5,1997.0,1.5,Sector 99A,5,1
1068,2.0,2.0,3.0,7516.0,1-5,1550.0,1.16,Sector 99A,5,1
1069,2.0,2.0,3.0,9677.0,1-5,1550.0,1.5,Sector 99A,5,1
1070,3.0,3.0,4.0,11953.0,Under Construction,1786.0,1.33,Sector 93,5,0
1071,3.0,3.0,4.0,11815.0,Under Construction,1826.0,1.36,Sector 93,5,0
1072,2.0,2.0,3.0,7483.0,1-5,1550.0,1.16,Sector 99A,5,1
1073,3.0,2.0,3.0,10343.0,0-1,1081.0,0.7654000000000001,Sector 36 Sohna,4,0
1074,3.0,2.0,3.0,9876.0,0-1,1119.0,0.8345999999999999,Sector 36 Sohna,4,0
1075,2.0,2.0,3.0,6684.0,Under Construction,1190.0,0.7954000000000001,Sector 92,4,0
1076,3.0,2.0,3.0,6478.0,Under Construction,1432.0,0.9277,Sector 92,4,0
1077,2.0,2.0,3.0,12704.0,0-1,951.0,0.6988,Sector 36 Sohna,4,0
1078,3.0,3.0,4.0,10147.0,0-1,1550.0,1.07,Sohna,4,0
1079,3.0,2.0,3.0,9554.0,0-1,1225.0,0.8599,Sohna,4,0
1080,3.0,4.0,4.0,9972.0,5-10,2587.0,2.58,Sector 57,1,0
1081,4.0,4.0,4.0,23148.14814814815,0-1,1728.0,4.0,Sushant Lok Phase 3,0,0
1082,3.0,3.0,3.0,15433.0,1-5,2203.0,3.4,Sector 66,6,0
1083,3.0,4.0,4.0,4761.0,Under Construction,2100.0,1.0,Sector 37D,4,0
1084,3.0,4.0,4.0,10946.0,1-5,2150.0,1.85,Sector 89 A,4,0
1085,3.0,3.0,4.0,6647.0,1-5,1775.0,1.18,Sector 37D,3,0
1086,2.0,2.0,3.0,11005.0,1-5,1245.0,1.04,Sector 68,5,0
1087,4.0,6.0,4.0,8639.0,1-5,2355.0,1.46,Sector 106,6,0
1088,3.0,3.0,3.0,7207.0,1-5,1665.0,1.2,Sector 106,6,0
1089,3.0,3.0,4.0,10548.0,Under Construction,1403.0,1.48,Sector 81,2,0
1090,3.0,4.0,4.0,8744.0,1-5,2150.0,1.88,Sector 89 A,4,1
1091,3.0,3.0,3.0,32000.0,1-5,1775.0,5.68,Sector 37D,3,0
1092,2.0,2.0,4.0,7220.0,1-5,1385.0,1.0,Sector 106,6,0
1093,3.0,3.0,3.0,17125.0,0-1,1745.0,2.55,Sector 108,5,0
1094,2.0,2.0,2.0,8125.0,1-5,1055.0,0.65,Sector 37D,2,0
1095,2.0,2.0,4.0,17253.0,10+,1420.0,2.45,DLF Phase 4,3,1
1096,2.0,2.0,3.0,19500.0,1-5,700.0,1.365,Sector 37D,5,0
1097,3.0,4.0,3.0,15756.0,10+,1777.0,2.8,DLF Phase 4,3,1
1098,3.0,3.0,2.0,19923.37164750958,10+,1305.0,2.6,Palam Vihar,2,1
1099,3.0,3.0,2.0,16056.518946692357,10+,1557.0,2.5,Palam Vihar,2,1
1100,4.0,4.0,4.0,10750.0,1-5,2300.0,2.15,Sector 37D,4,0
1101,3.0,4.0,4.0,13936.0,1-5,2045.0,2.85,Sector 60,5,1
1102,4.0,6.0,3.0,25733.0,10+,3886.0,10.0,Sector 54,3,0
1103,4.0,4.0,2.0,13333.0,Under Construction,1800.0,2.4,Sector 23,2,1
1104,4.0,4.0,4.0,11467.0,Under Construction,2180.0,2.5,Sector 102,4,1
1105,3.0,3.0,4.0,10799.0,0-1,1852.0,2.0,Sector 102,4,1
1106,2.0,2.0,4.0,11522.0,0-1,1215.0,1.4,Sector 102,4,1
1107,3.0,3.0,2.0,13284.0,0-1,1355.0,1.8,Sector 23,2,1
1108,3.0,4.0,3.0,32000.0,1-5,1889.0,6.0448,Sector 102,4,0
1109,3.0,4.0,4.0,30000.0,1-5,1844.0,5.532,Sector 104,6,1
1110,2.0,2.0,4.0,11111.0,0-1,1215.0,1.35,Sector 102,4,1
1111,2.0,2.0,4.0,23000.0,1-5,1269.0,2.9187,Sector 104,6,0
1112,3.0,4.0,3.0,11646.0,1-5,1889.0,2.2,Sector 102,4,0
1113,4.0,5.0,3.0,10882.0,1-5,3400.0,3.7,Sector 110,6,0
1114,4.0,4.0,2.0,10888.0,0-1,2250.0,2.45,Sector 23,2,1
1115,2.0,2.0,1.0,4000.0,0-1,750.0,0.3,New Palam Vihar,2,1
1116,2.0,2.0,1.0,3998.0,0-1,750.0,0.2999,New Palam Vihar,1,1
1117,2.0,2.0,1.0,3881.0,0-1,760.0,0.295,New Palam Vihar,2,1
1118,3.0,3.0,3.0,26500.0,1-5,1650.0,4.3725,Sector 102,4,0
1119,3.0,3.0,2.0,9027.777777777776,1-5,2160.0,1.95,Sushant Lok Phase 3,3,1
1120,3.0,3.0,2.0,14631.0,10+,1777.0,2.6,DLF Phase 4,3,0
1121,4.0,4.0,2.0,14991.0,10+,1701.0,2.55,DLF Phase 4,2,0
1122,3.0,3.0,2.0,13333.333333333334,1-5,1800.0,2.4,DLF Phase 1,6,1
1123,3.0,3.0,2.0,13071.8954248366,1-5,1836.0,2.4,DLF Phase 1,3,1
1124,3.0,3.0,2.0,15681.0,1-5,2200.0,3.45,DLF Phase 4,3,1
1125,4.0,4.0,2.0,14090.0,1-5,2200.0,3.1,Sector 47,2,1
1126,4.0,5.0,3.0,21420.0,10+,2801.0,6.0,DLF Phase 5,4,0
1127,4.0,6.0,4.0,23844.0,5-10,4089.0,9.75,Sector 54,3,0
1128,4.0,5.0,3.0,23997.0,5-10,2917.0,7.0,Sector 54,3,0
1129,4.0,5.0,3.0,19157.0,10+,2610.0,5.0,DLF Phase 5,3,0
1130,4.0,5.0,3.0,20306.0,10+,2610.0,5.3,DLF Phase 5,3,0
1131,3.0,4.0,3.0,12178.0,1-5,2217.0,2.9,Sector 113 Gurgaon,5,0
1132,3.0,4.0,4.0,11590.0,1-5,2200.0,2.71,Sector 111,4,0
1133,3.0,3.0,3.0,13294.0,1-5,1700.0,2.38,Sector 111,4,0
1134,3.0,4.0,4.0,8317.0,5-10,2585.0,2.35,Sector 109,4,0
1135,5.0,5.0,4.0,14015.0,Under Construction,4495.0,7.0,Sector 106,1,0
1136,5.0,5.0,4.0,13797.0,Under Construction,4095.0,6.07,Sector 106,1,0
1137,4.0,4.0,4.0,13000.0,0-1,3000.0,3.9,Sector 49,3,0
1138,4.0,6.0,4.0,10997.0,10+,3410.0,3.75,Sector 28,3,0
1139,4.0,4.0,2.0,13888.888888888889,0-1,3240.0,4.5,Nirvana Country,3,1
1140,4.0,4.0,2.0,12323.232323232323,1-5,2475.0,3.05,South City 1,3,1
1141,4.0,4.0,2.0,11265.432098765432,0-1,3240.0,3.65,South City 1,1,1
1142,4.0,4.0,2.0,12500.0,1-5,2200.0,2.75,Uppals Southend,2,1
1143,3.0,3.0,2.0,15000.0,0-1,1600.0,2.4,DLF CITY,5,1
1144,4.0,4.0,2.0,11333.0,0-1,3000.0,3.4,Sector 50,3,1
1145,4.0,4.0,3.0,16538.0,Under Construction,2600.0,4.3,Sector 65,6,1
1146,4.0,4.0,3.0,24074.07407407408,5-10,2700.0,6.5,Sushant Lok Phase 3,3,1
1147,4.0,4.0,4.0,9674.0,1-5,4548.0,4.4,Sector 102,4,0
1148,4.0,5.0,4.0,13084.0,1-5,2950.0,3.86,Sector 111,4,1
1149,4.0,5.0,4.0,14545.0,1-5,3300.0,4.8,Sector 72,3,0
1150,4.0,5.0,3.0,13080.0,1-5,2905.0,3.8,Sector 72,3,0
1151,4.0,4.0,3.0,16017.0,1-5,2550.0,3.7,Sector 72,3,0
1152,3.0,3.0,3.0,16018.0,1-5,2185.0,3.5,Sector 72,3,0
1153,2.0,2.0,3.0,11879.0,0-1,1330.0,1.58,Sector 113 Gurgaon,5,0
1154,3.0,3.0,4.0,9207.0,0-1,1955.0,1.8,Sector 109,6,0
1155,4.0,5.0,2.0,14888.888888888889,0-1,4500.0,6.7,DLF Phase 1,4,0
1156,3.0,3.0,2.0,13833.0,0-1,1800.0,2.49,DLF Phase 1,4,0
1157,4.0,5.0,2.0,10444.0,0-1,4500.0,4.7,Sector 56,3,0
1158,4.0,4.0,1.0,7430.997876857749,1-5,2826.0,2.1,Sector 47,2,1
1159,4.0,4.0,1.0,9259.25925925926,1-5,2700.0,2.5,Sector 67,3,1
1160,4.0,4.0,1.0,8518.518518518518,1-5,2700.0,2.3,Sector 67,3,1
1161,3.0,3.0,2.0,12666.0,0-1,1800.0,2.28,DLF Phase 1,4,0
1162,4.0,5.0,2.0,12000.0,0-1,2700.0,3.24,DLF Phase 2,2,0
1163,3.0,4.0,4.0,11268.0,0-1,1940.0,1.19,Sector 103,2,0
1164,4.0,4.0,4.0,16000.0,0-1,3500.0,5.6,Sector 65,6,0
1165,4.0,4.0,3.0,12187.0,0-1,3200.0,3.9,Sector 65,6,0
1166,4.0,4.0,3.0,14716.0,1-5,3300.0,3.9,Sector 65,6,0
1167,4.0,4.0,3.0,13833.0,1-5,3000.0,4.15,Sector 65,6,0
1168,4.0,4.0,4.0,15714.0,0-1,4000.0,5.5,Sector 65,6,0
1169,4.0,3.0,4.0,12708.0,1-5,2754.0,3.5,Sector 49,2,0
1170,3.0,3.0,3.0,11820.0,Under Construction,1692.0,2.0,Sector 102,4,0
1171,2.0,2.0,2.0,11475.0,Under Construction,915.0,1.05,Sector 102,4,0
1172,4.0,4.0,3.0,12500.0,1-5,1800.0,2.25,Sector 57,4,1
1173,3.0,3.0,2.0,16428.0,0-1,2000.0,2.3,Malibu Town,0,1
1174,3.0,3.0,2.0,10388.0,1-5,1800.0,1.87,Sector 63A,5,1
1175,3.0,3.0,2.0,10277.0,1-5,1800.0,1.85,Sector 63A,6,1
1176,4.0,4.0,4.0,30353.20088300221,1-5,2718.0,8.25,Sushant Lok Phase 1,3,1
1177,3.0,3.0,3.0,6281.0,1-5,2547.0,1.6,Sector 47,2,0
1178,2.0,2.0,1.0,25000.0,1-5,591.0,1.4775,Sector 67A,2,1
1179,2.0,2.0,2.0,9000.0,1-5,700.0,0.63,Sector 67A,2,1
1180,3.0,3.0,3.0,6976.0,10+,2150.0,1.5,Sector 56,3,1
1181,3.0,4.0,3.0,9283.0,5-10,2025.0,1.8,Sector 102,4,0
1182,2.0,2.0,2.0,7512.0,5-10,1198.0,0.9,Sector 71,5,0
1183,3.0,4.0,4.0,10408.0,5-10,2450.0,2.55,Sector 104,6,0
1184,2.0,2.0,2.0,8285.0,1-5,700.0,0.58,Sector 67A,2,1
1185,2.0,2.0,1.0,22000.0,1-5,591.0,1.3002,Sector 67A,2,1
1186,2.0,2.0,1.0,8714.0,1-5,700.0,0.61,Sector 67A,2,1
1187,2.0,2.0,2.0,24000.0,1-5,700.0,1.68,Sector 67A,2,1
1188,3.0,4.0,4.0,8250.0,5-10,2000.0,1.65,Sector 48,5,1
1189,2.0,2.0,2.0,32000.0,5-10,600.0,1.92,Malibu Town,2,1
1190,7.0,7.0,4.0,21367.521367521367,5-10,2340.0,5.0,Sector 48,2,0
1191,3.0,3.0,4.0,10191.0,1-5,1570.0,1.6,Sector 48,5,0
1192,5.0,6.0,4.0,20101.010101010103,0-1,4950.0,9.95,Sector 33,2,1
1193,4.0,5.0,4.0,13317.0,5-10,2170.0,2.89,Sector 48,4,0
1194,2.0,2.0,2.0,31500.0,1-5,598.0,1.8837,Sector 67A,2,1
1195,4.0,5.0,4.0,12000.0,5-10,2950.0,3.6,Sector 111,4,0
1196,7.0,7.0,4.0,21153.846153846152,5-10,2340.0,4.95,Sector 48,2,0
1197,4.0,5.0,4.0,11253.0,5-10,2577.0,2.9,Sector 48,4,0
1198,7.0,7.0,4.0,21153.846153846152,5-10,2340.0,4.95,Sector 48,2,1
1199,5.0,5.0,4.0,20350.02035002035,5-10,4914.0,10.0,Sector 33,1,1
1200,3.0,4.0,4.0,6800.0,5-10,2500.0,1.7,Sector 48,5,1
1201,3.0,4.0,2.0,15976.0,1-5,2003.0,3.2,Sector 108,5,0
1202,3.0,3.0,3.0,16409.0,5-10,2072.0,3.4,Sector 108,5,0
1203,3.0,3.0,2.0,16656.0,5-10,1711.0,2.85,Sector 108,5,0
1204,3.0,5.0,2.0,16858.0,1-5,2343.0,3.95,Sector 108,5,0
1205,3.0,4.0,4.0,8986.0,5-10,2003.0,1.8,Sector 108,4,0
1206,3.0,3.0,4.0,8418.0,5-10,1758.0,1.48,Sector 108,4,0
1207,3.0,4.0,3.0,10262.0,5-10,2095.0,2.15,Sector 109,4,0
1208,4.0,5.0,4.0,10935.0,5-10,3045.0,3.33,Sector 109,4,0
1209,3.0,3.0,4.0,9195.0,5-10,2338.0,2.15,Sector 108,4,0
1210,7.0,7.0,4.0,19693.20066334992,5-10,2412.0,4.75,Sector 48,2,0
1211,3.0,3.0,3.0,7098.0,10+,1620.0,1.15,Sector 71,5,1
1212,5.0,6.0,4.0,19898.989898989897,0-1,4950.0,9.85,Sector 33,2,1
1213,3.0,4.0,4.0,7857.0,5-10,2100.0,1.65,Sector 48,5,1
1214,3.0,3.0,4.0,5092.592592592592,1-5,3240.0,1.65,Sector 48,5,1
1215,3.0,4.0,3.0,11646.0,5-10,1889.0,2.2,Sector 102,4,0
1216,3.0,4.0,3.0,9499.0,5-10,2579.0,2.45,Sector 102,4,0
1217,2.0,2.0,2.0,10864.0,1-5,1215.0,1.32,Sector 102,4,0
1218,2.0,2.0,2.0,10710.0,5-10,915.0,0.98,Sector 102,4,0
1219,4.0,4.0,3.0,31616.98283649503,5-10,2214.0,7.0,Sector 109,5,0
1220,3.0,4.0,4.0,7954.0,5-10,1760.0,1.4,Sector 106,6,0
1221,3.0,3.0,3.0,7807.0,5-10,1665.0,1.3,Sector 106,6,0
1222,3.0,3.0,4.0,8749.0,10+,2000.0,1.7,Sector 56,3,1
1223,4.0,5.0,4.0,7111.111111111111,5-10,4500.0,3.2,Sector 102,5,0
1224,4.0,5.0,4.0,12203.0,5-10,2950.0,3.6,Sector 111,4,0
1225,3.0,4.0,2.0,12181.0,5-10,2200.0,2.68,Sector 111,4,0
1226,3.0,4.0,4.0,6786.0,5-10,2505.0,1.7,Sector 109,1,0
1227,3.0,4.0,4.0,9284.0,5-10,2585.0,2.4,Sector 109,4,1
1228,4.0,4.0,3.0,26748.97119341564,5-10,2430.0,6.5,Sector 109,6,1
1229,3.0,3.0,4.0,8285.0,5-10,1750.0,1.45,Sector 109,4,0
1230,3.0,4.0,4.0,8604.0,5-10,2150.0,1.85,Sector 109,4,0
1231,1.0,1.0,2.0,6493.0,5-10,308.0,0.2,Sector 107,4,1
1232,3.0,3.0,4.0,11339.0,1-5,1852.0,2.1,Sector 102,4,0
1233,3.0,4.0,3.0,8279.0,Under Construction,2150.0,1.78,Sector 89 A,4,0
1234,7.0,5.0,4.0,20067.596113223488,10+,2367.0,4.75,Sector 22,2,1
1235,2.0,2.0,3.0,10563.0,Under Construction,1420.0,1.5,Sector 79,0,1
1236,3.0,3.0,3.0,10251.0,Under Construction,1829.0,1.88,Sector 85,4,0
1237,2.0,3.0,3.0,7089.0,5-10,1615.0,1.14,Sector 86,5,0
1238,2.0,3.0,3.0,5555.0,5-10,1620.0,1.11,Sector 90,3,0
1239,3.0,4.0,3.0,14135.0,10+,2370.0,3.35,Sector 57,2,0
1240,2.0,2.0,2.0,6209.0,1-5,800.0,0.29,Sohna,1,1
1241,2.0,2.0,2.0,14090.0,Under Construction,1100.0,1.55,Sector 61,6,0
1242,2.0,2.0,3.0,7436.0,Under Construction,1385.0,1.03,Sector-33 Sohna,2,1
1243,3.0,3.0,3.0,8677.0,Under Construction,1671.0,1.45,Sector-33 Sohna,4,1
1244,3.0,3.0,4.0,20330.0,1-5,3025.0,6.15,Sector 59,6,0
1245,2.0,2.0,2.0,7706.0,Under Construction,1103.0,0.85,Sector 89,5,0
1246,3.0,4.0,3.0,12087.0,5-10,2060.0,2.49,Sector 61,5,1
1247,3.0,3.0,3.0,15081.0,5-10,1996.0,2.79,Sector 62,2,1
1248,3.0,3.0,4.0,6444.0,1-5,1862.0,1.2,Sector 91,3,1
1249,3.0,3.0,4.0,10121.0,0-1,1976.0,2.0,Sector 70A,1,1
1250,4.0,4.0,3.0,9570.0,0-1,2675.0,2.56,Sector 79,3,1
1251,4.0,5.0,3.0,27736.0,10+,2704.0,7.5,Sector 54,4,0
1252,3.0,2.0,2.0,10439.0,Under Construction,1389.0,1.45,Sector 104,5,1
1253,4.0,5.0,4.0,9345.0,0-1,2675.0,2.4,Sector 79,3,0
1254,4.0,5.0,2.0,14510.77943615257,1-5,3618.0,5.25,DLF Phase 2,3,1
1255,4.0,5.0,2.0,12062.859672421426,Under Construction,4518.0,5.45,DLF Phase 1,3,1
1256,4.0,5.0,3.0,15201.768933112216,Under Construction,3618.0,5.5,DLF Phase 1,3,1
1257,4.0,5.0,2.0,11752.136752136752,1-5,4680.0,5.5,DLF Phase 1,3,1
1258,2.0,2.0,2.0,4954.0,0-1,545.0,0.27,Sector 99A,5,1
1259,2.0,2.0,2.0,9642.0,0-1,503.0,0.485,Sector 70A,4,1
1260,2.0,2.0,1.0,4347.0,0-1,598.0,0.26,Sector 67A,2,0
1261,4.0,5.0,2.0,18344.0,1-5,2900.0,5.32,DLF Phase 1,3,1
1262,2.0,2.0,1.0,3619.0,1-5,1050.0,0.38,Sector 107,4,0
1263,3.0,2.0,2.0,3900.0,5-10,1500.0,0.585,Sector 1,1,0
1264,3.0,3.0,3.0,14525.0,Under Construction,1549.0,2.25,Sector 61,6,0
1265,4.0,4.0,4.0,14100.0,Under Construction,3243.0,4.57,Sector 76,6,0
1266,3.0,3.0,2.0,10287.0,Under Construction,1672.0,1.72,Sector 76,5,0
1267,3.0,3.0,3.0,13090.0,Under Construction,2200.0,2.88,Sector 76,6,0
1268,4.0,4.0,3.0,5548.0,1-5,2433.0,1.35,Sector 71,5,0
1269,3.0,3.0,4.0,15837.0,0-1,2588.0,3.95,Sector 62,5,0
1270,2.0,2.0,3.0,11111.0,Under Construction,1368.0,1.52,Sector 102,4,0
1271,4.0,4.0,4.0,14857.0,Under Construction,2754.0,3.12,Sector 73,4,1
1272,3.0,3.0,4.0,6875.0,1-5,1818.0,1.25,Sector 90,3,0
1273,3.0,3.0,3.0,13979.0,1-5,1818.0,2.15,Sector 82A,4,0
1274,4.0,4.0,4.0,11111.111111111111,0-1,2700.0,3.0,Sushant Lok Phase 1,3,1
1275,4.0,4.0,4.0,12000.0,0-1,2500.0,3.0,Sector 82A,5,1
1276,4.0,4.0,3.0,8333.0,Under Construction,2700.0,2.25,Sector 84,4,1
1277,3.0,3.0,3.0,12558.0,1-5,2150.0,2.7,Sector 70A,4,0
1278,2.0,2.0,3.0,13084.0,Under Construction,1261.0,1.65,Sector 65,5,1
1279,4.0,4.0,4.0,7700.0,Under Construction,2990.0,2.3,Sector 111,3,1
1280,3.0,3.0,3.0,7700.0,Under Construction,2359.0,1.82,Sector 111,3,1
1281,3.0,4.0,4.0,7825.0,5-10,1920.0,1.5,Palam Vihar,6,0
1282,4.0,4.0,4.0,14333.0,1-5,3000.0,4.3,Sector 45,3,1
1283,4.0,4.0,3.0,7555.555555555556,0-1,2700.0,2.04,Sector 92,4,1
1284,3.0,4.0,4.0,7112.0,1-5,2320.0,1.65,Sector 91,3,1
1285,3.0,3.0,3.0,15151.0,1-5,1650.0,2.5,Sector 65,2,0
1286,3.0,3.0,4.0,12037.037037037036,0-1,2700.0,3.25,DLF Phase 2,3,1
1287,3.0,3.0,2.0,12578.0,0-1,1590.0,2.0,Malibu Town,2,1
1288,4.0,5.0,4.0,14285.0,0-1,2625.0,3.75,Sector 72,3,0
1289,3.0,3.0,2.0,9666.0,1-5,1500.0,1.45,Sector 57,3,1
1290,5.0,5.0,4.0,29880.478087649404,1-5,4518.0,13.5,DLF Phase 1,3,1
1291,4.0,3.0,3.0,10811.70991350632,Under Construction,3006.0,3.25,Sector 63A,0,0
1292,3.0,4.0,3.0,13971.071663379356,0-1,3042.0,4.25,Sector 65,3,0
1293,4.0,5.0,4.0,18505.0,1-5,2864.0,5.3,sector 58,5,0
1294,3.0,4.0,1.0,18552.87569573284,1-5,2156.0,4.0,sector 58,5,0
1295,3.0,3.0,3.0,14173.0,5-10,2046.0,2.9,Sector 67,4,0
1296,3.0,4.0,3.0,19410.0,1-5,2988.0,5.8,Sector 59,6,0
1297,2.0,2.0,2.0,5061.0,1-5,1225.0,0.62,Sector 81,0,1
1298,3.0,3.0,2.0,4925.0,Under Construction,1350.0,0.665,Gwal Pahari,1,1
1299,3.0,3.0,2.0,5833.0,Under Construction,1200.0,0.7,Gwal Pahari,1,1
1300,4.0,4.0,4.0,22091.0,Under Construction,3395.0,7.5,Sector 59,6,0
1301,2.0,2.0,1.0,13671.0,5-10,1024.0,1.4,Nirvana Country,3,0
1302,3.0,3.0,4.0,12342.0,Under Construction,2395.0,1.49,Sector 93,5,0
1303,2.0,2.0,3.0,12528.0,Under Construction,1232.0,1.54,Sector 63A,5,0
1304,3.0,3.0,4.0,18467.0,Under Construction,1540.0,1.85,Sector 63A,5,0
1305,3.0,3.0,4.0,17241.0,Under Construction,1774.0,1.9,Sector 63A,5,0
1306,3.0,3.0,4.0,13565.0,10+,1345.0,1.56,Sector 43,3,0
1307,3.0,4.0,3.0,12549.0,5-10,2550.0,3.2,Sector 48,2,0
1308,4.0,4.0,4.0,15000.0,Under Construction,2289.0,3.43,Sector 104,5,1
1309,3.0,3.0,3.0,12257.0,0-1,1852.0,2.27,Sector 102,4,1
1310,2.0,2.0,4.0,13254.0,1-5,1385.0,1.12,Sector 106,6,0
1311,3.0,3.0,3.0,16526.0,1-5,1650.0,1.69,Sector 102,4,1
1312,3.0,3.0,2.0,14123.0,Under Construction,1855.0,2.62,Sector 106,5,0
1313,2.0,2.0,3.0,7407.0,0-1,1650.0,1.2,Sector 86,5,0
1314,4.0,4.0,4.0,9281.0,Under Construction,2250.0,1.55,Sector 91,1,0
1315,4.0,4.0,4.0,9634.0,Under Construction,2700.0,1.9,Sector 91,1,0
1316,4.0,5.0,4.0,8163.0,1-5,3434.0,2.8,Sector 90,3,0
1317,4.0,4.0,3.0,7191.0,0-1,2364.0,1.75,Sector 91,5,0
1318,3.0,3.0,3.0,6994.0,0-1,1930.0,1.5,Sector 91,5,0
1319,2.0,2.0,2.0,11500.0,Under Construction,1030.0,1.18,Gwal Pahari,5,1
1320,3.0,2.0,1.0,15412.0,10+,1395.0,2.15,DLF Phase 5,5,1
1321,2.0,2.0,3.0,11200.0,5-10,1728.0,1.12,Nirvana Country,3,0
1322,3.0,3.0,4.0,12380.0,0-1,2800.0,2.6,Mayfield Garden,3,0
1323,4.0,4.0,3.0,12962.962962962964,0-1,2700.0,3.5,Sushant Lok Phase 1,3,1
1324,3.0,3.0,4.0,16222.222222222224,0-1,2250.0,3.65,DLF Phase 2,3,1
1325,4.0,4.0,4.0,12227.538543328015,0-1,3762.0,4.6,Sushant Lok Phase 1,3,1
1326,3.0,3.0,3.0,13306.0,Under Construction,2217.0,2.95,Sector 113 Gurgaon,5,1
1327,3.0,3.0,2.0,11950.0,Under Construction,1593.0,1.9,Sector 106,6,1
1328,3.0,3.0,2.0,9623.0,1-5,2338.0,2.25,Sector 108,4,1
1329,3.0,4.0,4.0,10195.0,1-5,1942.0,1.98,Sector 102,6,1
1330,3.0,4.0,3.0,10739.0,5-10,2095.0,2.25,Sector 109,4,1
1331,4.0,4.0,3.0,17086.0,Under Construction,2423.0,4.14,Sector 108,5,1
1332,4.0,4.0,2.0,14804.0,0-1,2700.0,2.65,Sushant Lok Phase 2,3,1
1333,3.0,4.0,2.0,14393.0,0-1,1320.0,1.9,Sector 57,3,1
1334,4.0,4.0,2.0,14705.0,0-1,1700.0,2.5,Sector 57,3,1
1335,3.0,4.0,4.0,19545.0,1-5,2895.0,4.3,Sector 53,4,0
1336,3.0,3.0,2.0,13125.0,0-1,2400.0,3.75,Sector 67,4,0
1337,3.0,3.0,2.0,6888.0,1-5,2250.0,1.55,Sector 4,2,1
1338,3.0,5.0,3.0,28032.0,5-10,3050.0,8.55,Sector 54,3,0
1339,2.0,2.0,2.0,8053.0,Under Construction,745.0,0.6,Sector 76,5,1
1340,2.0,2.0,2.0,12326.0,Under Construction,1138.0,1.05,Sector 79,5,0
1341,3.0,4.0,3.0,13473.0,5-10,2375.0,3.2,Sector 59,4,0
1342,2.0,2.0,2.0,8749.0,5-10,1040.0,0.9099,Ardee City,3,1
1343,3.0,5.0,2.0,17925.736235595392,Under Construction,2343.0,4.2,Sector 108,5,0
1344,3.0,3.0,2.0,16750.0,Under Construction,2400.0,4.02,Sector 66,2,0
1345,3.0,3.0,3.0,17916.0,0-1,1440.0,2.58,Sector 37D,4,0
1346,4.0,4.0,3.0,18000.0,1-5,4944.0,9.0,Sector 65,5,0
1347,3.0,3.0,3.0,23864.0,1-5,1745.0,2.89,Sector 108,5,1
1348,4.0,4.0,3.0,23809.0,5-10,4200.0,10.0,Sector 54,3,1
1349,3.0,3.0,3.0,6850.0,Under Construction,1820.0,1.25,Sector 37C,3,0
1350,3.0,3.0,3.0,10689.0,Under Construction,1450.0,1.55,Sector 93,4,1
1351,3.0,3.0,3.0,10335.0,1-5,1790.0,1.85,Sector-33 Sohna,4,0
1352,2.0,2.0,2.0,9712.0,1-5,1565.0,1.52,Sector 70A,4,1
1353,2.0,2.0,2.0,8965.0,0-1,1450.0,1.3,Sector 70A,0,1
1354,3.0,3.0,3.0,16326.0,Under Construction,1470.0,2.4,Sector 63A,5,0
1355,3.0,3.0,3.0,5641.0,1-5,1950.0,1.1,Sector 90,4,0
1356,2.0,2.0,3.0,6888.0,1-5,900.0,0.62,Sector 95,1,0
1357,4.0,4.0,3.0,8666.0,1-5,4500.0,3.9,Sector 48,5,1
1358,4.0,4.0,3.0,10800.0,1-5,3200.0,2.7,Sector 48,2,1
1359,4.0,4.0,4.0,6345.0,5-10,2364.0,1.7,Sector 91,5,1
1360,4.0,4.0,4.0,7765.0,1-5,2215.0,1.72,Sector 90,3,0
1361,3.0,3.0,4.0,7787.0,1-5,1862.0,1.45,Sector 91,3,0
1362,4.0,5.0,4.0,12146.0,1-5,3005.0,3.65,Sector 86,3,0
1363,3.0,4.0,3.0,8320.0,1-5,1923.0,1.6,Sector 84,4,0
1364,4.0,5.0,2.0,10675.0,1-5,3185.0,3.4,Sector 81,4,0
1365,3.0,3.0,1.0,8320.0,1-5,1935.0,1.61,Sector 86,4,0
1366,4.0,5.0,2.0,4666.0,0-1,2786.0,1.3,Sector 86,2,0
1367,3.0,3.0,1.0,8035.0,1-5,1929.0,1.55,Sector 86,4,0
1368,3.0,3.0,2.0,11000.0,10+,1500.0,1.65,Sector 51,3,0
1369,3.0,3.0,2.0,11342.592592592591,1-5,2160.0,2.45,South City 1,3,0
1370,2.0,2.0,4.0,5714.0,1-5,1400.0,0.8,Sector 95,0,0
1371,3.0,3.0,2.0,12000.0,0-1,1500.0,1.8,Sector 42,3,1
1372,2.0,2.0,2.0,7875.0,1-5,1200.0,0.63,Sector 83,2,0
1373,3.0,3.0,3.0,5833.0,1-5,2400.0,1.4,Sector 82,2,0
1374,2.0,2.0,2.0,6344.0,1-5,930.0,0.59,Sector 82,4,0
1375,2.0,2.0,1.0,7209.0,Under Construction,645.0,0.465,Sector 68,2,1
1376,2.0,1.0,3.0,4426.0,Under Construction,745.0,0.33,Sohna,4,1
1377,4.0,4.0,2.0,19753.0,0-1,2025.0,4.0,DLF Phase 2,2,1
1378,3.0,4.0,4.0,12639.0,1-5,2690.0,3.4,Sector 113 Gurgaon,5,1
1379,3.0,3.0,4.0,12855.0,1-5,2217.0,2.85,Sector 113 Gurgaon,5,1
1380,2.0,2.0,3.0,12030.0,1-5,1330.0,1.6,Sector 113 Gurgaon,5,1
1381,3.0,3.0,3.0,9135.0,Under Construction,1423.0,1.3,Sector 89,4,0
1382,3.0,4.0,3.0,15000.0,Under Construction,2000.0,3.0,Sector 65,5,1
1383,3.0,5.0,3.0,9230.0,0-1,1950.0,1.8,Sector 70,3,0
1384,3.0,2.0,2.0,6161.0,5-10,2110.0,1.3,Sector 83,2,0
1385,4.0,4.0,4.0,12500.0,Under Construction,2600.0,3.25,Sector 113 Gurgaon,6,1
1386,3.0,3.0,3.0,9620.0,0-1,1450.0,1.39,Gwal Pahari,5,1
1387,2.0,2.0,2.0,16483.0,0-1,1365.0,2.25,Sector 60,5,1
1388,3.0,3.0,3.0,13888.0,0-1,1620.0,2.25,Sector 63A,6,1
1389,4.0,4.0,2.0,19615.0,0-1,2600.0,5.1,Sector 49,3,1
1390,4.0,4.0,3.0,18000.0,0-1,2000.0,3.6,Malibu Town,2,0
1391,3.0,3.0,2.0,16000.0,0-1,1250.0,2.0,Sector 65,3,1
1392,4.0,4.0,3.0,18275.0,0-1,1450.0,2.65,Sector 63A,0,1
1393,3.0,3.0,2.0,15200.0,Under Construction,1250.0,1.9,Sector 63A,1,1
1394,3.0,4.0,1.0,21256.0,5-10,2164.0,4.6,sector 58,5,0
1395,4.0,5.0,4.0,9410.0,1-5,3188.0,3.0,Sector 102,4,1
1396,3.0,3.0,3.0,10007.0,1-5,2598.0,2.6,Sector 102,4,1
1397,2.0,3.0,2.0,15395.0,1-5,1429.0,2.2,Sector 60,5,1
1398,3.0,3.0,2.0,12193.0,0-1,1550.0,1.89,Golf Course Ext Road,0,0
1399,9.0,8.0,4.0,24691.35802469136,5-10,3240.0,8.0,Sector 48,5,1
1400,4.0,4.0,2.0,14743.0,Under Construction,1560.0,2.3,Sector 63A,6,1
1401,4.0,4.0,4.0,8500.0,Under Construction,2000.0,1.7,Sector 91,3,1
1402,2.0,3.0,2.0,10689.0,5-10,1450.0,1.55,Sector 66,5,0
1403,3.0,3.0,2.0,19629.0,0-1,1350.0,2.65,DLF Phase 2,3,1
1404,4.0,4.0,2.0,15550.0,Under Construction,2090.0,3.25,Uppals Southend,2,1
1405,4.0,4.0,2.0,16255.0,Under Construction,2430.0,3.95,Sector 50,3,1
1406,3.0,3.0,2.0,17829.0,0-1,1290.0,2.3,Malibu Town,2,1
1407,4.0,4.0,2.0,11263.0,0-1,1820.0,2.05,Sector 67A,5,1
1408,4.0,4.0,4.0,20940.0,Under Construction,2913.0,6.1,Sector 108,5,0
1409,4.0,4.0,2.0,12500.0,Under Construction,2600.0,3.25,Uppals Southend,2,1
1410,4.0,5.0,2.0,18947.0,0-1,1900.0,3.6,Malibu Town,2,1
1411,3.0,3.0,2.0,18846.0,0-1,1300.0,2.45,DLF Phase 2,3,1
1412,4.0,4.0,4.0,18178.0,Under Construction,2448.0,4.45,Sector 108,5,0
1413,3.0,3.0,3.0,10124.0,Under Construction,1689.0,1.71,Sector 104,5,0
1414,3.0,4.0,2.0,15726.0,0-1,2003.0,3.15,Sector 108,5,0
1415,3.0,3.0,2.0,16949.0,0-1,1711.0,2.9,Sector 108,5,0
1416,2.0,2.0,2.0,24758.0,0-1,1381.0,2.1,Sector 108,5,0
1417,3.0,5.0,2.0,17498.0,0-1,2343.0,4.1,Sector 108,5,0
1418,3.0,3.0,3.0,10765.0,Under Construction,1672.0,1.8,Sector 76,5,1
1419,4.0,4.0,3.0,12500.0,0-1,4000.0,5.0,Sector 56,1,1
1420,3.0,3.0,3.0,11428.0,5-10,2100.0,2.4,Sector 82A,4,0
1421,4.0,5.0,4.0,26502.057613168727,0-1,2430.0,6.44,Sector 109,5,0
1422,3.0,3.0,2.0,13888.0,0-1,1800.0,2.5,DLF Phase 2,1,1
1423,4.0,4.0,2.0,16666.0,0-1,4500.0,7.5,Sector 26,3,1
1424,3.0,3.0,3.0,8000.0,Under Construction,1900.0,1.51,Sector 106,6,0
1425,4.0,4.0,4.0,14000.0,Under Construction,2670.0,3.66,Sector 111,2,0
1426,4.0,4.0,4.0,14000.0,Under Construction,2400.0,3.33,Sector 111,2,1
1427,3.0,3.0,3.0,14000.0,Under Construction,2170.0,3.0,Sector 111,2,0
1428,3.0,3.0,3.0,13000.0,Under Construction,1825.0,2.52,Sector 111,2,0
1429,3.0,3.0,4.0,13526.0,1-5,2802.0,3.79,Sector 112,4,0
1430,3.0,4.0,4.0,17673.0,5-10,3112.0,5.5,Sector 65,5,1
1431,3.0,3.0,3.0,12857.0,10+,1400.0,1.8,Sector 54,3,1
1432,4.0,5.0,4.0,8048.0,1-5,2746.0,2.21,Sector 107,2,0
1433,3.0,4.0,4.0,7412.0,1-5,2361.0,1.75,Sector 107,2,0
1434,3.0,3.0,4.0,7514.0,1-5,1943.0,1.46,Sector 107,2,0
1435,2.0,2.0,3.0,7627.0,1-5,1534.0,1.17,Sector 107,2,0
1436,2.0,2.0,4.0,8818.0,1-5,1366.0,0.97,Sector 107,2,0
1437,3.0,4.0,3.0,18842.0,1-5,3025.0,5.7,Sector 59,6,1
1438,3.0,3.0,3.0,21500.0,Under Construction,3525.0,7.57,Sector 65,5,1
1439,3.0,4.0,2.0,12888.0,5-10,2250.0,2.9,Sector 63,1,0
1440,3.0,3.0,2.0,7390.0,Under Construction,1786.0,1.32,Sector 93,0,1
1441,4.0,4.0,2.0,16666.0,0-1,3000.0,5.0,Sushant Lok Phase 1,3,1
1442,4.0,4.0,2.0,20000.0,1-5,3750.0,7.5,Sector 66,6,1
1443,3.0,3.0,2.0,13223.0,Under Construction,3025.0,4.0,Sector 59,6,1
1444,3.0,3.0,2.0,7278.0,Under Construction,1786.0,1.3,Sector 93,0,1
1445,3.0,3.0,3.0,8787.0,1-5,1650.0,1.45,Sector 102,4,0
1446,5.0,5.0,4.0,15625.0,1-5,4900.0,7.49,Sector 60,5,0
1447,4.0,5.0,3.0,16071.0,0-1,2800.0,4.5,Sector 60,5,0
1448,4.0,5.0,3.0,16000.0,0-1,2800.0,4.48,Sector 60,5,0
1449,4.0,5.0,3.0,15892.0,0-1,2800.0,4.45,Sector 60,5,0
1450,4.0,5.0,3.0,21761.0,1-5,2800.0,4.57,Sector 60,5,0
1451,4.0,4.0,4.0,16214.0,1-5,2800.0,4.54,Sector 60,5,0
1452,3.0,3.0,3.0,23197.0,5-10,1983.0,4.6,Sector 54,4,0
1453,4.0,4.0,3.0,19666.0,5-10,3000.0,5.9,Sector 54,4,0
1454,3.0,3.0,3.0,25373.0,1-5,2550.0,4.25,Sector 72,3,0
1455,4.0,5.0,4.0,22486.0,1-5,2905.0,4.25,Sector 72,3,0
1456,3.0,3.0,4.0,15971.0,Under Construction,2567.0,4.1,Sector 62,5,0
1457,3.0,5.0,3.0,16102.0,5-10,2422.0,3.9,Sector 67,4,1
1458,3.0,3.0,4.0,16996.0,0-1,2588.0,4.4,Sector 62,5,0
1459,3.0,3.0,3.0,5840.0,Under Construction,1250.0,0.73,Sector 37D,1,1
1460,2.0,2.0,2.0,5858.0,Under Construction,990.0,0.58,Sector 37D,1,1
1461,3.0,2.0,4.0,4369.0,0-1,1210.0,0.529,Sohna,4,1
1462,3.0,3.0,2.0,9259.25925925926,0-1,1836.0,1.7,Sector 43,3,1
1463,3.0,3.0,3.0,17073.0,Under Construction,2050.0,3.5,Sector 65,6,1
1464,3.0,3.0,4.0,8500.0,1-5,1785.0,1.52,Sector 83,5,0
1465,3.0,3.0,2.0,9090.0,Under Construction,1430.0,1.3,Gwal Pahari,5,1
1466,2.0,2.0,3.0,9545.0,1-5,1100.0,1.05,Sector 83,4,1
1467,4.0,5.0,4.0,8534.0,0-1,2812.0,2.4,Sector 85,4,0
1468,4.0,3.0,3.0,11179.0,0-1,2100.0,1.99,Sector 63A,4,0
1469,4.0,4.0,3.0,24820.0,5-10,2917.0,7.24,Sector 54,3,0
1470,4.0,4.0,3.0,21354.0,Under Construction,3395.0,7.25,Sector 59,6,0
1471,3.0,3.0,3.0,16883.0,5-10,3850.0,6.5,Sector 65,5,0
1472,4.0,4.0,3.0,10842.62701363073,5-10,4842.0,5.25,Sector 73,4,0
1473,2.0,2.0,3.0,14435.0,5-10,1524.0,2.2,Sector 60,5,0
1474,4.0,4.0,4.0,12325.0,0-1,2872.0,3.59,Sector 81,5,0
1475,4.0,4.0,4.0,14000.0,0-1,2000.0,2.8,South City 1,3,0
1476,4.0,4.0,2.0,12807.0,0-1,2850.0,3.7,DLF Phase 1,3,1
1477,4.0,3.0,2.0,10588.0,Under Construction,1700.0,1.8,Sector 63A,6,1
1478,3.0,3.0,4.0,8500.0,10+,1650.0,1.4,Sector 50,3,1
1479,3.0,3.0,1.0,5971.0,5-10,2177.0,1.3,Sector 109,1,0
1480,3.0,3.0,3.0,11194.0,1-5,1340.0,1.5,Gwal Pahari,5,1
1481,3.0,3.0,4.0,22009.56937799043,Under Construction,2299.0,5.06,Sector 53,3,1
1482,4.0,4.0,2.0,7530.0,1-5,4050.0,3.05,Bhondsi,1,1
1483,4.0,4.0,4.0,14666.0,5-10,2250.0,3.3,DLF Phase 2,3,0
1484,4.0,4.0,3.0,16190.0,5-10,2100.0,3.4,Sector 66,6,1
1485,3.0,3.0,3.0,6923.0,0-1,1820.0,1.26,Sector 37C,3,0
1486,2.0,2.0,3.0,13945.0,1-5,1470.0,2.05,Sector 67,4,0
1487,3.0,3.0,4.0,16842.0,1-5,1692.0,1.6,Sector 68,4,1
1488,2.0,2.0,2.0,8741.0,1-5,1224.0,1.07,Sector 68,4,1
1489,3.0,2.0,2.0,10222.0,5-10,1350.0,1.38,Sector 110 A,3,0
1490,2.0,2.0,3.0,12353.0,1-5,1449.0,1.79,Sector 66,3,0
1491,4.0,5.0,3.0,16467.0,0-1,3340.0,5.5,Sector 26,3,1
1492,3.0,3.0,2.0,8708.0,1-5,1975.0,1.72,Sector 72,2,1
1493,4.0,5.0,4.0,9241.0,1-5,2597.0,2.4,Sector 72,2,1
1494,4.0,6.0,4.0,8896.0,1-5,3653.0,3.25,Sector 72,2,1
1495,3.0,3.0,3.0,11000.0,5-10,1500.0,1.65,Malibu Town,2,0
1496,4.0,4.0,4.0,6666.666666666667,5-10,2700.0,1.8,Malibu Town,2,1
1497,9.0,9.0,4.0,27488.425925925927,5-10,1728.0,4.75,Sector 48,5,1
1498,4.0,4.0,4.0,12528.0,5-10,2195.0,2.75,Sector 48,4,0
1499,3.0,3.0,2.0,9782.0,0-1,1789.0,1.75,Sector-33 Sohna,4,1
1500,3.0,3.0,2.0,10496.0,0-1,2134.0,2.24,Sector-33 Sohna,4,1
1501,4.0,4.0,2.0,10116.0,0-1,2570.0,2.6,Sector-33 Sohna,4,1
1502,3.0,3.0,2.0,9223.0,0-1,1789.0,1.65,Sector-33 Sohna,4,1
1503,3.0,3.0,2.0,9782.0,0-1,1789.0,1.75,Sector-33 Sohna,4,1
1504,4.0,4.0,3.0,9960.0,0-1,4518.0,4.5,Sector 45,2,1
1505,3.0,3.0,2.0,9497.0,0-1,1790.0,1.7,Sector-33 Sohna,4,1
1506,4.0,4.0,3.0,8744.855967078189,0-1,4860.0,4.25,Sector 45,2,0
1507,9.0,9.0,4.0,25641.02564102564,1-5,1755.0,4.5,Malibu Town,2,0
1508,3.0,3.0,2.0,10651.629072681704,1-5,2394.0,2.55,Malibu Town,2,1
1509,4.0,4.0,3.0,10888.0,0-1,4500.0,4.9,Greenwood City,3,1
1510,4.0,4.0,4.0,8641.975308641975,0-1,3240.0,2.8,South City 2,3,1
1511,3.0,3.0,2.0,8680.555555555555,0-1,1728.0,1.5,Sector-33 Sohna,4,0
1512,3.0,3.0,2.0,9050.0,0-1,1790.0,1.62,Sector-33 Sohna,4,1
1513,3.0,3.0,4.0,10476.0,0-1,1575.0,1.65,Sector-33 Sohna,4,0
1514,4.0,5.0,4.0,12500.0,1-5,4000.0,5.0,Sector 47,2,1
1515,3.0,4.0,4.0,11300.0,5-10,2345.0,2.65,Sector 48,5,0
1516,4.0,5.0,4.0,9626.0,1-5,2597.0,2.5,Sector 72,2,1
1517,1.0,2.0,1.0,6767.0,1-5,362.0,0.245,Sector 102,4,1
1518,4.0,4.0,4.0,15957.0,5-10,3760.0,6.0,Sector 66,2,0
1519,6.0,5.0,3.0,20833.33333333333,5-10,1440.0,3.0,Sector 10A,1,1
1520,3.0,3.0,2.0,8786.0,0-1,1764.0,1.55,Sector 48,5,1
1521,3.0,3.0,3.0,8250.0,5-10,2000.0,1.99,Sector 110 A,3,1
1522,4.0,5.0,3.0,20640.0,5-10,2810.0,5.8,DLF Phase 5,4,0
1523,3.0,4.0,2.0,13505.0,5-10,1777.0,2.4,DLF Phase 4,3,0
1524,4.0,4.0,2.0,13593.0,5-10,4500.0,4.35,Sector 54,3,1
1525,3.0,3.0,2.0,11666.0,5-10,1200.0,1.4,Malibu Town,2,0
1526,3.0,3.0,2.0,6620.0,0-1,1737.0,1.15,Sector-33 Sohna,2,1
1527,2.0,2.0,2.0,9422.0,Under Construction,990.0,0.9328,Sector 37D,4,0
1528,3.0,2.0,2.0,12006.0,Under Construction,1000.0,1.2,Sector 93,5,0
1529,3.0,2.0,3.0,6521.0,Under Construction,1150.0,0.75,Sector 92,4,0
1530,4.0,4.0,3.0,11803.0,10+,3643.0,4.3,Sector 48,5,0
1531,2.0,2.0,3.0,7324.0,10+,1024.0,0.75,Valley View Estate,2,0
1532,2.0,2.0,2.0,6923.0,10+,1300.0,0.9,Sector 50,3,1
1533,3.0,4.0,2.0,16500.0,Under Construction,2072.0,3.42,Sector 108,5,0
1534,3.0,2.0,2.0,6645.0,5-10,1580.0,1.05,Sector 50,3,1
1535,3.0,3.0,4.0,13619.0,Under Construction,2937.0,4.0,Sector 76,6,1
1536,4.0,4.0,4.0,13846.0,Under Construction,3900.0,5.4,Sector 76,6,1
1537,3.0,3.0,2.0,7941.0,1-5,1700.0,1.35,Sector 50,3,1
1538,3.0,3.0,3.0,8333.0,5-10,1800.0,1.5,Sector 50,3,1
1539,3.0,3.0,2.0,14772.0,1-5,2200.0,3.25,Sector 66,6,0
1540,3.0,3.0,3.0,19920.0,5-10,1400.0,2.79,Sector 65,6,0
1541,3.0,3.0,3.0,18333.0,1-5,1200.0,2.2,Sector 63A,5,1
1542,3.0,3.0,3.0,16845.0,1-5,2048.0,3.45,Sector 67,4,0
1543,2.0,2.0,2.0,7315.0,1-5,1490.0,1.2,Sector 88A,4,0
1544,3.0,3.0,3.0,7619.0,10+,2100.0,1.6,Sector 50,3,1
1545,3.0,4.0,4.0,8837.0,0-1,2150.0,1.9,Sector 89 A,4,1
1546,3.0,3.0,4.0,13108.0,Under Construction,2937.0,3.85,Sector 76,1,1
1547,2.0,3.0,3.0,9138.0,Under Construction,1138.0,1.04,New golf course ext road,1,1
1548,2.0,2.0,3.0,13333.0,0-1,1400.0,1.6,Sector 74,6,0
1549,4.0,4.0,4.0,6739.0,1-5,2364.0,1.55,Sector 90,3,0
1550,4.0,4.0,4.0,8315.0,1-5,2727.0,1.9,Sector 90,3,0
1551,4.0,4.0,4.0,9580.0,Under Construction,2250.0,1.6,Sector 91,1,0
1552,5.0,4.0,4.0,9084.0,Under Construction,3482.0,2.75,Sector 91,1,0
1553,9.0,9.0,4.0,22133.68747233289,1-5,4518.0,10.0,Sector 39,2,1
1554,3.0,4.0,3.0,20175.0,1-5,2850.0,5.75,Sector 65,5,1
1555,3.0,4.0,3.0,17894.0,1-5,2850.0,5.1,Sector 65,5,0
1556,3.0,3.0,2.0,24178.0,5-10,2647.0,6.4,Sector 48,5,0
1557,3.0,4.0,3.0,12135.0,5-10,2060.0,2.5,Sector 61,5,0
1558,2.0,2.0,2.0,13670.0,1-5,1463.0,2.0,Sector 66,3,0
1559,4.0,4.0,3.0,15634.0,Under Construction,2423.0,3.79,Sector 108,5,1
1560,4.0,4.0,3.0,12000.0,5-10,4800.0,5.76,Sector 112,4,0
1561,4.0,4.0,4.0,24175.0,Under Construction,4550.0,10.999625,Sector 65,5,0
1562,3.0,3.0,4.0,6647.0,1-5,1730.0,1.5,Sector 90,3,0
1563,4.0,4.0,4.0,6556.0,1-5,2364.0,1.65,Sector 90,3,0
1564,3.0,3.0,2.0,16204.0,Under Construction,2129.0,3.45,Sohna,1,0
1565,2.0,2.0,4.0,11000.0,Under Construction,1370.0,1.51,Sector 70A,1,0
1566,4.0,4.0,4.0,18055.0,5-10,2200.0,3.25,Sector 50,3,0
1567,3.0,3.0,2.0,11851.0,5-10,2475.0,1.6,Sector 47,2,0
1568,3.0,3.0,3.0,21012.482662968097,0-1,2884.0,6.06,Sector 65,5,0
1569,4.0,5.0,4.0,13888.0,1-5,2700.0,3.75,DLF Phase 2,3,0
1570,4.0,5.0,2.0,21088.0,5-10,2940.0,6.2,DLF Phase 5,0,0
1571,4.0,5.0,3.0,20400.0,5-10,2500.0,5.1,DLF Phase 5,3,0
1572,4.0,5.0,3.0,21090.0,5-10,2750.0,5.8,DLF Phase 5,4,0
1573,4.0,4.0,2.0,10600.0,Under Construction,2500.0,2.65,Sector 46,2,1
1574,5.0,7.0,4.0,11823.0,5-10,3383.0,4.0,Sector 48,4,0
1575,3.0,3.0,4.0,9615.0,0-1,1976.0,1.9,Sector 70A,1,1
1576,3.0,3.0,3.0,13850.0,1-5,2527.0,3.5,Sector 67,4,1
1577,3.0,3.0,4.0,7812.0,1-5,1920.0,1.5,Sector 92,4,1
1578,3.0,3.0,4.0,12448.0,Under Construction,1205.0,1.5,Sector 93,4,1
1579,3.0,3.0,4.0,6122.0,5-10,1960.0,1.2,Sector 82,4,1
1580,3.0,3.0,4.0,6944.0,0-1,1800.0,1.25,Sector 37D,3,1
1581,3.0,4.0,3.0,8965.0,5-10,1450.0,1.3,Sector 77,4,1
1582,3.0,4.0,3.0,9551.0,1-5,2408.0,2.3,Sector 85,4,1
1583,3.0,4.0,4.0,10516.0,1-5,2092.0,2.2,Sector 81,5,1
1584,3.0,5.0,4.0,10909.0,1-5,4583.0,5.0,Sector 22,6,1
1585,3.0,4.0,4.0,9398.0,0-1,2660.0,2.5,Sector 81,4,1
1586,3.0,4.0,4.0,12244.0,1-5,2450.0,3.0,Sector 104,6,1
1587,4.0,4.0,2.0,10000.0,0-1,2700.0,2.7,Nirvana Country,3,0
1588,3.0,3.0,2.0,10742.0,0-1,1750.0,1.88,Sector 54,3,1
1589,3.0,3.0,2.0,9076.0,0-1,1950.0,1.77,Sector 52,2,1
1590,3.0,3.0,2.0,9250.0,0-1,2000.0,1.85,Sector 65,6,1
1591,4.0,4.0,4.0,18730.0,Under Construction,2750.0,5.15,DLF Phase 4,3,0
1592,4.0,5.0,4.0,13452.0,0-1,4200.0,5.65,DLF Phase 3,3,0
1593,3.0,2.0,4.0,6938.0,Under Construction,1470.0,1.02,Sector 37D,4,0
1594,4.0,4.0,3.0,12345.67901234568,1-5,3240.0,4.0,South City 1,1,1
1595,4.0,4.0,3.0,6092.0,1-5,2462.0,1.5,Sector 89,4,0
1596,3.0,4.0,4.0,5950.0,1-5,1940.0,1.15,Sector 103,2,0
1597,2.0,2.0,4.0,7466.0,0-1,1741.0,1.3,Sector 85,4,0
1598,3.0,3.0,3.0,14700.0,5-10,2687.0,3.95,DLF Phase 3,3,0
1599,3.0,3.0,3.0,25925.925925925927,10+,540.0,1.4,DLF Phase 3,3,1
1600,3.0,3.0,3.0,15728.0,0-1,1812.0,2.85,Sector 63,6,1
1601,3.0,4.0,3.0,12426.0,1-5,2535.0,3.15,Sector 113 Gurgaon,4,0
1602,3.0,3.0,2.0,14545.0,1-5,1650.0,2.4,Palam Vihar,2,1
1603,3.0,3.0,2.0,12693.0,1-5,1678.0,2.13,Palam Vihar,2,1
1604,3.0,3.0,3.0,4360.0,1-5,1720.0,0.75,Sector 37D,3,1
1605,3.0,3.0,2.0,19493.0,Under Construction,3950.0,7.7,Sector 63,1,0
1606,3.0,3.0,2.0,6875.0,1-5,3200.0,2.2,Sector 37D,3,1
1607,3.0,3.0,2.0,15179.0,1-5,1712.0,2.5,Sector 104,6,0
1608,3.0,2.0,3.0,8468.0,1-5,2338.0,1.98,Sector 108,4,0
1609,2.0,2.0,2.0,15337.0,1-5,1304.0,2.0,Sector 60,5,0
1610,3.0,4.0,4.0,16058.0,5-10,3425.0,5.5,Sector 53,4,0
1611,4.0,2.0,1.0,1304.449103191242,1-5,4293.0,0.56,Subhash Nagar,1,1
1612,3.0,3.0,2.0,8101.851851851852,0-1,2160.0,1.75,Sector 48,5,1
1613,3.0,4.0,4.0,9236.0,1-5,2003.0,1.85,Sector 108,4,1
1614,4.0,3.0,1.0,5923.0,1-5,2836.0,1.68,Sector 109,1,1
1615,4.0,4.0,4.0,16452.0,10+,3495.0,5.95,Sector 53,4,1
1616,3.0,4.0,4.0,14727.0,5-10,2750.0,4.05,Sector 53,4,0
1617,3.0,4.0,4.0,13644.0,5-10,2895.0,3.95,Sector 53,4,0
1618,2.0,2.0,2.0,4307.0,5-10,1625.0,0.7,Sector 82,2,0
1619,3.0,4.0,4.0,15277.0,10+,3600.0,5.5,Sector 53,4,0
1620,3.0,4.0,4.0,15025.0,10+,2895.0,4.35,Sector 53,4,0
1621,3.0,4.0,4.0,14862.0,10+,2725.0,4.05,Sector 53,4,0
1622,3.0,4.0,4.0,14311.0,10+,2725.0,3.9,Sector 53,4,0
1623,4.0,4.0,4.0,24900.3984063745,10+,4518.0,11.25,Sector 48,3,0
1624,4.0,5.0,4.0,9708.0,5-10,2400.0,2.33,Sector 70,6,0
1625,3.0,3.0,2.0,10185.0,0-1,1620.0,1.65,Sector 79,5,0
1626,3.0,3.0,2.0,10493.0,0-1,1620.0,1.7,Sector 79,5,0
1627,3.0,3.0,3.0,7828.0,1-5,1980.0,1.55,Sector 83,5,0
1628,4.0,4.0,3.0,16666.666666666668,1-5,2700.0,4.5,Sector 82,4,0
1629,2.0,2.0,2.0,8088.0,1-5,1360.0,1.1,Sector 81,5,0
1630,4.0,4.0,4.0,19966.0,1-5,2995.0,5.98,Sector 65,3,1
1631,4.0,4.0,3.0,14839.0,1-5,2527.0,3.85,Sector 62,2,1
1632,4.0,4.0,4.0,24789.72996901284,10+,4518.0,11.2,Sector 48,3,0
1633,3.0,3.0,4.0,10121.0,1-5,1976.0,2.0,Sector 70A,0,1
1634,2.0,2.0,3.0,9629.0,0-1,1350.0,1.3,Sector 70,3,1
1635,3.0,5.0,3.0,8717.0,0-1,1950.0,1.7,Sector 70,3,1
1636,3.0,4.0,3.0,9302.0,5-10,2150.0,2.0,Sector 70,3,1
1637,3.0,3.0,4.0,6970.0,0-1,1865.0,1.3,Sector 70,3,1
1638,3.0,4.0,4.0,7058.0,0-1,2125.0,1.5,Sector 70,3,1
1639,3.0,4.0,3.0,18213.0,0-1,2295.0,4.18,Sector 59,6,0
1640,3.0,4.0,3.0,18082.0,0-1,2295.0,4.15,Sector 59,6,0
1641,3.0,3.0,3.0,18615.0,0-1,2095.0,3.9,Sector 59,6,0
1642,3.0,3.0,3.0,18823.0,0-1,2295.0,4.32,Sector 59,6,0
1643,3.0,3.0,3.0,18736.0,0-1,2295.0,4.3,Sector 59,6,0
1644,3.0,3.0,2.0,8951.0,0-1,1430.0,1.44,Gwal Pahari,5,0
1645,3.0,3.0,2.0,8881.0,Under Construction,1430.0,1.42,Gwal Pahari,5,0
1646,3.0,3.0,2.0,9020.0,0-1,1430.0,1.4,Gwal Pahari,5,0
1647,3.0,3.0,3.0,9742.0,5-10,1437.0,1.4,Sector 70,4,0
1648,4.0,5.0,2.0,15555.0,0-1,4500.0,7.0,Sector 26,3,0
1649,2.0,2.0,1.0,9375.0,Under Construction,1440.0,1.35,Sector 85,4,1
1650,4.0,4.0,3.0,28571.0,5-10,3850.0,10.999835,Sector 54,3,0
1651,1.0,1.0,1.0,6203.0,1-5,935.0,0.58,Sector 83,4,0
1652,2.0,2.0,3.0,6666.0,1-5,1050.0,0.7,Sector 83,3,0
1653,2.0,2.0,4.0,8028.0,Under Construction,1557.0,1.25,Sector-33 Sohna,4,0
1654,3.0,4.0,4.0,9318.0,Under Construction,1996.0,1.86,Sector-33 Sohna,4,1
1655,4.0,4.0,4.0,7900.0,1-5,2215.0,1.75,Sector 90,3,1
1656,4.0,5.0,4.0,13485.0,5-10,2410.0,3.25,Sector 66,4,1
1657,4.0,4.0,4.0,8700.0,1-5,2215.0,1.9,Sector 90,3,1
1658,4.0,4.0,4.0,16455.0,1-5,1975.0,3.25,Sector 65,2,0
1659,2.0,2.0,2.0,12142.0,Under Construction,1508.0,1.7,Sector 62,5,1
1660,4.0,4.0,4.0,13090.0,Under Construction,2750.0,3.6,Sector 106,5,1
1661,3.0,4.0,2.0,13125.0,1-5,1920.0,2.1,Sector 66,3,0
1662,3.0,3.0,3.0,12745.0,1-5,2550.0,3.25,Sector 72,3,1
1663,4.0,6.0,3.0,18750.0,5-10,2850.0,4.5,Sector 30,4,0
1664,3.0,4.0,3.0,11395.0,0-1,2150.0,2.45,Sector 79,3,1
1665,3.0,4.0,2.0,8931.761343336906,1-5,2799.0,2.5,Uppals Southend,2,1
1666,4.0,5.0,4.0,14095.0,5-10,2625.0,3.7,Sector 72,3,0
1667,4.0,4.0,3.0,19230.0,Under Construction,3600.0,5.0,Sector 73,4,0
1668,4.0,4.0,3.0,13194.0,Under Construction,3600.0,4.75,Sector 73,4,0
1669,2.0,2.0,1.0,4944.0,Under Construction,900.0,0.445,Sector 88A,4,0
1670,2.0,2.0,1.0,4888.0,Under Construction,900.0,0.44,Sector 88A,4,0
1671,4.0,4.0,4.0,10156.0,5-10,2560.0,2.6,Sector 49,2,1
1672,3.0,3.0,3.0,7344.0,1-5,1702.0,1.25,Sector 90,3,0
1673,3.0,4.0,3.0,13343.0,1-5,2061.0,2.75,Sector 49,3,0
1674,3.0,4.0,3.0,10131.0,Under Construction,2800.0,2.7,Sector 51,5,0
1675,3.0,2.0,2.0,7014.0,Under Construction,1432.0,1.0,Sector 92,4,0
1676,3.0,3.0,4.0,16100.0,Under Construction,1650.0,2.66,Sector 113 Gurgaon,5,0
1677,2.0,2.0,4.0,14100.0,Under Construction,1350.0,1.9,Sector 113 Gurgaon,5,0
1678,3.0,4.0,4.0,13025.0,5-10,2380.0,3.1,Sector 49,3,0
1679,3.0,3.0,3.0,24277.0,Under Construction,1627.0,3.95,Sector 63,6,0
1680,2.0,2.0,3.0,12500.0,0-1,1424.0,1.78,Sector 74,6,1
1681,3.0,4.0,4.0,16018.0,1-5,2185.0,3.5,Sector 72,3,1
1682,4.0,5.0,4.0,17039.0,1-5,2905.0,4.95,Sector 72,3,1
1683,2.0,2.0,2.0,11943.0,0-1,1415.0,1.69,Sector 74,6,1
1684,2.0,2.0,2.0,11455.0,0-1,1484.0,1.7,Sector 67A,4,1
1685,2.0,2.0,2.0,6677.0,5-10,1198.0,0.8,Sector 71,5,1
1686,4.0,4.0,3.0,5927.0,5-10,2193.0,1.3,Sector 71,5,1
1687,3.0,3.0,3.0,13315.0,Under Construction,1855.0,2.47,Sector 106,5,1
1688,2.0,2.0,2.0,5185.0,1-5,1890.0,0.98,Sushant Lok Phase 3,3,1
1689,4.0,4.0,3.0,11481.481481481482,0-1,2700.0,3.1,Sushant Lok Phase 1,3,1
1690,4.0,4.0,3.0,8490.0,Under Construction,2650.0,2.25,Sector 3,5,1
1691,3.0,3.0,2.0,9749.455337690631,1-5,1836.0,1.79,Sector 57,3,1
1692,3.0,3.0,2.0,8750.0,1-5,2160.0,1.89,Sushant Lok Phase 2,3,1
1693,4.0,4.0,2.0,7115.009746588694,1-5,3078.0,2.19,Sector 57,3,1
1694,4.0,4.0,2.0,7439.896036387265,1-5,3078.0,2.29,Sector 57,3,1
1695,3.0,3.0,2.0,12882.0,0-1,1700.0,2.19,Sushant Lok Phase 1,3,1
1696,4.0,4.0,2.0,7115.009746588694,1-5,3078.0,2.19,Sector 57,3,1
1697,3.0,3.0,2.0,12344.0,0-1,1450.0,1.79,Sushant Lok Phase 2,4,1
1698,3.0,3.0,2.0,11655.0,0-1,1450.0,1.69,Sushant Lok Phase 2,4,1
1699,4.0,4.0,2.0,8641.975308641975,0-1,4050.0,3.5,Sushant Lok Phase 2,3,1
1700,4.0,4.0,4.0,13333.0,5-10,3000.0,4.0,Nirvana Country,5,0
1701,3.0,4.0,4.0,13167.0,5-10,2491.0,3.28,Nirvana Country,4,0
1702,4.0,4.0,3.0,10086.0,1-5,3470.0,3.5,Sector 81,4,0
1703,4.0,4.0,4.0,13057.0,1-5,2872.0,3.75,Sector 81,5,0
1704,4.0,6.0,4.0,10166.0,1-5,4200.0,4.27,Sector 81,4,0
1705,2.0,2.0,3.0,7317.0,1-5,1640.0,1.2,Sector 85,4,0
1706,3.0,4.0,4.0,12142.0,1-5,2100.0,2.55,Sector 81,5,0
1707,3.0,4.0,4.0,12220.0,1-5,2103.0,2.57,Sector 81,5,0
1708,4.0,4.0,4.0,16000.0,5-10,5000.0,8.0,DLF Phase 2,3,1
1709,3.0,3.0,3.0,12537.0,0-1,2018.0,2.53,Sector 74,6,0
1710,2.0,2.0,2.0,11446.0,0-1,1424.0,1.63,Sector 74,6,0
1711,4.0,3.0,2.0,15833.0,1-5,2400.0,3.8,Sector 65,6,1
1712,4.0,3.0,2.0,14285.0,1-5,1750.0,2.5,Sector 65,6,1
1713,4.0,3.0,2.0,16000.0,1-5,2000.0,3.2,Sector 65,6,1
1714,3.0,3.0,3.0,14545.0,1-5,1650.0,2.4,Sector 65,2,0
1715,4.0,3.0,2.0,13714.0,0-1,1750.0,2.4,Sector 65,6,1
1716,3.0,3.0,2.0,13043.0,0-1,1380.0,1.8,Sector 65,6,1
1717,4.0,4.0,4.0,11574.074074074077,1-5,3240.0,3.75,Nirvana Country,3,0
1718,2.0,2.0,2.0,24500.0,0-1,1508.0,2.45,Sector 62,5,1
1719,3.0,3.0,3.0,29629.62962962963,10+,2700.0,8.0,Sushant Lok Phase 1,3,1
1720,2.0,2.0,3.0,12356.0,Under Construction,1457.0,1.05,Sohna,1,1
1721,3.0,3.0,2.0,10348.0,0-1,1836.0,1.9,Sector 43,3,1
1722,4.0,5.0,4.0,5873.0,5-10,2639.0,1.55,Sector 103,4,1
1723,4.0,4.0,4.0,9523.0,1-5,3150.0,3.0,Sector 104,6,1
1724,4.0,3.0,2.0,9294.0,0-1,2367.0,2.2,Sector 43,3,1
1725,3.0,4.0,4.0,7906.0,Under Construction,2150.0,1.7,Sector 89 A,4,1
1726,3.0,2.0,2.0,11000.0,5-10,1500.0,1.65,South City 2,3,1
1727,3.0,3.0,2.0,8333.0,0-1,2400.0,2.0,Sector 54,3,1
1728,3.0,3.0,2.0,8333.0,0-1,2400.0,2.0,Sector 55,3,1
1729,3.0,3.0,2.0,8333.0,0-1,2400.0,2.0,Sector 56,3,1
1730,2.0,2.0,3.0,8464.0,1-5,1205.0,1.02,Sohna,4,0
1731,4.0,3.0,2.0,8641.0,0-1,2430.0,2.1,Sushant Lok Phase 1,3,1
1732,3.0,3.0,4.0,7511.0,1-5,2130.0,1.6,Sector 102,5,0
1733,4.0,5.0,3.0,9558.0,1-5,3400.0,3.25,Sector 110,6,0
1734,4.0,4.0,4.0,14522.0,1-5,2410.0,3.5,Sector 66,4,0
1735,4.0,4.0,4.0,16489.0,1-5,3760.0,6.2,Sector 66,2,0
1736,4.0,4.0,4.0,17142.0,1-5,2100.0,3.6,Sector 66,4,0
1737,3.0,3.0,3.0,16666.0,1-5,1380.0,2.3,Sector 65,6,1
1738,4.0,4.0,4.0,24031.007751937985,0-1,1935.0,4.65,Sector 108,3,0
1739,4.0,4.0,4.0,9056.0,Under Construction,2650.0,2.4,Sector 3,5,0
1740,3.0,4.0,3.0,10671.0,0-1,1921.0,2.05,Sector 67A,4,1
1741,3.0,3.0,3.0,16923.0,1-5,1950.0,3.3,Sector 66,6,0
1742,3.0,3.0,4.0,15909.0,1-5,2200.0,3.5,Sector 66,6,0
1743,4.0,4.0,4.0,12361.111111111111,1-5,3600.0,4.45,Sector 65,6,1
1744,4.0,4.0,4.0,10952.380952380952,1-5,3150.0,3.45,Sector 65,6,0
1745,3.0,3.0,3.0,8125.0,1-5,1600.0,1.3,Sector 57,3,1
1746,3.0,3.0,3.0,9868.0,Under Construction,1672.0,1.65,Sector 76,5,1
1747,3.0,3.0,2.0,8214.0,1-5,1400.0,1.15,Sector 57,3,1
1748,3.0,4.0,3.0,14242.0,1-5,1650.0,2.35,Sector 65,2,1
1749,2.0,2.0,2.0,16476.0,Under Construction,1050.0,1.73,Sector 63A,5,0
1750,3.0,4.0,2.0,20985.0,0-1,2072.0,4.35,Sector 108,5,0
1751,3.0,3.0,3.0,8796.0,0-1,2160.0,1.9,Sushant Lok Phase 2,3,1
1752,4.0,4.0,4.0,11111.111111111111,1-5,3150.0,3.5,Sector 65,6,0
1753,3.0,3.0,4.0,10270.0,1-5,1850.0,1.9,Sector 83,4,0
1754,4.0,4.0,4.0,12500.0,0-1,3600.0,4.5,Sector 65,6,0
1755,3.0,3.0,3.0,14666.0,1-5,3231.0,3.3,Sector 91,3,1
1756,4.0,4.0,2.0,15178.0,0-1,2800.0,4.25,Sector 54,3,1
1757,3.0,3.0,2.0,8250.0,0-1,2000.0,1.65,Sector 57,3,1
1758,2.0,2.0,1.0,7344.0,0-1,531.0,0.39,Sohna,3,1
1759,4.0,4.0,4.0,12962.0,0-1,2700.0,3.5,Sector 65,6,0
1760,2.0,2.0,2.0,16034.0,5-10,1528.0,2.45,Sector 60,5,0
1761,2.0,2.0,2.0,15750.0,1-5,1365.0,2.15,Sector 60,5,0
1762,4.0,4.0,4.0,16761.0,1-5,2625.0,4.4,Sector 66,6,0
1763,3.0,2.0,3.0,6938.0,0-1,1081.0,0.75,Sohna,4,1
1764,4.0,4.0,4.0,21176.0,1-5,1700.0,3.6,Sector 65,6,0
1765,4.0,4.0,4.0,9444.444444444443,1-5,3600.0,3.4,Sector 65,4,1
1766,4.0,4.0,3.0,31635.802469135804,10+,3240.0,10.25,Nirvana Country,3,0
1767,3.0,3.0,4.0,15384.0,5-10,2080.0,3.2,Sector 60,5,0
1768,4.0,4.0,4.0,15189.0,1-5,1975.0,3.0,Sector 65,2,0
1769,4.0,4.0,4.0,20000.0,5-10,2000.0,3.4,Sector 65,6,0
1770,2.0,2.0,2.0,6577.0,0-1,745.0,0.49,Sohna,4,1
1771,2.0,2.0,1.0,7407.0,1-5,540.0,0.4,Sector 48,2,1
1772,4.0,3.0,3.0,8571.0,0-1,2100.0,1.8,Sector 70A,4,1
1773,4.0,5.0,3.0,13333.0,1-5,3150.0,4.2,Palam Vihar,2,1
1774,4.0,5.0,2.0,13533.0,0-1,4500.0,6.09,DLF Phase 1,3,1
1775,4.0,5.0,2.0,12666.0,0-1,4500.0,5.7,DLF Phase 1,3,1
1776,4.0,5.0,2.0,11952.0,0-1,4518.0,5.4,DLF Phase 1,3,1
1777,4.0,5.0,2.0,14305.0,0-1,3600.0,5.15,DLF Phase 1,3,1
1778,4.0,5.0,2.0,13750.0,0-1,3600.0,4.95,DLF Phase 1,3,1
1779,4.0,5.0,2.0,13194.0,0-1,3600.0,4.75,DLF Phase 1,3,1
1780,4.0,5.0,2.0,15185.0,0-1,2700.0,4.1,DLF Phase 1,3,1
1781,4.0,4.0,2.0,13851.0,0-1,2700.0,3.74,DLF Phase 1,3,1
1782,3.0,3.0,2.0,15432.0,0-1,2430.0,3.75,DLF Phase 1,3,1
1783,3.0,3.0,2.0,17948.0,0-1,2430.0,3.5,DLF Phase 1,3,0
1784,3.0,3.0,2.0,13374.0,0-1,2430.0,3.25,DLF Phase 1,3,0
1785,3.0,3.0,2.0,15277.0,0-1,1800.0,2.75,DLF Phase 1,3,0
1786,3.0,3.0,2.0,13888.0,0-1,1800.0,2.5,DLF Phase 1,3,0
1787,3.0,3.0,2.0,12500.0,0-1,1800.0,2.25,DLF Phase 1,3,0
1788,3.0,3.0,2.0,16832.0,5-10,1408.0,2.37,DLF Phase 5,3,0
1789,4.0,5.0,2.0,16860.0,0-1,3618.0,6.1,DLF Phase 2,3,1
1790,4.0,5.0,4.0,16781.0,Under Construction,3039.0,5.1,Sector 62,3,0
1791,4.0,4.0,2.0,15789.0,Under Construction,2430.0,3.0,DLF Phase 1,3,0
1792,4.0,5.0,2.0,13819.0,0-1,3618.0,5.0,DLF Phase 1,3,0
1793,3.0,3.0,2.0,17825.0,Under Construction,1711.0,3.05,Sector 108,5,0
1794,3.0,3.0,4.0,15744.0,1-5,1650.0,1.61,Sector 102,4,0
1795,2.0,2.0,2.0,4138.0,5-10,1498.0,0.62,Sector 92,3,0
1796,3.0,3.0,4.0,8974.0,1-5,1950.0,1.75,Sector 83,4,0
1797,3.0,3.0,4.0,10309.0,0-1,2134.0,2.2,Sector-33 Sohna,4,0
1798,3.0,3.0,3.0,8496.0,0-1,1789.0,1.52,Sector-33 Sohna,4,0
1799,3.0,3.0,3.0,14492.0,1-5,1380.0,2.0,Sector 65,2,0
1800,3.0,3.0,2.0,9502.0,0-1,1789.0,1.7,Sector-33 Sohna,4,0
1801,4.0,4.0,4.0,8024.691358024691,0-1,3240.0,2.6,Sector 48,5,0
1802,2.0,2.0,1.0,9600.0,1-5,500.0,0.48,Sector 86,3,1
1803,3.0,5.0,3.0,9299.0,0-1,1997.0,1.46,Sector 99A,5,0
1804,3.0,2.0,2.0,8999.0,Under Construction,1389.0,1.25,Sector 104,5,0
1805,4.0,5.0,3.0,10882.0,5-10,3400.0,3.7,Sector 110,6,1
1806,2.0,2.0,4.0,7581.0,0-1,1385.0,1.05,Sector 106,6,1
1807,2.0,2.0,2.0,8784.0,5-10,1366.0,1.2,Sector 107,2,1
1808,3.0,3.0,4.0,10252.0,10+,1863.0,1.92,Sector 50,3,0
1809,5.0,7.0,4.0,22133.68747233289,1-5,4518.0,10.0,Sector 33,2,1
1810,3.0,3.0,3.0,9841.0,Under Construction,1829.0,1.8,Sector 85,4,0
1811,2.0,2.0,2.0,14351.851851851852,5-10,1080.0,1.55,New Colony,2,1
1812,3.0,2.0,3.0,7931.0,1-5,1740.0,1.15,Sector 83,2,1
1813,3.0,2.0,3.0,11111.0,Under Construction,1800.0,2.0,Sector 85,4,1
1814,3.0,3.0,2.0,9841.0,Under Construction,1829.0,1.8,Sector 85,4,0
1815,2.0,2.0,4.0,7720.0,1-5,1360.0,1.05,Sector 81,5,0
1816,4.0,4.0,3.0,8048.0,Under Construction,4038.0,3.25,Sector 76,5,1
1817,4.0,4.0,3.0,10497.416020671835,0-1,3096.0,3.25,Sector 63A,6,0
1818,4.0,4.0,2.0,11419.753086419752,0-1,3240.0,3.7,Sector 50,3,0
1819,4.0,4.0,2.0,8444.444444444445,0-1,4500.0,3.8,Sector 48,5,0
1820,3.0,3.0,2.0,9548.611111111111,0-1,1728.0,1.65,Sector 48,5,0
1821,4.0,4.0,3.0,7870.37037037037,0-1,2160.0,1.7,Sector 48,5,0
1822,4.0,4.0,2.0,10539.478385137549,0-1,2799.0,2.95,Uppals Southend,2,0
1823,3.0,3.0,2.0,9941.520467836255,0-1,1710.0,1.7,Uppals Southend,2,0
1824,4.0,3.0,2.0,10185.185185185184,0-1,2160.0,2.2,Sector 63A,6,0
1825,4.0,4.0,4.0,10058.479532163745,0-1,4275.0,4.3,Sector 63A,6,0
1826,4.0,4.0,3.0,10784.313725490196,0-1,3060.0,3.3,Sector 63A,6,0
1827,4.0,4.0,3.0,23157.0,0-1,1900.0,4.4,Sector 63A,6,0
1828,3.0,3.0,2.0,18246.0,0-1,2236.0,4.08,Sector 63A,6,0
1829,4.0,4.0,3.0,10558.80441845354,0-1,3078.0,3.25,Sector 63A,5,0
1830,4.0,4.0,3.0,12121.212121212122,0-1,2475.0,3.0,South City 1,3,0
1831,4.0,5.0,2.0,10518.0,1-5,3185.0,3.35,Sector 81,4,0
1832,4.0,4.0,4.0,8352.0,1-5,2215.0,1.85,Sector 90,3,0
1833,2.0,2.0,3.0,10472.0,1-5,1480.0,1.55,Sector 86,3,0
1834,4.0,5.0,2.0,10204.0,1-5,3185.0,3.25,Sector 81,4,0
1835,4.0,4.0,4.0,8352.0,1-5,2215.0,1.85,Sector 90,3,0
1836,3.0,5.0,3.0,28481.0,1-5,2686.0,7.65,Sector 54,5,0
1837,3.0,5.0,3.0,29225.61429635145,1-5,2686.0,7.85,Sector 54,5,0
1838,4.0,5.0,3.0,30830.0,1-5,4022.0,12.399826,Sector 54,5,0
1839,3.0,4.0,4.0,15795.0,Under Construction,1665.0,2.63,Sector 113 Gurgaon,5,1
1840,3.0,3.0,2.0,12017.0,Under Construction,1672.0,1.92,Sector 76,5,0
1841,3.0,3.0,2.0,10300.0,Under Construction,1672.0,1.72,Sector 76,5,0
1842,3.0,4.0,4.0,12500.0,5-10,2293.0,2.25,Sector 57,1,0
1843,3.0,3.0,2.0,18462.0,1-5,2979.0,5.0,Sector 65,5,0
1844,4.0,4.0,2.0,7962.962962962963,1-5,3240.0,2.58,Palam Vihar,2,1
1845,3.0,3.0,2.0,23456.79012345679,10+,1620.0,3.8,Sushant Lok Phase 3,3,1
1846,4.0,4.0,4.0,10555.555555555557,0-1,2700.0,2.85,Sushant Lok Phase 1,3,1
1847,3.0,5.0,4.0,13883.0,0-1,3090.0,4.29,Sector 22,6,0
1848,3.0,4.0,3.0,10000.0,1-5,1929.0,1.7,Sector 86,4,1
1849,4.0,4.0,4.0,10454.0,1-5,2200.0,2.3,Sector 52,2,1
1850,3.0,3.0,4.0,6753.0,Under Construction,1762.0,1.19,Sector 103,2,0
1851,4.0,4.0,4.0,13541.0,1-5,2400.0,3.25,Sector 47,2,1
1852,4.0,4.0,4.0,12500.0,1-5,2800.0,3.5,Sector 47,2,1
1853,3.0,3.0,3.0,17200.0,Under Construction,2122.0,3.65,Sector 62,3,0
1854,4.0,4.0,4.0,13181.0,1-5,2200.0,2.9,Sector 52,2,1
1855,4.0,4.0,4.0,12883.0,1-5,2872.0,3.7,Sector 81,5,1
1856,3.0,3.0,2.0,12068.0,1-5,1450.0,1.75,Sector 52,2,1
1857,4.0,4.0,4.0,11000.0,1-5,3000.0,3.3,Sector 45,3,1
1858,4.0,4.0,4.0,14285.0,1-5,3500.0,5.0,Sector 45,3,1
1859,4.0,4.0,4.0,12857.0,1-5,3500.0,4.5,Sector 45,3,1
1860,3.0,3.0,3.0,13181.0,Under Construction,2200.0,2.9,Sector 76,1,0
1861,3.0,3.0,3.0,13204.0,Under Construction,2200.0,2.9,Sector 76,1,0
1862,3.0,4.0,4.0,8047.0,1-5,2361.0,1.9,Sector 107,2,0
1863,3.0,3.0,3.0,7407.407407407408,1-5,2160.0,1.6,Sushant Lok Phase 3,4,0
1864,3.0,4.0,4.0,11854.0,1-5,2092.0,2.6,Sector 81,5,0
1865,4.0,4.0,4.0,13405.0,1-5,2872.0,3.85,Sector 81,5,0
1866,4.0,4.0,4.0,18097.0,Under Construction,2434.0,4.41,Sector 108,5,0
1867,4.0,5.0,3.0,11029.0,1-5,3400.0,3.75,Sector 110,6,0
1868,3.0,3.0,3.0,13868.0,Under Construction,2230.0,2.8,Sector 15,2,1
1869,3.0,3.0,1.0,8553.0,1-5,1929.0,1.65,Sector 86,4,0
1870,3.0,4.0,4.0,10065.0,1-5,2285.0,2.3,Sector 86,3,0
1871,3.0,4.0,4.0,9762.0,1-5,1895.0,1.85,Sector 86,3,0
1872,2.0,2.0,3.0,9121.0,1-5,1480.0,1.35,Sector 86,3,0
1873,4.0,5.0,4.0,8971.0,0-1,2675.0,2.4,Sector 79,3,0
1874,3.0,4.0,4.0,8976.0,0-1,2150.0,1.93,Sector 79,3,0
1875,3.0,3.0,4.0,8684.0,1-5,2015.0,1.75,Sector 79,3,0
1876,3.0,3.0,4.0,8536.0,1-5,2050.0,1.8,Sector 79,3,0
1877,4.0,4.0,4.0,11590.0,0-1,4400.0,5.1,Sector 72,3,0
1878,4.0,4.0,4.0,12290.0,1-5,2864.0,3.52,Sector 81,5,0
1879,3.0,3.0,2.0,9928.0,1-5,1400.0,1.39,Sector 57,3,1
1880,4.0,4.0,4.0,12395.0,1-5,2864.0,3.55,Sector 81,5,0
1881,3.0,4.0,4.0,11364.0,1-5,2103.0,2.39,Sector 81,5,0
1882,3.0,4.0,4.0,11174.0,1-5,2103.0,2.35,Sector 81,5,0
1883,6.0,6.0,2.0,21123.78538234052,5-10,2367.0,5.0,Sector 40,3,1
1884,4.0,4.0,4.0,20000.0,Under Construction,3395.0,7.0,Sector 59,6,1
1885,4.0,3.0,2.0,19653.0,Under Construction,2595.0,5.1,Sector 59,6,0
1886,4.0,5.0,2.0,27358.0,Under Construction,2650.0,7.25,Sector 59,6,0
1887,3.0,2.0,2.0,15832.0,0-1,1579.0,2.5,Sector 113 Gurgaon,5,1
1888,4.0,4.0,4.0,13333.0,0-1,1500.0,2.0,Sector 67A,4,1
1889,3.0,3.0,4.0,22551.0,1-5,2838.0,6.4,Sector 48,5,1
1890,3.0,3.0,4.0,25000.0,Under Construction,2800.0,7.0,Sector 53,3,1
1891,4.0,4.0,4.0,19090.0,Under Construction,2750.0,5.25,Sector 61,6,0
1892,3.0,3.0,4.0,19499.0,Under Construction,2595.0,5.06,Sector 59,6,0
1893,3.0,5.0,3.0,17813.0,1-5,2470.0,4.4,Sector 47,4,0
1894,4.0,5.0,4.0,12104.0,1-5,2685.0,3.25,Sector 67,4,0
1895,5.0,5.0,4.0,20618.0,1-5,4850.0,10.0,Sector 62,4,0
1896,4.0,4.0,3.0,20689.0,0-1,3625.0,7.5,Sector 59,6,0
1897,4.0,4.0,4.0,13211.0,5-10,2195.0,2.9,Sector 48,4,0
1898,3.0,3.0,2.0,13509.0,Under Construction,1932.0,2.61,Sector 65,5,0
1899,3.0,3.0,4.0,17994.0,1-5,2962.0,5.33,Sector 65,5,0
1900,4.0,5.0,2.0,15714.0,0-1,4500.0,5.5,DLF Phase 1,3,1
1901,5.0,6.0,3.0,20555.0,0-1,4500.0,9.25,DLF Phase 2,3,1
1902,3.0,4.0,3.0,10416.666666666666,1-5,3600.0,3.75,DLF Phase 2,3,1
1903,4.0,5.0,2.0,12500.0,0-1,3600.0,4.5,DLF Phase 2,3,1
1904,2.0,2.0,3.0,5867.0,1-5,1534.0,0.9,Sector 107,2,0
1905,4.0,4.0,2.0,8866.0,5-10,4500.0,3.99,Nirvana Country,3,0
1906,4.0,5.0,4.0,11959.0,5-10,2383.0,2.85,Sector 49,4,0
1907,4.0,5.0,4.0,14477.0,5-10,2939.0,4.26,Nirvana Country,5,0
1908,4.0,4.0,3.0,11111.111111111111,0-1,3600.0,4.0,Sector 65,6,0
1909,4.0,4.0,4.0,7625.0,1-5,2754.0,2.1,Sector 49,2,0
1910,3.0,3.0,4.0,9870.0,1-5,1773.0,1.75,Sector 49,2,0
1911,3.0,3.0,3.0,9230.0,0-1,1950.0,1.8,Sector 70,3,0
1912,3.0,2.0,3.0,11764.0,5-10,1785.0,2.25,Sector 59,4,1
1913,3.0,3.0,2.0,13395.0,Under Construction,1875.0,1.87,Sector 103,2,0
1914,3.0,3.0,3.0,13442.0,0-1,1997.0,1.64,Sector 99A,5,0
1915,4.0,4.0,4.0,10965.0,Under Construction,2599.0,2.85,Sector 85,4,1
1916,3.0,4.0,3.0,12008.0,1-5,2290.0,2.75,Sector 104,6,0
1917,3.0,2.0,1.0,9535.655058043118,1-5,1206.0,1.15,Rattan Garden,1,1
1918,3.0,3.0,2.0,9136.0,0-1,1390.0,1.27,Sector 48,5,0
1919,3.0,3.0,2.0,8918.0,0-1,1850.0,1.65,Sector 4,2,1
1920,3.0,3.0,3.0,5798.0,Under Construction,2035.0,1.18,Sector 37C,3,1
1921,5.0,5.0,4.0,13968.0,Under Construction,4095.0,5.72,Sector 106,1,0
1922,3.0,3.0,3.0,6005.0,0-1,1815.0,1.09,Sector 37C,3,1
1923,3.0,3.0,3.0,9757.0,0-1,1691.0,1.65,Sector 37D,4,0
1924,4.0,4.0,3.0,14000.0,0-1,2500.0,3.5,Sector 66,4,0
1925,4.0,3.0,3.0,16739.0,10+,2969.0,4.97,DLF Phase 2,3,0
1926,2.0,2.0,1.0,5166.0,1-5,1200.0,0.62,Sector 67A,2,1
1927,5.0,5.0,4.0,20296.0,1-5,4927.0,10.0,Sector 62,4,0
1928,3.0,4.0,4.0,17507.0,1-5,3844.0,6.73,Sector 65,5,0
1929,4.0,6.0,3.0,25773.0,1-5,3880.0,10.0,Sector 48,5,0
1930,4.0,5.0,4.0,13333.0,1-5,4500.0,6.0,Sector 72,3,0
1931,4.0,5.0,4.0,24691.35802469136,5-10,3240.0,8.0,Sector 48,3,0
1932,4.0,5.0,4.0,9292.0,1-5,2475.0,2.3,Sector 92,4,0
1933,4.0,5.0,4.0,9090.0,1-5,2475.0,2.25,Sector 92,4,0
1934,2.0,2.0,2.0,15793.0,Under Construction,1099.0,1.08,Sector 104,5,1
1935,3.0,3.0,4.0,8287.0,0-1,2015.0,1.74,Sector 79,3,0
1936,3.0,3.0,3.0,8640.0,Under Construction,1250.0,1.08,Sector 37D,4,0
1937,4.0,4.0,4.0,7427.0,5-10,2356.0,1.75,Sector 86,5,0
1938,4.0,4.0,4.0,6281.0,1-5,2356.0,1.8,Sector 86,5,0
1939,3.0,4.0,4.0,13644.0,1-5,2895.0,3.95,Sector 53,4,0
1940,4.0,5.0,4.0,14749.0,1-5,3390.0,5.0,Sector 53,4,0
1941,2.0,2.0,3.0,4545.0,5-10,1100.0,0.5,Sector 1,1,0
1942,3.0,2.0,2.0,4000.0,5-10,1500.0,0.6,Sector 1,1,0
1943,4.0,3.0,2.0,16506.101477199743,5-10,1557.0,2.57,Palam Vihar,2,0
1944,5.0,5.0,2.0,16239.31623931624,5-10,4680.0,7.6,Palam Vihar,2,0
1945,4.0,3.0,2.0,18304.431599229287,5-10,1557.0,2.85,Palam Vihar,2,1
1946,4.0,4.0,2.0,20987.65432098765,5-10,2430.0,5.1,Palam Vihar,2,0
1947,3.0,3.0,1.0,17983.30122029544,5-10,1557.0,2.8,Palam Vihar,2,1
1948,3.0,3.0,2.0,15942.0,1-5,2070.0,3.3,Sector 60,5,1
1949,4.0,5.0,3.0,16071.0,1-5,2800.0,4.5,Sector 60,5,1
1950,3.0,4.0,3.0,9200.0,0-1,2025.0,1.86,Sector 102,4,0
1951,4.0,4.0,4.0,11666.0,Under Construction,3000.0,3.5,Sector 84,1,1
1952,4.0,4.0,4.0,17500.0,1-5,3000.0,5.25,South City 1,3,1
1953,2.0,2.0,3.0,12117.0,0-1,850.0,1.03,Sector 102,4,1
1954,2.0,2.0,2.0,10000.0,1-5,1100.0,1.1,Sector 33,5,1
1955,4.0,4.0,2.0,10434.0,0-1,2300.0,2.4,Palam Vihar,2,1
1956,4.0,4.0,2.0,8125.0,1-5,3200.0,2.6,Sector 48,2,0
1957,2.0,2.0,2.0,10358.0,1-5,502.0,0.52,Sector 86,3,1
1958,4.0,4.0,3.0,11914.0,5-10,2350.0,2.8,Sector 67,4,0
1959,2.0,2.0,2.0,9047.0,5-10,1050.0,0.95,Sector 56,3,0
1960,3.0,3.0,2.0,5037.0,Under Construction,1350.0,0.68,Gwal Pahari,1,1
1961,4.0,4.0,2.0,7407.0,0-1,3240.0,2.4,Palam Vihar,2,1
1962,3.0,3.0,2.0,8660.0,0-1,2367.0,2.05,Sector 22,2,1
1963,3.0,3.0,4.0,11387.0,1-5,2450.0,2.79,Sector 104,6,0
1964,2.0,2.0,1.0,5491.0,1-5,743.0,0.285,Sohna,0,1
1965,3.0,3.0,2.0,6134.0,0-1,1450.0,0.7421,Sector 14,0,1
1966,3.0,3.0,2.0,10000.0,0-1,2500.0,1.8,Sector 57,3,0
1967,3.0,4.0,2.0,8223.0,5-10,1743.0,1.25,Sector 71,5,0
1968,4.0,5.0,3.0,15892.0,1-5,2800.0,4.45,Sector 60,5,0
1969,3.0,3.0,2.0,10857.0,0-1,1810.0,1.52,Sector 57,3,0
1970,4.0,5.0,4.0,27777.777777777777,0-1,3600.0,10.0,Sector 109,5,1
1971,4.0,4.0,2.0,17592.59259259259,0-1,2700.0,4.75,DLF Phase 2,3,1
1972,2.0,2.0,2.0,8396.0,Under Construction,1060.0,0.89,Sector 37D,4,1
1973,4.0,4.0,2.0,13958.0,0-1,2700.0,3.35,Malibu Town,2,0
1974,4.0,5.0,4.0,8229.0,10+,4800.0,3.95,Malibu Town,2,0
1975,4.0,4.0,4.0,10363.0,10+,2750.0,2.85,Sector 56,3,1
1976,4.0,5.0,4.0,12111.0,0-1,4500.0,5.45,DLF Phase 1,3,1
1977,2.0,2.0,2.0,5469.0,1-5,1225.0,0.67,Sector 81,1,0
1978,3.0,3.0,3.0,4807.0,1-5,1560.0,0.75,Sector 81,1,0
1979,4.0,4.0,2.0,13374.0,0-1,2430.0,3.25,Sector 50,3,1
1980,3.0,3.0,2.0,12000.0,1-5,1350.0,1.62,Sector 102,4,1
1981,4.0,4.0,4.0,7619.0,5-10,4200.0,3.2,Sector 49,2,0
1982,4.0,4.0,4.0,25749.0,1-5,4272.0,10.9999728,Sector 54,3,0
1983,2.0,2.0,2.0,5112.0,5-10,1115.0,0.57,Sector 85,3,0
1984,4.0,5.0,4.0,10541.0,5-10,2846.0,3.0,Sector 48,4,0
1985,4.0,7.0,4.0,11838.0,0-1,4857.0,5.75,Sector 112,4,1
1986,3.0,4.0,4.0,6088.2800608828,5-10,2628.0,1.6,Sector 47,2,1
1987,3.0,3.0,2.0,10000.0,10+,2000.0,2.0,Sector 56,3,1
1988,4.0,4.0,2.0,13888.888888888889,0-1,4500.0,6.25,Sector 54,3,1
1989,5.0,6.0,3.0,25000.0,0-1,4500.0,11.25,Sector 33,2,1
1990,3.0,3.0,2.0,1089.3246187363834,1-5,4131.0,0.45,Surat Nagar 1,2,1
1991,3.0,4.0,4.0,12100.0,5-10,2153.0,2.6,Sector 49,4,0
1992,4.0,4.0,4.0,9340.0,5-10,4550.0,4.25,Sector 48,5,0
1993,2.0,2.0,3.0,10416.0,1-5,1296.0,1.35,Sector 67A,4,0
1994,3.0,4.0,3.0,9400.0,1-5,1968.0,1.85,Sector 67A,4,0
1995,2.0,1.0,1.0,7482.962962962963,1-5,675.0,0.5051,Udyog Vihar Industrial Area Phase 6,1,1
1996,3.0,2.0,1.0,5583.0,1-5,1300.0,0.7259,Sector 30,1,1
1997,3.0,3.0,2.0,3900.0,1-5,1500.0,0.5851,Laxman Vihar,2,0
1998,3.0,3.0,3.0,21227.0,0-1,2588.0,4.15,Sector 62,5,0
1999,3.0,3.0,2.0,12000.0,10+,1500.0,1.8,DLF Phase 2,3,1
2000,3.0,3.0,2.0,15277.0,0-1,1800.0,2.75,DLF Phase 2,3,1
2001,3.0,5.0,4.0,18473.0,1-5,2896.0,5.35,sector 58,5,0
2002,2.0,3.0,2.0,14107.0,1-5,1524.0,2.15,Sector 60,5,0
2003,2.0,1.0,3.0,4862.0,Under Construction,822.0,0.4,Sohna,4,1
2004,3.0,3.0,4.0,11580.0,5-10,1727.0,2.0,Sector 67A,4,0
2005,3.0,4.0,4.0,14722.0,10+,1800.0,2.65,Sector 28,3,0
2006,4.0,4.0,4.0,13957.0,5-10,2350.0,3.28,Sector 67,4,0
2007,2.0,1.0,3.0,4497.0,Under Construction,822.0,0.37,Sohna,4,1
2008,2.0,1.0,3.0,4386.0,Under Construction,745.0,0.327,Sohna,4,1
2009,2.0,1.0,3.0,4399.0,Under Construction,745.0,0.3279999999999999,Sohna,4,1
2010,2.0,1.0,3.0,4497.0,Under Construction,822.0,0.37,Sohna,4,1
2011,3.0,3.0,4.0,4062.0,1-5,1600.0,0.65,Sohna,3,1
2012,3.0,3.0,3.0,12000.0,1-5,2018.0,2.4,Sector 74,6,0
2013,4.0,4.0,4.0,14230.0,Under Construction,2600.0,3.7,Sector 113 Gurgaon,6,1
2014,5.0,5.0,4.0,11469.0,1-5,3880.0,4.45,Sector 110,6,0
2015,4.0,4.0,3.0,11176.0,1-5,3400.0,3.8,Sector 110,6,0
2016,4.0,4.0,3.0,11044.0,1-5,3350.0,3.7,Sector 110,6,0
2017,3.0,2.0,2.0,12982.0,1-5,1579.0,2.05,Sector 113 Gurgaon,5,0
2018,3.0,3.0,3.0,14498.0,Under Construction,2690.0,3.9,Sector 113 Gurgaon,5,0
2019,3.0,3.0,3.0,12629.0,Under Construction,2217.0,2.8,Sector 113 Gurgaon,5,0
2020,4.0,4.0,4.0,9047.0,1-5,3150.0,2.85,Sector 104,6,0
2021,4.0,4.0,4.0,9206.0,1-5,3150.0,2.9,Sector 104,6,0
2022,3.0,4.0,4.0,9170.0,1-5,2290.0,2.1,Sector 104,6,0
2023,4.0,4.0,4.0,19515.0,Under Construction,2434.0,4.75,Sector 108,5,0
2024,4.0,4.0,4.0,19979.0,Under Construction,2913.0,5.82,Sector 108,5,0
2025,3.0,5.0,3.0,18139.0,Under Construction,2343.0,4.25,Sector 108,5,0
2026,3.0,5.0,3.0,17072.0,Under Construction,2343.0,4.0,Sector 108,5,0
2027,3.0,5.0,3.0,16218.0,0-1,2343.0,3.8,Sector 108,5,0
2028,3.0,5.0,3.0,16005.0,0-1,2343.0,3.75,Sector 108,5,1
2029,3.0,4.0,3.0,17366.0,Under Construction,2072.0,3.6,Sector 108,5,0
2030,3.0,4.0,3.0,15678.0,Under Construction,2072.0,3.25,Sector 108,5,1
2031,3.0,4.0,3.0,15227.0,0-1,2003.0,3.05,Sector 108,5,0
2032,2.0,2.0,3.0,8102.0,Under Construction,1444.0,1.17,Sector 3,5,0
2033,3.0,4.0,4.0,10442.0,5-10,1877.0,1.96,Nirvana Country,5,0
2034,3.0,4.0,4.0,12096.0,5-10,2480.0,3.0,Nirvana Country,5,0
2035,3.0,3.0,4.0,11593.0,5-10,2605.0,3.02,Nirvana Country,5,0
2036,4.0,4.0,4.0,9811.0,Under Construction,2650.0,2.6,Sector 3,5,0
2037,3.0,3.0,4.0,11111.0,10+,2200.0,2.0,Sector 52,2,1
2038,4.0,6.0,3.0,25453.0,10+,4518.0,11.4996654,Sector 48,3,0
2039,3.0,3.0,3.0,15925.0,5-10,1863.0,2.15,Sector 50,3,0
2040,3.0,3.0,2.0,12692.0,5-10,1541.0,1.65,Sector 50,3,0
2041,2.0,2.0,1.0,2191.0,1-5,867.0,0.225,Dharam Colony,0,1
2042,2.0,2.0,2.0,11283.0,5-10,1418.0,1.6,Nirvana Country,5,1
2043,3.0,3.0,4.0,8715.0,0-1,1862.0,1.37,Sector 91,3,0
2044,4.0,4.0,4.0,5901.0,1-5,2364.0,1.56,Sector 90,3,1
2045,3.0,3.0,4.0,7305.0,5-10,1930.0,1.41,Sector 91,5,0
2046,4.0,4.0,4.0,6417.0,1-5,2727.0,1.75,Sector 90,3,1
2047,2.0,2.0,2.0,6793.0,0-1,1310.0,0.965,Sector 91,3,0
2048,3.0,4.0,4.0,12283.0,0-1,2320.0,1.58,Sector 91,3,1
2049,4.0,4.0,4.0,5867.0,1-5,2727.0,1.9,Sector 91,5,1
2050,4.0,4.0,4.0,5837.0,0-1,2364.0,1.58,Sector 90,3,1
2051,3.0,3.0,4.0,7065.0,1-5,1755.0,1.34,Sector 90,3,0
2052,3.0,3.0,2.0,7415.0,1-5,1726.0,1.43,Sector 90,3,0
2053,4.0,4.0,4.0,7449.0,1-5,2215.0,1.65,Sector 90,3,0
2054,3.0,3.0,4.0,7692.0,1-5,1755.0,1.35,Sector 90,3,0
2055,4.0,4.0,4.0,6768.0,5-10,2364.0,1.6,Sector 90,3,1
2056,3.0,3.0,4.0,6476.0,1-5,1930.0,1.39,Sector 90,3,1
2057,4.0,4.0,4.0,6154.0,1-5,2356.0,1.6,Sector 86,5,1
2058,3.0,3.0,4.0,7227.0,1-5,1930.0,1.39,Sector 90,3,0
2059,3.0,3.0,3.0,7848.0,1-5,1720.0,1.35,Sector 90,3,1
2060,3.0,3.0,2.0,17037.0,10+,1350.0,2.3,DLF Phase 5,4,0
2061,3.0,3.0,3.0,12000.0,Under Construction,1829.0,1.8,Sector 85,4,0
2062,3.0,3.0,2.0,9790.0,Under Construction,1430.0,1.4,Gwal Pahari,1,1
2063,3.0,4.0,4.0,5250.0,0-1,2077.0,1.35,Sector 77,4,0
2064,3.0,3.0,3.0,8413.0,1-5,1450.0,1.4,Sector 77,4,0
2065,3.0,3.0,1.0,7729.468599033817,5-10,2070.0,1.6,Malibu Town,2,1
2066,3.0,4.0,4.0,8544.0,1-5,1931.0,2.1,Sector 102,6,0
2067,3.0,4.0,4.0,11666.0,1-5,1931.0,2.1,Sector 102,6,0
2068,4.0,4.0,1.0,4936.0,1-5,2836.0,1.53,Sector 109,1,0
2069,3.0,3.0,2.0,10430.0,Under Construction,1534.0,1.6,Sector 79,5,0
2070,2.0,2.0,2.0,8801.0,Under Construction,1193.0,1.05,Sector 79,5,0
2071,3.0,4.0,4.0,10150.0,1-5,2660.0,2.7,Sector 81,4,0
2072,3.0,3.0,4.0,13136.0,0-1,1827.0,2.4,Sector 102,4,0
2073,4.0,4.0,4.0,13846.0,Under Construction,2600.0,3.6,Sector 113 Gurgaon,6,0
2074,2.0,2.0,2.0,7266.0,Under Construction,1211.0,0.88,Sector 79,4,0
2075,3.0,3.0,2.0,6553.0,Under Construction,1831.0,1.2,Sector 79,4,0
2076,3.0,3.0,2.0,6494.0,0-1,1432.0,0.93,Sector 92,4,0
2077,3.0,3.0,2.0,7119.0,Under Construction,1826.0,1.3,Sector 93,6,0
2078,3.0,3.0,4.0,10162.0,1-5,1850.0,1.88,Sector 83,4,0
2079,2.0,2.0,3.0,14214.0,Under Construction,1400.0,1.99,Sector 106,5,0
2080,4.0,5.0,4.0,14889.0,Under Construction,2720.0,4.05,Sector 106,5,0
2081,4.0,4.0,4.0,14338.0,Under Construction,2720.0,3.9,Sector 106,5,0
2082,4.0,4.0,2.0,11111.0,1-5,4500.0,5.0,Sector 23,2,0
2083,5.0,3.0,3.0,3703.703703703704,1-5,675.0,0.25,Sector 5,2,1
2084,3.0,4.0,3.0,17352.0,0-1,2217.0,2.95,Sector 113 Gurgaon,5,0
2085,3.0,3.0,4.0,11111.111111111111,0-1,2430.0,2.7,Sector 65,6,0
2086,4.0,3.0,4.0,11111.111111111111,0-1,3150.0,3.5,Sector 65,6,0
2087,4.0,4.0,4.0,18981.81818181818,Under Construction,2750.0,5.22,Sector 61,6,0
2088,4.0,4.0,3.0,13945.0,1-5,2438.0,3.4,Sector 61,5,1
2089,3.0,2.0,3.0,7164.0,5-10,1326.0,0.95,Sector 69,2,0
2090,4.0,4.0,4.0,19090.90909090909,Under Construction,2750.0,5.25,Sector 61,4,0
2091,3.0,4.0,4.0,17155.555555555555,Under Construction,2250.0,3.86,Sector 61,6,0
2092,3.0,3.0,3.0,16030.0,0-1,2588.0,4.15,Sector 62,5,0
2093,3.0,3.0,4.0,8709.0,5-10,1930.0,1.35,Sector 90,3,0
2094,4.0,4.0,4.0,5683.0,1-5,2727.0,1.9,Sector 90,3,0
2095,3.0,3.0,4.0,6476.0,1-5,1930.0,1.5,Sector 90,3,0
2096,3.0,3.0,2.0,8400.0,1-5,1726.0,1.45,Sector 90,3,0
2097,4.0,4.0,4.0,21500.0,Under Construction,4550.0,9.7,Sector 65,5,0
2098,3.0,4.0,2.0,17473.0,Under Construction,2003.0,3.5,Sector 108,5,0
2099,4.0,5.0,4.0,18257.0,1-5,2410.0,4.4,Sector 66,4,1
2100,3.0,3.0,2.0,11392.0,Under Construction,2000.0,2.28,Sector 63A,5,0
2101,2.0,2.0,1.0,4736.0,Under Construction,950.0,0.45,Sector 88A,4,0
2102,2.0,2.0,2.0,7095.0,1-5,1198.0,0.85,Sector 71,5,0
2103,3.0,3.0,2.0,10879.62962962963,1-5,2160.0,2.35,Sector 52,2,0
2104,4.0,4.0,4.0,6302.0,1-5,2364.0,1.58,Sector 90,3,0
2105,3.0,4.0,4.0,11339.0,1-5,1852.0,2.1,Sector 102,4,1
2106,4.0,4.0,4.0,20769.0,0-1,4518.0,6.75,Nirvana Country,3,0
2107,2.0,2.0,3.0,10699.0,1-5,1215.0,1.3,Sector 102,4,1
2108,3.0,3.0,2.0,5897.0,Under Construction,2890.0,1.28,Sector 95,4,1
2109,4.0,4.0,2.0,11261.0,Under Construction,2220.0,2.5,Sector 67A,5,1
2110,4.0,4.0,2.0,14015.0,0-1,1955.0,2.74,Sector 50,3,1
2111,4.0,4.0,2.0,11602.0,0-1,2715.0,3.15,South City 1,3,1
2112,4.0,4.0,2.0,16721.0,0-1,3050.0,5.1,Sector 49,3,1
2113,3.0,2.0,2.0,13810.0,Under Construction,1955.0,2.7,Sector 36A,6,0
2114,2.0,2.0,2.0,13931.0,Under Construction,1450.0,2.02,Sector 36A,6,0
2115,4.0,4.0,3.0,17241.0,Under Construction,2900.0,5.0,DLF Phase 2,3,0
2116,3.0,3.0,3.0,13666.0,5-10,2132.0,2.46,Sector 81,5,0
2117,4.0,4.0,2.0,10000.0,0-1,4000.0,4.0,DLF Phase 2,3,1
2118,4.0,3.0,2.0,12500.0,0-1,4000.0,5.0,DLF Phase 4,3,1
2119,4.0,3.0,2.0,11250.0,0-1,4000.0,4.5,DLF Phase 4,3,1
2120,4.0,4.0,3.0,12333.0,0-1,4500.0,5.55,Sector 54,3,1
2121,2.0,2.0,2.0,22000.0,Under Construction,1579.0,3.43,Sector 113 Gurgaon,5,1
2122,4.0,4.0,4.0,14000.0,Under Construction,2248.0,3.08,Sector 111,2,0
2123,3.0,3.0,3.0,14000.0,Under Construction,2022.0,2.8,Sector 111,2,1
2124,3.0,3.0,3.0,9000.0,0-1,1280.0,1.05,Sector 65,4,0
2125,3.0,3.0,3.0,11000.0,Under Construction,1534.0,1.66,Sector 79,5,1
2126,3.0,3.0,3.0,12500.0,Under Construction,1895.0,2.37,Sector 113 Gurgaon,5,1
2127,4.0,4.0,3.0,11505.0,Under Construction,2249.0,2.59,Sector 113 Gurgaon,5,1
2128,4.0,4.0,3.0,11500.0,Under Construction,2055.0,2.36,Sector 113 Gurgaon,5,1
2129,4.0,3.0,3.0,8500.0,1-5,2443.0,2.08,Sector 37D,4,1
2130,4.0,4.0,2.0,11333.0,0-1,3000.0,3.4,South City 2,3,1
2131,3.0,3.0,2.0,9700.0,Under Construction,1430.0,1.39,Gwal Pahari,5,0
2132,2.0,2.0,2.0,8841.0,Under Construction,1130.0,0.9991,Gwal Pahari,5,0
2133,4.0,4.0,4.0,11127.0,5-10,3415.0,3.8,Sector 28,3,0
2134,3.0,3.0,3.0,13468.0,10+,1485.0,2.0,DLF Phase 4,2,0
2135,4.0,3.0,3.0,9523.0,0-1,2100.0,2.0,Sector 67,1,1
2136,4.0,5.0,2.0,13815.0,0-1,3800.0,5.25,Sushant Lok Phase 1,3,1
2137,2.0,2.0,2.0,10582.0,0-1,1030.0,1.09,Gwal Pahari,1,1
2138,3.0,3.0,2.0,13000.0,0-1,1500.0,1.95,DLF Phase 1,3,1
2139,3.0,3.0,3.0,12804.0,5-10,1640.0,2.1,Heritage City,3,1
2140,4.0,4.0,3.0,12500.0,0-1,2000.0,2.5,Sushant Lok Phase 2,3,1
2141,3.0,3.0,3.0,7878.0,10+,1650.0,1.3,Sector 49,2,1
2142,4.0,4.0,3.0,29364.0,10+,2721.0,7.99,Sector 54,4,0
2143,2.0,2.0,2.0,11566.0,Under Construction,1366.0,1.58,Sector 106,5,1
2144,4.0,4.0,2.0,10636.0,1-5,2200.0,2.34,Sector 27,3,1
2145,3.0,3.0,2.0,11886.304909560724,1-5,1935.0,2.3,Sector 42,3,1
2146,3.0,3.0,2.0,5037.513397642015,10+,2799.0,1.41,Uppals Southend,2,1
2147,4.0,4.0,3.0,27777.777777777777,10+,3240.0,9.0,Nirvana Country,3,1
2148,3.0,3.0,3.0,14179.0,1-5,1780.0,1.94,Sector 69,4,0
2149,4.0,4.0,4.0,10192.0,0-1,2600.0,2.65,Sector-33 Sohna,4,0
2150,2.0,2.0,4.0,9378.0,0-1,1385.0,0.89,Sector 106,6,0
2151,3.0,3.0,3.0,15887.0,1-5,2203.0,3.5,Sector 66,6,1
2152,5.0,7.0,3.0,30263.0,10+,4600.0,13.92098,Sector 54,3,1
2153,4.0,4.0,2.0,21990.74074074074,5-10,2592.0,5.7,Sector 48,3,1
2154,2.0,2.0,3.0,21625.0,Under Construction,1261.0,1.73,Sector 65,5,0
2155,3.0,3.0,4.0,6214.0,1-5,1770.0,1.1,Sector 37D,4,0
2156,4.0,4.0,4.0,13888.888888888889,0-1,3240.0,4.5,DLF Phase 4,3,1
2157,3.0,2.0,3.0,7014.0,Under Construction,1345.0,1.03,Sector 81,0,1
2158,2.0,2.0,2.0,6953.0,Under Construction,2250.0,1.56,Sector 79,5,0
2159,4.0,4.0,2.0,9259.25925925926,1-5,2700.0,2.5,Sector 52,2,1
2160,4.0,4.0,2.0,14683.0,1-5,1975.0,2.9,Sector 65,2,0
2161,4.0,4.0,2.0,15189.0,1-5,1975.0,3.0,Sector 65,2,0
2162,1.0,1.0,2.0,8461.0,10+,650.0,0.55,Palam Vihar,6,0
2163,4.0,5.0,3.0,26072.0,5-10,2704.0,7.05,Sector 54,4,0
2164,4.0,4.0,2.0,6470.0,0-1,3400.0,2.2,Palam Vihar,2,1
2165,4.0,4.0,2.0,12765.0,0-1,2350.0,3.0,Sector 23,2,1
2166,6.0,5.0,4.0,20646.937370956643,5-10,1453.0,3.0,Sector 23,2,1
2167,3.0,3.0,3.0,19237.0,10+,2807.0,5.4,Sector 30,4,1
2168,3.0,3.0,3.0,14117.0,0-1,1700.0,2.4,South City 2,3,0
2169,4.0,4.0,3.0,15250.0,1-5,2000.0,3.05,Sector 65,2,0
2170,4.0,4.0,4.0,9696.0,0-1,3400.0,3.2,Sector 46,2,1
2171,3.0,3.0,2.0,18208.0,1-5,3363.0,6.1,Sector 65,5,0
2172,3.0,3.0,2.0,18065.0,1-5,3350.0,6.05,Sector 65,5,1
2173,2.0,2.0,2.0,14592.0,10+,1165.0,1.7,DLF Phase 5,5,0
2174,3.0,4.0,4.0,10248.0,5-10,2293.0,2.35,Sector 57,1,0
2175,3.0,4.0,4.0,10243.0,5-10,2587.0,2.65,Sector 57,1,1
2176,3.0,3.0,3.0,20322.0,10+,1550.0,3.3,DLF Phase 5,5,1
2177,3.0,3.0,2.0,8888.0,0-1,1800.0,1.6,Uppals Southend,2,0
2178,3.0,3.0,4.0,15001.0,Under Construction,1999.0,3.0,Sector 63A,5,1
2179,4.0,4.0,2.0,10727.0,0-1,2750.0,2.95,Sector 56,3,1
2180,2.0,2.0,2.0,13437.0,5-10,1600.0,2.15,Sector 49,2,0
2181,3.0,3.0,3.0,7638.0,1-5,2160.0,1.65,Uppals Southend,2,1
2183,4.0,4.0,2.0,10116.0,0-1,2570.0,2.6,Sector-33 Sohna,4,1
2184,3.0,3.0,2.0,10496.0,0-1,2134.0,2.24,Sector-33 Sohna,4,1
2185,3.0,3.0,2.0,8214.0,1-5,2800.0,2.3,Uppals Southend,2,1
2186,3.0,3.0,3.0,13507.0,Under Construction,1828.0,2.47,Sector 65,5,0
2187,2.0,2.0,2.0,13500.0,Under Construction,1420.0,1.92,Sector 65,5,0
2188,2.0,2.0,2.0,13509.0,Under Construction,1358.0,1.83,Sector 65,5,0
2189,2.0,2.0,2.0,15809.0,0-1,1050.0,1.66,Sector 63A,5,0
2190,3.0,3.0,4.0,8361.0,1-5,1758.0,1.47,Sector 108,4,0
2191,4.0,3.0,2.0,12083.0,1-5,3600.0,4.35,Sector 65,6,1
2192,3.0,5.0,3.0,8717.0,0-1,1950.0,1.7,Sector 70,3,0
2193,3.0,3.0,3.0,7087.0,Under Construction,1820.0,1.29,Sector 37C,3,1
2194,3.0,3.0,3.0,10135.0,Under Construction,1790.0,1.27,Sector 37C,3,0
2195,2.0,2.0,2.0,8159.0,1-5,689.0,0.4749,Sector 76,5,0
2196,4.0,4.0,3.0,14102.0,1-5,2100.0,2.75,Sector 50,3,0
2197,3.0,4.0,4.0,14357.0,1-5,2650.0,2.3,Sector 89 A,4,0
2198,3.0,4.0,2.0,16353.0,0-1,2072.0,3.39,Sector 108,5,0
2199,3.0,4.0,2.0,17456.0,0-1,2343.0,4.09,Sector 108,5,0
2200,3.0,3.0,2.0,17333.0,0-1,1500.0,2.6,DLF Phase 2,3,1
2201,4.0,4.0,4.0,12173.52810978309,0-1,4518.0,5.5,Malibu Town,2,1
2202,2.0,2.0,3.0,11819.0,1-5,2441.0,2.89,Sector 112,4,0
2203,3.0,3.0,4.0,7836.0,1-5,1914.0,1.5,Sector 68,4,1
2204,2.0,3.0,3.0,6428.0,1-5,1400.0,0.9,Sector 104,6,1
2205,3.0,3.0,4.0,10810.0,1-5,1850.0,2.0,Sector 83,4,1
2206,2.0,2.0,4.0,9310.0,0-1,1450.0,1.35,Sector 70A,1,1
2207,3.0,3.0,4.0,9809.0,0-1,1835.0,1.8,Sector 88A,4,1
2208,3.0,4.0,4.0,13756.0,0-1,1890.0,2.6,Sector 62,3,1
2209,3.0,3.0,4.0,15151.0,1-5,1320.0,2.0,Sector 102,4,1
2210,3.0,3.0,4.0,12500.0,0-1,1200.0,1.5,Sector 83,4,1
2211,3.0,4.0,2.0,10349.0,1-5,2802.0,2.9,Nirvana Country,5,0
2212,4.0,4.0,3.0,12008.0,1-5,3331.0,4.0,Nirvana Country,5,0
2213,3.0,4.0,2.0,11425.0,1-5,2617.0,2.99,Nirvana Country,5,0
2214,3.0,2.0,4.0,11049.0,1-5,1629.0,1.8,Nirvana Country,5,0
2215,3.0,4.0,2.0,11387.0,5-10,2617.0,2.98,Nirvana Country,5,0
2216,3.0,4.0,4.0,16000.0,10+,3000.0,4.8,Heritage City,3,0
2217,3.0,4.0,4.0,13156.0,10+,2531.0,3.3,Nirvana Country,4,0
2218,3.0,3.0,4.0,10137.0,5-10,1815.0,1.84,Nirvana Country,5,0
2219,3.0,4.0,2.0,9600.0,5-10,2802.0,2.69,Nirvana Country,5,0
2220,3.0,4.0,2.0,9732.0,1-5,2800.0,2.7,Nirvana Country,5,0
2221,3.0,3.0,2.0,8873.0,0-1,2423.0,2.15,Sector 28,3,1
2222,4.0,5.0,3.0,10958.90410958904,0-1,3285.0,3.6,Sushant Lok Phase 1,3,1
2223,3.0,3.0,3.0,8888.0,10+,1800.0,1.6,Sector 56,3,1
2224,3.0,2.0,2.0,7166.0,10+,1800.0,1.29,Sector 56,3,0
2225,4.0,4.0,3.0,22633.74485596708,Under Construction,2430.0,5.5,DLF Phase 5,4,0
2226,4.0,3.0,2.0,7750.0,10+,2000.0,1.55,Sector 56,3,0
2227,3.0,3.0,3.0,6944.0,10+,1800.0,1.25,Sector 56,3,0
2228,4.0,5.0,3.0,8000.0,0-1,3250.0,2.6,Sector 43,3,1
2229,4.0,5.0,4.0,13253.0,1-5,2905.0,3.85,Sector 72,3,0
2230,4.0,4.0,4.0,12190.0,5-10,2625.0,3.2,Sector 72,3,0
2231,4.0,4.0,3.0,19090.90909090909,Under Construction,2750.0,5.25,Sector 61,6,0
2232,4.0,5.0,2.0,13280.212483399737,0-1,4518.0,6.0,DLF Phase 1,3,1
2233,4.0,4.0,2.0,28125.0,5-10,1600.0,4.5,DLF Phase 1,3,1
2234,4.0,5.0,4.0,14237.0,0-1,2950.0,4.2,Sector 111,4,0
2235,3.0,3.0,3.0,10963.0,Under Construction,1359.0,1.49,Sector 104,5,0
2236,3.0,3.0,3.0,13477.0,Under Construction,1855.0,2.5,Sector 106,5,0
2237,4.0,4.0,3.0,13235.0,Under Construction,2720.0,3.6,Sector 106,5,0
2238,3.0,3.0,3.0,15984.0,Under Construction,2002.0,3.2,Sector 106,5,0
2239,4.0,4.0,2.0,18924.033522573667,Under Construction,3699.0,7.0,Sector 28,3,0
2240,2.0,2.0,1.0,13500.0,5-10,1261.0,1.7,Sector 65,5,1
2241,4.0,4.0,2.0,16998.341625207297,5-10,2412.0,4.1,Uppals Southend,2,1
2242,2.0,2.0,3.0,8088.0,5-10,1360.0,1.1,Sector 81,5,0
2243,3.0,3.0,3.0,6546.0,5-10,2215.0,1.45,Sector 79,0,1
2244,4.0,4.0,2.0,12037.037037037036,1-5,2700.0,3.25,DLF Phase 2,3,1
2245,3.0,3.0,2.0,6772.0,5-10,2215.0,1.5,Sector 79,0,0
2246,2.0,2.0,1.0,10000.0,1-5,1250.0,1.25,Sector 63,1,0
2247,2.0,2.0,2.0,13500.0,Under Construction,1261.0,1.7,Sector 65,5,0
2248,3.0,3.0,2.0,15373.0,5-10,1366.0,2.1,DLF Phase 5,4,0
2249,4.0,4.0,2.0,7083.0,1-5,3600.0,2.45,Sector 65,6,1
2250,3.0,3.0,3.0,7442.0,1-5,1814.0,1.35,Sector 37D,5,0
2251,3.0,3.0,3.0,6387.0,0-1,1957.0,1.25,Sector 89,0,0
2252,3.0,3.0,3.0,6483.0,Under Construction,1820.0,1.18,Sector 37C,3,1
2253,3.0,3.0,3.0,6424.0,Under Construction,1790.0,1.15,Sector 37C,3,1
2254,3.0,4.0,3.0,8461.0,1-5,1950.0,1.65,Sector 70,3,1
2255,3.0,3.0,4.0,10000.0,Under Construction,1704.0,1.7,Sector 69,6,0
2256,3.0,3.0,4.0,9738.822487826472,0-1,2259.0,2.2,Sector 50,3,0
2257,3.0,3.0,3.0,8333.0,10+,2250.0,1.5,Sector 56,3,1
2258,3.0,3.0,4.0,11000.0,Under Construction,1704.0,1.87,Sector 69,6,1
2259,3.0,3.0,4.0,13953.488372093025,0-1,1935.0,2.7,Sushant Lok Phase 1,3,0
2260,3.0,3.0,3.0,16424.0,1-5,1650.0,2.71,Sector 65,2,0
2261,3.0,2.0,3.0,5109.0,5-10,1370.0,0.7,Sector 92,3,0
2262,1.0,1.0,2.0,5000.0,5-10,1100.0,0.55,Sector 92,3,0
2263,2.0,2.0,2.0,4272.0,5-10,1498.0,0.64,Sector 92,3,0
2264,1.0,1.0,1.0,4090.0,5-10,1100.0,0.45,Sector 92,3,0
2265,1.0,1.0,1.0,12857.0,5-10,350.0,0.45,Sector 92,3,0
2266,2.0,2.0,4.0,10930.0,0-1,1418.0,1.55,Nirvana Country,5,0
2267,4.0,5.0,4.0,10833.0,1-5,2400.0,2.6,Sector 69,6,1
2268,3.0,2.0,4.0,9011.0,1-5,1720.0,1.55,Sector 83,4,0
2269,3.0,3.0,4.0,12595.0,0-1,1999.0,1.65,Sector 68,5,0
2270,6.0,6.0,4.0,25562.37218813906,5-10,1467.0,3.75,Uppals Southend,2,1
2271,3.0,3.0,4.0,11111.0,0-1,1665.0,1.85,Sector 70A,4,0
2272,2.0,2.0,2.0,7916.0,5-10,1200.0,0.95,Sector 56,3,1
2273,3.0,3.0,3.0,8947.0,1-5,1900.0,1.7,Sector 83,4,1
2274,3.0,5.0,3.0,8461.0,1-5,1950.0,1.65,Sector 70,3,0
2275,3.0,3.0,3.0,4638.0,1-5,1509.0,0.7,Sector 92,1,1
2276,2.0,2.0,4.0,10961.0,1-5,1360.0,0.98,Sector 81,5,0
2277,4.0,4.0,4.0,13478.0,0-1,2300.0,3.1,Malibu Town,2,0
2278,4.0,6.0,4.0,5828.0,5-10,4890.0,2.85,Sector 82,4,0
2279,5.0,5.0,4.0,25000.0,Under Construction,4503.0,11.2575,Sector 53,3,0
2280,3.0,3.0,4.0,9683.0,Under Construction,1704.0,1.65,Sector 69,6,0
2281,3.0,3.0,4.0,9500.0,Under Construction,1704.0,1.62,Sector 69,6,0
2282,2.0,2.0,2.0,4585.0,1-5,820.0,0.26,Sohna,1,1
2283,2.0,2.0,2.0,8028.0,Under Construction,1557.0,1.25,Sector-33 Sohna,4,0
2284,2.0,2.0,2.0,4005.0,5-10,1498.0,0.6,Sector 92,3,0
2285,3.0,3.0,3.0,5421.0,1-5,1660.0,0.9,Sector 78,3,0
2286,3.0,3.0,3.0,9876.0,0-1,2025.0,2.0,Sector 77,6,0
2287,2.0,2.0,2.0,6832.0,1-5,1610.0,1.1,Sector 84,4,0
2288,3.0,3.0,3.0,6777.0,1-5,1918.0,1.3,Sector 84,4,0
2289,3.0,3.0,4.0,9200.0,Under Construction,1704.0,1.57,Sector 69,6,0
2290,3.0,3.0,3.0,25000.0,Under Construction,2892.0,7.23,Sector 53,3,0
2291,5.0,6.0,4.0,20930.0,10+,4300.0,9.0,Sector 42,3,0
2292,3.0,4.0,4.0,9473.0,1-5,2660.0,2.52,Sector 81,4,0
2293,2.0,2.0,2.0,14652.0,5-10,1365.0,2.0,Sector 60,5,0
2294,3.0,3.0,4.0,6923.0,1-5,1690.0,1.17,Sector 82,4,1
2295,4.0,5.0,4.0,5601.0,1-5,2535.0,1.62,Sector 82,4,0
2296,2.0,2.0,1.0,9504.0,1-5,515.0,0.49,Sector 86,3,1
2297,2.0,2.0,2.0,5619.0,1-5,1050.0,0.59,Sector 83,3,0
2298,3.0,3.0,4.0,6734.0,0-1,1960.0,1.32,Sector 82,4,0
2299,3.0,4.0,3.0,16800.0,Under Construction,2250.0,3.78,Sector 61,6,0
2300,3.0,4.0,2.0,12663.0,Under Construction,2290.0,2.9,Sector 76,5,0
2301,3.0,3.0,3.0,7142.0,1-5,1960.0,1.4,Sector 82,4,0
2302,3.0,3.0,3.0,7040.0,1-5,1960.0,1.38,Sector 82,4,0
2303,4.0,4.0,3.0,17037.037037037036,1-5,2700.0,4.6,Sector 83,4,0
2304,5.0,5.0,4.0,25000.0,0-1,4337.0,7.5,Sector 62,4,0
2305,3.0,3.0,3.0,5599.0,1-5,2143.0,1.2,Sector 92,1,0
2306,2.0,2.0,4.0,8086.0,Under Construction,1385.0,1.12,Sector-33 Sohna,2,0
2307,3.0,3.0,4.0,7787.0,1-5,1862.0,1.45,Sector 91,3,0
2308,2.0,2.0,2.0,11000.0,1-5,1224.0,1.1,Sector 68,4,0
2309,3.0,3.0,3.0,10000.0,1-5,1950.0,1.95,Sector 68,3,0
2310,2.0,2.0,2.0,12597.0,1-5,1508.0,2.5,Sector 62,5,0
2311,3.0,3.0,4.0,13687.0,1-5,2411.0,3.3,Sector 67,4,0
2312,3.0,3.0,2.0,9160.0,Under Construction,1430.0,1.31,Gwal Pahari,5,0
2313,3.0,3.0,2.0,9895.0,Under Construction,1430.0,1.41,Gwal Pahari,5,0
2314,3.0,4.0,4.0,13729.0,1-5,2185.0,3.0,Sector 72,3,1
2315,3.0,3.0,2.0,9694.989106753812,0-1,1836.0,1.78,Sector 57,3,1
2316,3.0,4.0,4.0,16136.0,1-5,2045.0,3.3,Sector 60,5,1
2317,3.0,4.0,3.0,16079.0,1-5,3887.0,6.25,Sector 65,5,1
2318,3.0,3.0,2.0,16938.0,1-5,3129.0,5.3,Sector 65,5,1
2319,3.0,4.0,3.0,15909.0,1-5,2200.0,3.5,Sector 66,6,1
2320,3.0,3.0,2.0,8333.333333333334,5-10,2700.0,2.25,Sector 57,3,1
2321,4.0,4.0,3.0,14035.0,10+,2195.0,2.8,Sector 48,4,0
2322,3.0,3.0,2.0,8741.0,0-1,1430.0,1.37,Gwal Pahari,5,0
2323,3.0,3.0,4.0,10204.0,0-1,1960.0,2.0,Sector 43,3,0
2324,4.0,5.0,2.0,11066.843736166446,1-5,4518.0,5.0,Sector 45,3,1
2325,4.0,5.0,2.0,9960.1593625498,1-5,4518.0,4.5,Sector 56,3,1
2326,4.0,5.0,2.0,9824.937477670595,1-5,2799.0,2.75,Uppals Southend,2,1
2327,3.0,3.0,2.0,13318.112633181128,10+,2628.0,3.5,Sector 4,2,1
2328,1.0,2.0,2.0,14444.444444444443,10+,900.0,1.3,Sector 7 Extension,2,1
2329,3.0,3.0,3.0,12127.0,1-5,2350.0,2.85,Sector 48,2,1
2330,2.0,2.0,2.0,14814.814814814816,10+,1485.0,2.2,Sector 7 Extension,2,1
2331,5.0,6.0,4.0,18518.51851851852,10+,3132.0,5.8,Sector 48,2,0
2332,3.0,3.0,2.0,11153.0,0-1,1300.0,1.45,Sector 9,2,1
2333,4.0,4.0,2.0,10277.0,Under Construction,1800.0,1.85,Sector 4,2,1
2334,4.0,5.0,4.0,20588.0,1-5,2625.0,3.5,Sector 72,3,0
2335,3.0,3.0,4.0,20661.0,Under Construction,1331.0,2.75,Sector 63A,5,0
2336,3.0,4.0,3.0,20937.0,1-5,2358.0,3.35,Sector 67,4,0
2337,3.0,3.0,3.0,20000.0,0-1,2500.0,3.4,Sector 63,6,0
2338,3.0,4.0,3.0,20245.0,1-5,2427.0,3.3,Sector 67,4,0
2339,3.0,3.0,4.0,19825.0,Under Construction,1261.0,2.5,Sector 63A,5,0
2340,4.0,5.0,2.0,22811.91806331471,5-10,3222.0,7.35,Sector 48,3,0
2341,3.0,3.0,4.0,25843.0,10+,2283.0,5.9,Sector 54,3,0
2342,3.0,3.0,3.0,25718.0,10+,1983.0,5.1,Sector 54,3,0
2343,3.0,3.0,3.0,26191.0,10+,2329.0,6.1,Sector 54,3,0
2344,3.0,3.0,2.0,3585.0,5-10,2050.0,0.735,Sector 1,1,0
2345,4.0,4.0,2.0,13734.0,10+,1711.0,2.35,DLF Phase 2,3,0
2346,3.0,3.0,4.0,6666.0,10+,1500.0,1.0,Palam Vihar,2,1
2347,6.0,6.0,4.0,19547.32510288066,5-10,2430.0,4.75,Palam Vihar,2,1
2348,2.0,2.0,4.0,11235.0,0-1,1424.0,1.6,Sector 74,6,0
2349,3.0,3.0,3.0,29629.0,5-10,2700.0,8.0,Sector 54,5,0
2350,6.0,6.0,4.0,27469.135802469136,5-10,3240.0,8.9,DLF Phase 4,3,1
2351,4.0,5.0,4.0,10162.0,1-5,3198.0,3.25,Sector 102,4,1
2352,4.0,4.0,3.0,22189.0,5-10,2704.0,6.0,Sector 54,4,0
2353,3.0,3.0,3.0,30808.0,1-5,3116.0,9.6,Sector 54,5,0
2354,3.0,2.0,2.0,8558.0,5-10,1811.0,1.55,Sector 37D,4,0
2355,3.0,4.0,4.0,5670.0,5-10,1940.0,1.1,Sector 103,2,0
2356,2.0,2.0,4.0,11095.0,0-1,1424.0,1.58,Sector 74,6,0
2357,5.0,7.0,4.0,24000.0,10+,4600.0,11.04,Sector 54,3,0
2358,3.0,3.0,4.0,12054.0,0-1,2074.0,2.5,Sector 74,6,0
2359,2.0,2.0,4.0,10884.0,0-1,1424.0,1.55,Sector 74,6,0
2360,2.0,2.0,3.0,11785.0,5-10,1697.0,2.0,Sector 57,1,1
2361,4.0,4.0,3.0,14062.0,10+,1600.0,2.25,DLF Phase 2,3,0
2362,4.0,4.0,2.0,12083.0,0-1,2400.0,2.9,Uppals Southend,2,1
2363,4.0,4.0,2.0,13461.0,0-1,2600.0,3.5,Sector 50,3,1
2364,3.0,3.0,2.0,5681.0,1-5,1760.0,1.0,Sector 82,5,0
2365,3.0,3.0,0.0,6775.0,1-5,1771.0,1.2,Sector 82,5,0
2366,3.0,3.0,4.0,12005.0,0-1,2074.0,2.49,Sector 74,6,0
2367,2.0,2.0,3.0,10393.0,0-1,1424.0,1.48,Sector 74,6,0
2368,9.0,9.0,4.0,18518.51851851852,5-10,2349.0,4.35,Sector 23A,2,1
2369,6.0,6.0,4.0,20873.474630700064,10+,1557.0,3.25,Palam Vihar,2,1
2370,2.0,2.0,2.0,17597.944765574826,10+,1557.0,2.74,Palam Vihar,2,1
2371,3.0,2.0,2.0,19910.083493898524,0-1,1557.0,3.1,Palam Vihar,2,1
2372,3.0,3.0,3.0,4624.0,1-5,1838.0,0.85,Sector 108,1,1
2373,2.0,2.0,4.0,7148.0,1-5,1385.0,0.99,Sector 106,6,0
2374,3.0,3.0,3.0,12352.0,1-5,1700.0,2.1,Sector 61,5,0
2375,4.0,4.0,4.0,21300.0,1-5,3498.0,7.45,Sector 62,4,0
2376,3.0,3.0,4.0,2511.0,1-5,2979.0,0.565,Sector 65,5,0
2377,3.0,4.0,4.0,18180.0,1-5,3112.0,5.66,Sector 65,5,0
2378,4.0,5.0,4.0,14688.0,1-5,2410.0,3.54,Sector 66,4,0
2379,3.0,4.0,3.0,14541.0,1-5,2400.0,3.49,Sector 67,4,0
2380,3.0,3.0,3.0,19600.0,1-5,2356.0,3.43,Sector 67,4,0
2381,3.0,4.0,3.0,12903.0,5-10,2480.0,3.2,Nirvana Country,5,0
2382,4.0,5.0,4.0,13872.0,1-5,2905.0,4.03,Sector 72,3,0
2383,4.0,4.0,4.0,20377.0,1-5,3355.0,5.4,Sector 72,3,0
2384,4.0,5.0,4.0,13941.0,1-5,2905.0,4.05,Sector 72,3,0
2385,3.0,2.0,2.0,8267.0,5-10,1137.0,0.94,Sector 70,4,0
2386,2.0,2.0,3.0,17899.0,1-5,1676.0,3.0,Sector 48,5,1
2387,4.0,4.0,3.0,15714.0,5-10,2100.0,3.3,Sector 66,6,0
2388,4.0,4.0,3.0,18888.0,5-10,2100.0,3.4,Sector 66,6,0
2389,4.0,5.0,3.0,20625.0,5-10,4200.0,6.6,Sector 66,6,0
2390,3.0,4.0,3.0,14400.0,1-5,2575.0,3.6,Sector 113 Gurgaon,4,1
2391,3.0,3.0,3.0,13757.0,1-5,1650.0,2.27,Sector 65,2,0
2392,4.0,4.0,2.0,11075.384065737764,Under Construction,2799.0,3.1,Uppals Southend,2,1
2393,5.0,4.0,2.0,8624.14761331729,0-1,4986.0,4.3,Malibu Town,2,1
2394,2.0,2.0,2.0,17222.0,5-10,1187.0,1.55,Sector 66,6,0
2395,3.0,4.0,4.0,14242.0,1-5,1650.0,2.35,Sector 65,2,0
2396,3.0,4.0,3.0,7619.0,0-1,1575.0,1.2,Sector 77,4,1
2397,3.0,3.0,3.0,12243.0,5-10,1805.0,2.21,Sector 49,3,0
2398,3.0,4.0,4.0,7954.0,1-5,1760.0,1.4,Sector 106,6,0
2399,6.0,6.0,2.0,20000.0,0-1,1350.0,2.7,New Colony,1,1
2400,3.0,2.0,4.0,7647.0,10+,1700.0,1.3,Sector 56,3,1
2401,4.0,4.0,3.0,19540.0,5-10,2610.0,5.1,DLF Phase 5,3,0
2402,2.0,2.0,1.0,9000.0,0-1,500.0,0.45,Sector 84,1,0
2403,4.0,6.0,3.0,10595.0,5-10,4200.0,4.45,Sector 81,4,0
2404,4.0,6.0,4.0,9942.0,5-10,3470.0,3.45,Sector 81,4,0
2405,4.0,5.0,2.0,10204.0,5-10,3185.0,3.25,Sector 81,4,0
2406,3.0,4.0,4.0,11854.0,1-5,2092.0,2.5,Sector 81,5,0
2407,4.0,4.0,3.0,12708.0,1-5,2872.0,3.65,Sector 81,5,0
2408,3.0,4.0,4.0,9210.0,5-10,2660.0,2.45,Sector 81,4,0
2409,4.0,6.0,4.0,9798.0,5-10,3470.0,3.4,Sector 81,4,0
2410,4.0,6.0,4.0,10476.0,5-10,4200.0,4.4,Sector 81,4,0
2411,4.0,5.0,2.0,10047.0,5-10,3185.0,3.2,Sector 81,4,0
2412,3.0,4.0,3.0,9398.0,5-10,2660.0,2.5,Sector 81,4,0
2413,4.0,4.0,3.0,12534.0,1-5,2872.0,3.6,Sector 81,5,0
2414,3.0,4.0,4.0,12142.0,1-5,2100.0,2.55,Sector 81,5,0
2415,4.0,5.0,4.0,9090.0,0-1,2475.0,2.25,Sector 92,4,0
2416,4.0,4.0,4.0,7681.0,1-5,2213.0,1.7,Sector 37D,4,0
2417,3.0,3.0,3.0,8529.0,10+,1700.0,1.45,Sector 49,2,1
2418,3.0,3.0,2.0,8266.0,1-5,1500.0,1.24,Sector 50,3,1
2419,3.0,4.0,3.0,9923.0,0-1,1965.0,1.95,Sector 95,2,0
2420,3.0,4.0,2.0,24929.0,Under Construction,1765.0,4.4,Sector 63A,5,0
2421,4.0,4.0,4.0,15000.0,Under Construction,4000.0,6.0,Sector 76,6,1
2422,3.0,3.0,2.0,9028.0,0-1,1750.0,1.58,Sector 49,2,1
2423,3.0,3.0,3.0,9375.0,10+,1600.0,1.5,Sector 47,2,1
2424,4.0,4.0,3.0,27117.0,10+,2397.0,6.5,DLF Phase 5,0,0
2425,4.0,4.0,3.0,16335.0,10+,3520.0,5.75,DLF Phase 3,3,0
2426,4.0,4.0,2.0,8888.888888888889,Under Construction,4500.0,4.0,Sector 48,5,0
2427,2.0,2.0,2.0,5277.0,10+,1800.0,0.95,Uppals Southend,2,1
2428,3.0,3.0,3.0,12636.0,0-1,2018.0,2.55,Sector 74,1,0
2429,3.0,3.0,3.0,14102.0,1-5,2411.0,3.4,Sector 67,4,1
2430,3.0,2.0,2.0,18049.0,0-1,1579.0,2.85,Sector 113 Gurgaon,5,0
2431,3.0,3.0,3.0,7730.0,0-1,1811.0,1.4,Sector 37D,4,0
2432,4.0,4.0,4.0,13500.0,Under Construction,2636.0,3.56,Sector 113 Gurgaon,6,1
2433,4.0,4.0,2.0,12544.802867383512,Under Construction,2790.0,3.5,Malibu Town,2,1
2434,3.0,2.0,3.0,8333.0,10+,1500.0,1.25,Sector 50,3,1
2435,3.0,2.0,2.0,8866.0,10+,1500.0,1.33,Sector 50,3,1
2436,3.0,2.0,2.0,7500.0,10+,1600.0,1.2,Sector 49,2,1
2437,2.0,2.0,3.0,7500.0,5-10,1200.0,0.9,Sector 49,2,1
2438,3.0,3.0,2.0,8750.0,10+,1600.0,1.4,Sector 50,3,1
2439,3.0,2.0,2.0,7333.0,10+,1500.0,1.1,Uppals Southend,2,1
2440,3.0,3.0,0.0,10400.0,10+,1500.0,1.56,Sector 51,3,1
2441,3.0,3.0,2.0,10666.0,10+,1500.0,1.6,Uppals Southend,2,1
2442,3.0,3.0,2.0,12727.0,1-5,1650.0,2.1,Sector 50,3,1
2443,3.0,3.0,4.0,6377.0,5-10,1960.0,1.25,Sector 82,4,0
2444,2.0,2.0,3.0,7896.0,Under Construction,1010.0,0.7975,Sector 92,4,1
2445,3.0,3.0,3.0,8250.0,Under Construction,1850.0,1.53,Sector 83,4,0
2446,3.0,3.0,2.0,8741.0,Under Construction,1430.0,1.25,Sector 89,4,0
2447,3.0,3.0,3.0,15030.0,Under Construction,1630.0,2.45,Sector 61,6,0
2448,3.0,3.0,3.0,8222.0,Under Construction,2250.0,1.85,Sector 37D,1,0
2449,3.0,2.0,3.0,8250.0,Under Construction,1450.0,1.2,Sector 83,5,0
2450,3.0,3.0,3.0,13462.0,Under Construction,2050.0,2.76,Sector 113 Gurgaon,6,0
2451,4.0,4.0,2.0,14259.25925925926,0-1,2700.0,3.85,DLF Phase 1,3,1
2452,3.0,4.0,4.0,9209.0,1-5,2150.0,2.2,Sector 79,3,0
2453,4.0,3.0,2.0,11764.0,1-5,1700.0,2.0,Sector 82,2,1
2454,4.0,4.0,3.0,6265.0,5-10,1995.0,1.25,Sector 92,4,1
2455,4.0,3.0,3.0,3317.0,10+,3100.0,0.72,Sector 92,3,0
2456,4.0,4.0,3.0,5614.0,10+,1870.0,1.05,Sector 92,1,1
2457,3.0,3.0,4.0,10599.0,1-5,1550.0,1.15,Sector 88B,3,0
2458,3.0,4.0,4.0,11238.0,0-1,2091.0,2.35,Sector 81,5,0
2459,3.0,2.0,3.0,12804.0,10+,1640.0,2.1,South City 1,3,0
2460,3.0,3.0,3.0,11421.188630490957,0-1,1935.0,2.21,DLF Phase 3,3,1
2461,4.0,4.0,3.0,11384.0,0-1,3250.0,3.7,Greenwood City,3,1
2462,3.0,3.0,3.0,20256.0,0-1,1950.0,3.95,Nirvana Country,3,1
2463,3.0,3.0,4.0,8108.0,10+,1850.0,1.5,Sector 56,3,1
2464,3.0,3.0,3.0,10604.0,Under Construction,1470.0,1.09,Sector 37D,4,0
2465,2.0,2.0,2.0,4606.0,Under Construction,1701.0,0.7835,Sector 37D,4,0
2466,3.0,2.0,3.0,9598.0,Under Construction,1785.0,1.2,Sector 81,2,0
2467,3.0,3.0,4.0,11950.0,Under Construction,1593.0,1.9,Sector 106,6,0
2468,3.0,3.0,4.0,11950.0,Under Construction,1359.0,1.62,Sector 106,6,0
2469,2.0,2.0,2.0,9963.0,Under Construction,1375.0,1.37,Sector 63A,5,0
2470,2.0,2.0,2.0,5882.0,Under Construction,578.0,0.34,Sector 110,6,1
2471,2.0,2.0,1.0,9333.0,1-5,1125.0,1.05,Sector 33,5,0
2472,4.0,4.0,2.0,8148.148148148148,0-1,2700.0,2.2,Sector 67,3,1
2473,4.0,5.0,2.0,11111.111111111111,1-5,4500.0,5.0,Greenwood City,2,1
2474,3.0,3.0,4.0,16000.0,1-5,2200.0,2.8,Sector 102,5,0
2475,2.0,2.0,2.0,7971.0,1-5,1380.0,1.1,Sector 106,6,0
2476,3.0,3.0,2.0,20423.0,Under Construction,2595.0,5.3,Sector 59,6,1
2477,3.0,4.0,3.0,15476.0,1-5,2100.0,3.25,Suncity,2,0
2478,3.0,3.0,2.0,6076.388888888889,1-5,1728.0,1.05,Sector 48,5,1
2479,9.0,7.0,4.0,20254.62962962963,0-1,1728.0,3.5,Sector 48,5,0
2480,4.0,5.0,3.0,10666.666666666666,0-1,4500.0,4.8,Malibu Town,2,0
2481,3.0,3.0,2.0,11793.916821849783,Under Construction,1611.0,1.9,Sector 63A,5,0
2482,4.0,4.0,3.0,24854.0,10+,2917.0,7.25,Sector 54,3,0
2483,3.0,3.0,2.0,10536.39846743295,Under Construction,2088.0,2.2,Sector 63A,5,0
2484,3.0,3.0,3.0,13473.0,5-10,2375.0,3.2,Sector 59,4,1
2485,3.0,3.0,2.0,12340.0,Under Construction,1645.0,1.52,Sector 79,5,0
2486,3.0,3.0,3.0,13207.0,0-1,1855.0,2.45,Sector 106,5,1
2487,4.0,4.0,4.0,15454.0,0-1,2750.0,4.25,Sector 106,5,1
2488,3.0,4.0,4.0,8068.0,0-1,1760.0,1.42,Sector 106,6,1
2489,3.0,3.0,3.0,10588.0,0-1,1700.0,1.8,Sector 70A,4,1
2490,9.0,9.0,4.0,26275.0,5-10,2470.0,6.49,Sector 45,3,1
2491,3.0,3.0,3.0,11712.0,0-1,1921.0,2.25,Sector 67A,4,1
2492,3.0,3.0,2.0,15000.0,1-5,1500.0,2.25,Mayfield garden,3,1
2493,4.0,5.0,4.0,18181.0,1-5,3300.0,6.0,Sector 72,3,1
2494,5.0,5.0,4.0,20465.0,5-10,4300.0,8.8,Sector 42,3,0
2495,3.0,5.0,2.0,17498.0,1-5,2343.0,4.1,Sector 108,5,1
2496,2.0,2.0,1.0,5741.0,1-5,836.0,0.48,Sector 70A,4,1
2497,2.0,2.0,2.0,8817.0,1-5,930.0,0.82,Sector 82,2,0
2498,2.0,2.0,2.0,7022.0,0-1,1310.0,0.92,Sector 91,3,1
2499,4.0,4.0,3.0,12173.52810978309,0-1,4518.0,5.5,Suncity,3,1
2500,4.0,4.0,3.0,13833.554670208056,0-1,4518.0,6.25,Suncity,3,1
2501,4.0,3.0,3.0,13714.0,0-1,1750.0,2.4,Sector 65,6,1
2502,4.0,4.0,3.0,10645.0,0-1,3100.0,3.3,Golf Course Ext Road,0,0
2503,3.0,3.0,2.0,12051.0,0-1,1950.0,2.35,DLF Phase 2,3,1
2504,3.0,3.0,2.0,11346.0,5-10,2644.0,3.0,Nirvana Country,5,0
2505,4.0,4.0,2.0,9444.444444444443,0-1,4500.0,4.25,Uppals Southend,2,1
2506,3.0,5.0,4.0,9208.0,Under Construction,2400.0,2.21,Sector 99,4,0
2507,4.0,5.0,3.0,8300.132802124834,0-1,4518.0,3.75,DLF Phase 3,3,1
2508,3.0,3.0,2.0,10765.0,Under Construction,1672.0,1.8,Sector 76,5,1
2509,3.0,3.0,4.0,12990.0,0-1,1862.0,1.41,Sector 91,3,0
2510,3.0,3.0,3.0,14285.0,0-1,1700.0,2.0,Sector 63,1,1
2511,4.0,6.0,4.0,20000.0,0-1,3625.0,7.25,Sector 59,6,0
2512,4.0,4.0,3.0,13924.0,1-5,1975.0,2.75,Sector 65,2,1
2513,4.0,5.0,3.0,10714.0,1-5,4200.0,4.5,Sector 53,2,0
2514,3.0,3.0,3.0,15246.0,Under Construction,1689.0,1.65,Sector 104,5,0
2515,3.0,3.0,3.0,23277.0,Under Construction,2685.0,6.25,MG Road,4,0
2516,4.0,4.0,2.0,12345.67901234568,0-1,2835.0,3.5,DLF Phase 2,3,0
2517,3.0,2.0,2.0,9935.0,Under Construction,1389.0,1.38,Sector 104,5,0
2518,3.0,2.0,2.0,15777.0,Under Construction,1359.0,1.36,Sector 104,5,0
2519,2.0,2.0,3.0,14915.0,Under Construction,1099.0,1.02,Sector 104,5,0
2520,4.0,4.0,4.0,21664.0,Under Construction,4175.0,9.05,MG Road,4,0
2521,3.0,3.0,3.0,20670.0,Under Construction,2685.0,5.75,MG Road,4,0
2522,3.0,3.0,2.0,9318.0,0-1,2200.0,2.05,Sector 50,3,1
2523,3.0,3.0,2.0,9487.0,0-1,1950.0,1.85,Sector 56,3,0
2524,2.0,2.0,3.0,17676.76767676768,5-10,594.0,1.05,Palam Vihar,2,1
2525,3.0,3.0,2.0,13846.0,1-5,1950.0,2.7,Sector 66,6,1
2526,3.0,4.0,3.0,8513.0,1-5,2408.0,2.05,Sector 85,4,0
2527,4.0,4.0,4.0,10580.0,Under Construction,2599.0,2.75,Sector 85,4,1
2528,4.0,5.0,4.0,9090.0,1-5,2475.0,2.25,Sector 92,4,0
2530,4.0,5.0,4.0,9090.0,1-5,2475.0,2.25,Sector 92,4,0
2531,4.0,4.0,3.0,9032.0,1-5,2325.0,2.1,Sector 92,4,0
2532,2.0,2.0,3.0,10448.0,0-1,1359.0,1.42,Sector 102,4,1
2533,3.0,4.0,4.0,15892.0,1-5,2045.0,3.25,Sector 60,5,0
2534,3.0,3.0,2.0,15333.0,Under Construction,1500.0,2.3,Sector 113 Gurgaon,5,0
2535,3.0,4.0,4.0,6332.0,1-5,1816.0,1.15,Sector 104,6,1
2536,3.0,3.0,4.0,7248.0,1-5,1890.0,1.37,Sector 84,5,0
2537,3.0,4.0,4.0,8841.0,1-5,2262.0,2.0,Sector 79,3,1
2538,3.0,3.0,2.0,16666.0,0-1,1650.0,2.75,Sector 65,2,1
2539,4.0,3.0,2.0,14285.0,1-5,1750.0,2.5,Sector 65,2,1
2540,3.0,3.0,3.0,16242.0,1-5,1650.0,2.68,Sector 65,2,0
2541,3.0,4.0,4.0,17777.0,Under Construction,2250.0,4.0,Sector 61,6,1
2542,4.0,4.0,4.0,14807.0,1-5,2600.0,3.85,Sector 65,3,1
2543,4.0,4.0,4.0,17857.0,1-5,2800.0,5.0,Sector 65,6,1
2544,3.0,3.0,3.0,17930.0,Under Construction,2015.0,1.75,Sector 79,3,0
2545,3.0,2.0,3.0,8784.0,Under Construction,1423.0,1.25,Sector 89,4,0
2546,3.0,2.0,3.0,7826.0,Under Construction,1150.0,0.9,Sohna,4,0
2547,3.0,3.0,3.0,14855.0,1-5,1380.0,2.05,Sector 65,2,0
2548,4.0,4.0,3.0,16250.0,1-5,2400.0,3.9,Sector 65,6,1
2549,4.0,3.0,3.0,12114.0,1-5,1750.0,2.12,Sector 65,2,1
2550,3.0,3.0,3.0,15151.0,1-5,1650.0,2.5,Sector 65,2,1
2551,4.0,4.0,0.0,17215.0,0-1,1975.0,3.4,Sector 65,2,0
2552,3.0,3.0,2.0,13750.0,1-5,1600.0,2.2,Sector 49,2,0
2553,4.0,5.0,4.0,10713.0,5-10,2660.0,3.2,Sector 49,2,1
2554,3.0,4.0,3.0,9993.0,5-10,2251.0,3.0,Sector 49,2,1
2555,4.0,5.0,3.0,10836.0,5-10,2999.0,4.0,Sector 49,2,0
2556,4.0,3.0,0.0,17142.0,1-5,1750.0,3.0,Sector 65,6,1
2557,3.0,3.0,3.0,10473.0,1-5,1900.0,1.99,Sector 83,4,1
2558,5.0,5.0,3.0,21666.0,Under Construction,3000.0,7.25,DLF Phase 1,3,1
2559,3.0,4.0,4.0,9684.0,Under Construction,2375.0,2.3,Sector 109,6,0
2560,5.0,6.0,4.0,11096.0,1-5,3830.0,4.25,Sector 110,6,0
2561,3.0,4.0,4.0,8951.0,1-5,2290.0,2.05,Sector 104,6,0
2562,3.0,4.0,3.0,15003.0,0-1,2072.0,3.11,Sector 108,5,0
2563,3.0,3.0,3.0,6703.0,0-1,1790.0,1.2,Sector 37C,3,0
2564,4.0,3.0,2.0,15833.0,0-1,4800.0,7.6,Sector 63A,6,1
2565,3.0,4.0,3.0,6584.0,1-5,2430.0,1.6,Sector 109,1,0
2566,4.0,4.0,2.0,9701.0,1-5,2010.0,1.95,Sector 69,4,0
2567,3.0,2.0,3.0,14177.0,Under Construction,1855.0,2.63,Sector 102,1,0
2568,4.0,4.0,3.0,11666.0,0-1,3000.0,3.5,Palam Vihar,2,1
2569,3.0,3.0,3.0,10925.0,5-10,1794.0,1.96,Nirvana Country,5,1
2570,3.0,2.0,4.0,11049.0,5-10,1629.0,1.8,Nirvana Country,5,1
2571,3.0,2.0,4.0,10909.0,5-10,1815.0,1.98,Nirvana Country,5,1
2572,3.0,3.0,3.0,13333.333333333334,0-1,2250.0,3.0,Sector 54,3,1
2573,4.0,2.0,1.0,8750.0,1-5,2000.0,1.75,Sector 77,4,1
2574,3.0,4.0,4.0,13816.0,10+,2895.0,4.0,Sector 53,4,0
2575,3.0,4.0,4.0,16407.0,10+,2895.0,4.75,Sector 53,4,0
2576,3.0,4.0,4.0,12953.0,5-10,2895.0,3.75,Sector 53,4,0
2577,5.0,6.0,4.0,26560.42496679947,5-10,4518.0,12.0,DLF Phase 3,3,0
2578,4.0,4.0,4.0,19338.959212376933,5-10,2844.0,5.5,DLF Phase 3,3,0
2579,4.0,4.0,4.0,8936.0,0-1,3245.0,2.9,Sector 99,4,0
2580,3.0,3.0,4.0,8727.0,0-1,2750.0,2.4,Sector 99,4,0
2581,4.0,4.0,2.0,30709.0,0-1,3240.0,9.95,Nirvana Country,3,0
2582,3.0,2.0,4.0,26250.0,1-5,3600.0,1.05,Sector 82,1,0
2583,3.0,4.0,4.0,14858.0,5-10,2045.0,3.0,Sector 60,5,0
2584,3.0,4.0,4.0,13038.0,5-10,2531.0,3.3,Nirvana Country,4,1
2585,3.0,3.0,3.0,10750.0,5-10,2093.0,2.25,Nirvana Country,5,1
2586,3.0,3.0,1.0,6887.0,1-5,1815.0,1.25,Sector 37C,3,0
2587,3.0,4.0,3.0,11217.0,1-5,2095.0,2.35,Sector 109,4,0
2588,4.0,4.0,2.0,14857.0,10+,1750.0,2.6,Sector 65,6,1
2589,1.0,1.0,1.0,3555.555555555556,1-5,450.0,0.16,New Palam Vihar,1,1
2590,2.0,2.0,1.0,7007.007007007007,1-5,999.0,0.7,New Palam Vihar,1,1
2591,2.0,2.0,1.0,5862.0,1-5,597.0,0.35,Sector 102,4,0
2592,3.0,3.0,2.0,7539.68253968254,1-5,2520.0,1.9,Sector 57,4,1
2593,4.0,4.0,3.0,9184.0,5-10,2325.0,2.14,Sector 92,4,1
2594,3.0,3.0,2.0,1086.41975308642,1-5,4050.0,0.44,Surat Nagar 1,2,0
2595,4.0,4.0,4.0,12127.0,5-10,2350.0,2.85,Sector 48,5,0
2596,3.0,3.0,4.0,11200.0,5-10,1790.0,2.0,Sector 67,4,0
2597,2.0,2.0,2.0,19867.0,0-1,1508.0,2.4,Sector 62,5,0
2598,3.0,3.0,2.0,12500.0,0-1,1900.0,2.0,Sector 56,3,0
2599,3.0,3.0,3.0,13178.0,0-1,1935.0,2.55,Sushant Lok Phase 1,3,1
2600,3.0,3.0,2.0,13178.0,0-1,1935.0,2.55,Sushant Lok Phase 1,3,0
2601,4.0,4.0,2.0,14000.0,0-1,2700.0,3.5,Sushant Lok Phase 1,3,0
2602,3.0,3.0,2.0,13823.0,0-1,2000.0,2.35,Sushant Lok Phase 1,3,0
2603,3.0,3.0,3.0,13695.0,0-1,1935.0,2.65,Sushant Lok Phase 1,3,0
2604,3.0,3.0,3.0,8028.0,Under Construction,1557.0,1.25,Sector-33 Sohna,2,1
2605,3.0,3.0,2.0,4037.0,1-5,2700.0,1.09,Sushant Lok Phase 2,4,1
2606,3.0,3.0,4.0,7954.0,1-5,2200.0,1.75,Sector 38,2,1
2607,3.0,3.0,2.0,5925.0,1-5,3000.0,1.6,Sector 57,3,1
2608,3.0,3.0,2.0,10250.0,0-1,1750.0,1.64,Sector 56,3,0
2609,3.0,3.0,3.0,14118.0,1-5,2656.0,3.75,DLF Phase 3,3,0
2610,3.0,3.0,3.0,11538.0,10+,2600.0,3.0,DLF Phase 3,3,0
2611,4.0,4.0,3.0,10932.0,0-1,4848.0,5.3,Sector 112,4,0
2612,4.0,4.0,3.0,11344.0,0-1,4848.0,5.5,Sector 112,4,0
2613,4.0,4.0,3.0,11035.0,0-1,4848.0,5.35,Sector 112,4,0
2614,4.0,4.0,3.0,12500.0,0-1,4848.0,5.25,Sector 112,4,0
2615,4.0,5.0,4.0,12379.0,10+,2383.0,2.95,Sector 49,4,1
2616,4.0,4.0,2.0,9674.693705111957,1-5,2367.0,2.29,Sector 57,3,1
2617,4.0,4.0,2.0,9083.22771440642,1-5,2367.0,2.15,Sector 57,3,1
2618,4.0,4.0,2.0,8414.554905782976,1-5,3078.0,2.59,Sector 57,3,1
2619,2.0,3.0,4.0,6000.0,5-10,1450.0,0.87,Sector 103,4,1
2620,3.0,3.0,4.0,7154.882154882155,5-10,2376.0,1.7,Sector 51,3,1
2621,5.0,5.0,4.0,13888.888888888889,0-1,3600.0,5.0,Sector 26,3,1
2622,4.0,4.0,2.0,13837.257331681123,0-1,4842.0,6.7,DLF Phase 1,3,1
2623,4.0,3.0,2.0,5093.0,1-5,3141.0,1.6,Sector 67,3,1
2624,3.0,3.0,4.0,26379.0,1-5,2464.0,6.5,Sector 48,5,0
2625,2.0,2.0,3.0,5318.0,1-5,1360.0,0.585,Sector 92,1,1
2626,2.0,2.0,1.0,4264.0,1-5,1360.0,0.58,Sector 86,2,1
2627,3.0,2.0,3.0,4497.0,1-5,1690.0,0.76,Sector 86,2,1
2628,3.0,4.0,3.0,3927.0,1-5,1935.0,0.76,Sector 92,1,1
2629,4.0,5.0,3.0,16060.0,1-5,3300.0,5.3,Sector 72,3,1
2630,2.0,2.0,1.0,4697.0,0-1,745.0,0.35,Sohna,4,1
2631,4.0,5.0,2.0,14341.787439613528,Under Construction,3312.0,4.75,DLF Phase 2,3,1
2632,4.0,5.0,3.0,14386.89685701638,Under Construction,4518.0,6.5,DLF Phase 1,3,1
2633,4.0,4.0,4.0,16666.0,1-5,3750.0,6.25,Sector 66,6,0
2634,1.0,1.0,1.0,5865.0,0-1,358.0,0.21,Sohna,6,1
2635,2.0,2.0,3.0,11934.0,0-1,1215.0,1.45,Sector 102,4,1
2636,3.0,3.0,2.0,10312.0,0-1,1600.0,1.65,Sushant Lok Phase 3,3,1
2637,2.0,2.0,1.0,10166.0,0-1,541.0,0.55,Sector 76,3,1
2638,2.0,2.0,2.0,10009.0,Under Construction,1099.0,1.1,Sector 104,5,1
2639,3.0,3.0,2.0,5468.0,0-1,3200.0,1.75,Sector 56,3,1
2640,3.0,3.0,3.0,8061.0,0-1,1811.0,1.46,Sector 37D,4,1
2641,3.0,3.0,4.0,6555.0,0-1,1800.0,1.18,Sector 37D,3,1
2642,3.0,3.0,4.0,17422.0,Under Construction,2095.0,3.65,Sector 59,6,0
2643,3.0,3.0,4.0,10869.0,5-10,1794.0,1.95,Nirvana Country,5,0
2644,3.0,4.0,4.0,13117.0,5-10,2531.0,3.32,Nirvana Country,4,0
2645,3.0,4.0,4.0,13104.0,5-10,2480.0,3.25,Nirvana Country,4,0
2646,3.0,3.0,3.0,13812.0,1-5,1810.0,2.5,Sector 111,4,1
2647,3.0,3.0,1.0,13259.0,0-1,1810.0,2.4,Sector 111,4,1
2648,3.0,3.0,1.0,14117.0,0-1,1700.0,2.4,Sector 111,4,1
2649,3.0,4.0,2.0,14090.0,1-5,2200.0,3.1,Sector 111,4,0
2650,3.0,3.0,4.0,13352.0,Under Construction,1700.0,2.27,Sector 113 Gurgaon,5,1
2651,2.0,2.0,3.0,13350.0,1-5,1573.0,2.1,Sector 113 Gurgaon,5,1
2652,3.0,3.0,4.0,10628.0,10+,2070.0,2.2,Sector 48,2,1
2653,3.0,4.0,3.0,13190.0,10+,1630.0,2.15,Sector 48,4,0
2654,3.0,4.0,4.0,12772.0,5-10,2153.0,2.75,Sector 49,4,0
2655,4.0,4.0,3.0,14111.0,Under Construction,2055.0,2.9,Sector 113 Gurgaon,5,0
2656,2.0,2.0,2.0,15189.0,1-5,1580.0,2.4,Sector 113 Gurgaon,4,0
2657,3.0,3.0,3.0,10833.0,Under Construction,1800.0,1.95,Sector 85,4,1
2658,4.0,4.0,2.0,16244.0,Under Construction,3078.0,5.0,Sector 23,2,0
2659,3.0,3.0,2.0,16433.0,5-10,1430.0,2.35,DLF Phase 5,5,0
2660,3.0,4.0,4.0,16977.777777777777,Under Construction,2250.0,3.82,Sector 61,6,0
2661,4.0,4.0,2.0,13888.888888888889,0-1,3600.0,5.0,Sector 65,6,0
2662,2.0,2.0,3.0,8152.0,1-5,1380.0,0.9,Sector 37D,4,0
2663,3.0,4.0,4.0,25214.0,1-5,1983.0,5.0,Sector 54,4,0
2664,3.0,3.0,3.0,9285.0,1-5,1785.0,1.3,Sector 83,5,1
2665,4.0,4.0,4.0,14789.0,0-1,1900.0,2.81,Sushant Lok Phase 1,3,1
2666,2.0,2.0,2.0,8125.0,5-10,929.0,0.65,Sector 82,4,0
2667,3.0,4.0,4.0,9200.0,0-1,2000.0,1.84,Sector 102,4,0
2668,3.0,3.0,4.0,16966.0,10+,1945.0,3.3,Suncity,2,0
2669,3.0,4.0,3.0,17163.0,1-5,1777.0,3.05,DLF Phase 4,3,0
2670,3.0,4.0,3.0,13703.0,5-10,1525.0,1.85,Sector 51,5,1
2671,4.0,4.0,4.0,28947.0,10+,4200.0,12.15774,Nirvana Country,3,0
2672,4.0,4.0,4.0,15806.0,1-5,2847.0,4.5,Sector 67,4,1
2673,4.0,4.0,3.0,16666.0,Under Construction,2700.0,4.5,DLF Phase 2,3,0
2674,1.0,1.0,1.0,6225.0,1-5,257.0,0.16,Sector 111,4,1
2675,3.0,3.0,1.0,7058.0,0-1,1700.0,1.2,Palam Vihar,2,1
2676,2.0,2.0,3.0,7859.0,5-10,1565.0,1.23,Palam Vihar,6,0
2677,3.0,4.0,4.0,24457.0,1-5,1983.0,4.85,Sector 54,4,0
2678,3.0,3.0,2.0,10707.0,5-10,1541.0,1.65,Sector 50,3,0
2679,3.0,4.0,3.0,15565.0,1-5,1150.0,1.79,Sector 63A,5,1
2680,4.0,4.0,4.0,13308.0,Under Construction,2720.0,3.96,Sector 106,5,0
2681,3.0,3.0,2.0,12180.0,Under Construction,2000.0,2.44,Sector 63A,5,0
2682,2.0,2.0,2.0,11664.0,Under Construction,1500.0,1.75,Sector 63A,5,0
2683,2.0,2.0,2.0,10885.0,Under Construction,1800.0,1.96,Sector 63A,5,0
2684,3.0,4.0,3.0,8000.0,1-5,1950.0,1.56,Sector 70,3,1
2685,2.0,3.0,2.0,6875.0,0-1,800.0,0.55,Sector 67,3,0
2686,2.0,3.0,2.0,6750.0,0-1,800.0,0.54,Sector 67,3,0
2687,4.0,5.0,2.0,13750.0,0-1,2200.0,2.75,Sushant Lok Phase 1,3,1
2688,2.0,3.0,2.0,6707.0,0-1,820.0,0.55,Sector 67,3,0
2689,5.0,5.0,4.0,28806.58436213992,0-1,2430.0,7.0,Sector 109,6,1
2690,3.0,3.0,4.0,11156.0,0-1,1703.0,1.9,Sector 70A,4,1
2691,4.0,5.0,2.0,13194.0,0-1,3600.0,4.75,Sector 26,3,0
2692,4.0,5.0,2.0,16666.0,0-1,2700.0,4.5,Sector 26,3,0
2693,3.0,4.0,3.0,14197.0,0-1,2430.0,3.45,DLF Phase 4,3,1
2694,4.0,5.0,2.0,19475.0,0-1,2800.0,5.2,Sector 54,3,0
2695,3.0,3.0,3.0,14444.0,0-1,2200.0,2.6,South City 1,3,0
2696,3.0,4.0,2.0,5786.0,5-10,2506.0,1.45,Sector 85,6,0
2697,4.0,4.0,4.0,7758.0,1-5,2900.0,2.25,Sector 51,3,0
2698,3.0,3.0,4.0,7258.0,5-10,1750.0,1.27,Sector 56,3,1
2699,4.0,4.0,2.0,8888.888888888889,0-1,4500.0,4.0,Sector 55,3,1
2700,3.0,3.0,3.0,15166.0,0-1,1022.0,1.55,Sector 102,4,1
2701,3.0,3.0,3.0,8064.0,0-1,1550.0,1.25,Sector 88B,3,1
2702,2.0,2.0,2.0,9554.0,Under Construction,1099.0,1.05,Sector 104,5,1
2703,2.0,2.0,2.0,7629.0,Under Construction,1350.0,1.03,Sector 88B,3,1
2704,3.0,4.0,4.0,11875.0,1-5,2025.0,1.9,Sector 102,4,0
2705,3.0,3.0,4.0,7307.0,5-10,3344.0,1.9,Sector 103,4,0
2706,3.0,3.0,2.0,16377.649325626204,5-10,1557.0,2.55,Palam Vihar,2,1
2707,4.0,4.0,2.0,9135.0,0-1,2430.0,2.22,Palam Vihar,2,1
2708,3.0,4.0,3.0,9000.0,1-5,1450.0,1.3,Sector 77,4,0
2709,4.0,4.0,4.0,10227.0,1-5,1711.0,1.75,Sector 77,4,0
2710,3.0,4.0,3.0,9310.0,1-5,1450.0,1.35,Sector 77,4,0
2711,4.0,4.0,4.0,8717.0,1-5,1950.0,1.7,Sector 77,4,0
2712,4.0,6.0,3.0,18438.0,5-10,3715.0,6.85,Sector 47,4,1
2713,3.0,4.0,3.0,17408.0,5-10,2470.0,4.3,Sector 47,4,1
2714,3.0,4.0,4.0,8650.0,1-5,2000.0,1.73,Sector 77,3,1
2715,3.0,4.0,4.0,11950.0,1-5,2092.0,2.5,Sector 81,5,0
2716,3.0,3.0,2.0,6704.0,Under Construction,2088.0,1.4,Sector 93,5,1
2717,3.0,4.0,4.0,8750.0,0-1,2000.0,1.75,Sector 77,3,0
2718,3.0,3.0,2.0,10139.0,1-5,1578.0,1.6,Sector 69,4,1
2719,3.0,4.0,3.0,9172.0,1-5,1450.0,1.33,Sector 77,4,0
2720,10.0,8.0,4.0,18750.0,1-5,4000.0,7.5,Sector 56,3,1
2721,3.0,4.0,2.0,6578.0,0-1,1970.0,1.25,Sector 99,3,0
2722,2.0,2.0,2.0,8709.0,5-10,1248.0,1.07,Sector 68,4,0
2723,3.0,4.0,4.0,8333.0,10+,1920.0,1.6,Palam Vihar,6,1
2724,3.0,4.0,4.0,8072.0,10+,1920.0,1.55,Palam Vihar,6,1
2725,3.0,3.0,2.0,12834.0,0-1,2727.0,3.5,Sector 63,6,1
2726,2.0,2.0,3.0,6713.0,10+,1415.0,0.95,Palam Vihar,6,1
2727,4.0,4.0,3.0,20012.0,0-1,4992.0,9.99,Sector 65,5,1
2728,4.0,4.0,4.0,7334.0,5-10,2727.0,2.0,Sector 90,3,0
2729,3.0,3.0,4.0,8553.0,1-5,1929.0,1.65,Sector 86,4,0
2730,4.0,6.0,4.0,21215.0,1-5,4690.0,9.95,Sector 62,4,0
2731,3.0,4.0,3.0,12566.0,1-5,2427.0,3.51,Sector 67,4,1
2732,4.0,4.0,2.0,11817.0,10+,1777.0,2.4,DLF Phase 4,3,0
2733,4.0,6.0,4.0,25438.0,5-10,3931.0,9.9996778,Sector 48,5,0
2734,4.0,5.0,3.0,11290.0,1-5,3100.0,3.5,Palam Vihar,3,1
2735,3.0,3.0,2.0,17857.0,0-1,1400.0,2.5,Sector 38,2,1
2736,4.0,4.0,2.0,16962.0,Under Construction,2423.0,4.11,Sector 108,5,0
2737,4.0,4.0,3.0,14720.0,0-1,2500.0,3.68,DLF Phase 4,3,1
2738,4.0,4.0,2.0,14773.66255144033,Under Construction,2430.0,3.59,DLF Phase 5,3,0
2739,3.0,3.0,2.0,31481.48148148148,10+,1350.0,4.25,DLF Phase 1,4,1
2740,4.0,6.0,4.0,21185.0,0-1,4739.0,5.79,Sector 112,4,0
2741,4.0,4.0,3.0,19157.0,10+,2610.0,5.0,DLF Phase 5,3,0
2742,4.0,4.0,2.0,15000.0,0-1,3500.0,5.25,Sector 26,3,1
2743,4.0,5.0,3.0,12636.0,1-5,2999.0,3.79,Sector 49,2,1
2744,3.0,4.0,4.0,13740.0,1-5,2802.0,3.85,Sector 112,4,0
2745,2.0,2.0,3.0,8433.0,Under Construction,1245.0,1.05,Sector 68,5,1
2746,3.0,3.0,4.0,9143.0,Under Construction,2078.0,1.9,Sector 3,5,0
2747,2.0,2.0,3.0,14250.0,0-1,1200.0,1.71,Sector 61,6,0
2748,4.0,4.0,3.0,12045.0,1-5,3078.0,2.65,Sector 57,3,0
2749,3.0,4.0,2.0,9500.0,1-5,2000.0,1.9,Sector 102,4,1
2750,3.0,4.0,2.0,9635.0,1-5,2802.0,2.7,Nirvana Country,5,0
2751,3.0,3.0,2.0,6925.0,1-5,2599.0,1.8,Nirvana Country,5,0
2752,3.0,2.0,3.0,9917.0,5-10,1815.0,1.8,Nirvana Country,5,0
2753,3.0,3.0,1.0,6833.0,1-5,1690.0,0.82,Sector 86,2,0
2754,2.0,2.0,2.0,15991.0,10+,1105.0,1.5,DLF Phase 4,3,0
2755,4.0,3.0,4.0,7441.0,1-5,2150.0,1.6,Sector 95,1,0
2756,3.0,3.0,4.0,6571.0,1-5,1750.0,1.15,Sector 95,1,0
2757,2.0,2.0,4.0,6428.0,1-5,1400.0,0.9,Sector 95,1,0
2758,4.0,4.0,3.0,11756.0,0-1,2724.0,1.85,Sector 91,3,0
2759,2.0,2.0,3.0,7132.0,1-5,1360.0,0.97,Sector 81,5,0
2760,3.0,4.0,3.0,8157.0,0-1,1900.0,1.55,Sector 106,6,0
2761,2.0,2.0,3.0,6985.0,1-5,1360.0,0.95,Sector 81,5,0
2762,4.0,3.0,4.0,9230.0,1-5,1950.0,1.8,Sector 77,4,1
2763,3.0,3.0,2.0,9074.074074074077,0-1,2700.0,2.45,Sushant Lok Phase 3,3,1
2764,2.0,2.0,2.0,8653.0,10+,1040.0,0.9,Ardee City,2,1
2765,3.0,4.0,4.0,13126.0,0-1,2895.0,3.8,Sector 53,4,0
2766,4.0,4.0,4.0,7215.0,1-5,2356.0,1.7,Sector 86,5,0
2767,4.0,6.0,4.0,11551.0,1-5,4848.0,5.6,Sector 112,4,0
2768,3.0,3.0,3.0,7985.0,5-10,1703.0,1.36,Sector 90,3,1
2769,4.0,4.0,4.0,7223.0,5-10,2215.0,1.7,Sector 90,3,1
2770,3.0,3.0,4.0,8031.0,5-10,1930.0,1.55,Sector 86,4,1
2771,3.0,3.0,3.0,10416.0,5-10,1702.0,1.25,Sector 90,3,0
2772,3.0,3.0,2.0,13538.0,Under Construction,1625.0,2.2,Sector 106,5,0
2773,3.0,4.0,2.0,9750.0,1-5,2000.0,1.95,Sector 102,4,0
2774,3.0,3.0,4.0,6809.0,10+,1730.0,1.18,Sohna,3,0
2775,2.0,2.0,2.0,11774.0,10+,1093.0,1.29,Sector-33 Sohna,5,1
2776,2.0,2.0,2.0,12408.759124087592,Under Construction,822.0,1.02,Sector-33 Sohna,4,1
2777,2.0,2.0,2.0,8181.0,Under Construction,1210.0,1.13,Sector-33 Sohna,3,1
2778,3.0,3.0,2.0,16304.0,1-5,1380.0,2.25,DLF Phase 5,4,0
2779,2.0,2.0,2.0,12230.21582733813,Under Construction,834.0,1.02,Sector-33 Sohna,4,1
2780,3.0,3.0,2.0,16487.0,5-10,1395.0,2.3,DLF Phase 5,4,0
2781,3.0,3.0,3.0,9308.0,10+,1230.0,1.14,Sector-33 Sohna,2,1
2782,3.0,4.0,3.0,12990.0,0-1,2217.0,2.88,Sector 113 Gurgaon,5,0
2783,3.0,5.0,2.0,13685.0,1-5,3763.0,5.15,Sector 112,4,0
2784,2.0,3.0,3.0,11000.0,1-5,1700.0,1.87,Sector 104,6,0
2785,3.0,4.0,3.0,12000.0,1-5,2450.0,3.06,Sector 104,6,0
2786,2.0,2.0,2.0,10967.0,1-5,1550.0,1.7,Sector 104,6,0
2787,3.0,3.0,2.0,8292.0,Under Construction,1423.0,1.18,Sector 89,5,0
2788,4.0,4.0,3.0,13269.0,Under Construction,2600.0,3.45,Sector 113 Gurgaon,1,0
2789,3.0,3.0,3.0,10657.0,Under Construction,1689.0,1.8,Sector 104,5,0
2790,2.0,2.0,2.0,10464.0,Under Construction,1099.0,1.15,Sector 104,5,0
2791,2.0,2.0,2.0,12811.0,Under Construction,1366.0,1.75,Sector 106,5,0
2792,3.0,3.0,3.0,21212.0,5-10,1650.0,3.5,sector 58,5,0
2793,3.0,3.0,4.0,13611.0,0-1,1800.0,2.45,Sector 63,6,0
2794,3.0,5.0,3.0,11065.0,Under Construction,1997.0,1.35,Sector 99A,5,0
2795,4.0,4.0,3.0,9000.0,1-5,3560.0,3.2,Sector 82A,5,0
2796,3.0,3.0,3.0,8434.176751008434,1-5,2727.0,2.3,Sector 102,5,1
2797,3.0,3.0,3.0,7111.111111111111,1-5,2250.0,1.6,Sector 102,5,1
2798,3.0,4.0,3.0,15000.0,1-5,1889.0,2.25,Sector 102,4,0
2799,2.0,2.0,4.0,7765.0,1-5,1481.0,1.15,Sector 103,4,1
2800,3.0,4.0,4.0,8487.0,1-5,2003.0,1.7,Sector 108,4,1
2801,4.0,5.0,4.0,10262.0,1-5,2631.0,2.7,Sector 108,4,1
2802,3.0,4.0,4.0,8238.0,0-1,1760.0,1.45,Sector 106,6,0
2803,2.0,2.0,2.0,7228.0,1-5,1245.0,0.9,Sector 83,5,0
2804,3.0,2.0,2.0,7425.0,1-5,1616.0,1.2,Sector 77,4,0
2805,4.0,4.0,4.0,11492.0,10+,2567.0,2.95,Sector 48,5,0
2806,4.0,3.0,1.0,4088.0,1-5,1908.0,0.78,Sector 92,3,0
2807,3.0,3.0,3.0,6940.0,1-5,1945.0,1.35,Sector 79,0,0
2808,1.0,1.0,2.0,4000.0,5-10,1100.0,0.44,Sector 92,3,0
2809,3.0,2.0,1.0,5748.0,0-1,1183.0,0.68,Sector 92,1,0
2810,3.0,3.0,4.0,5492.0,5-10,1930.0,1.4,Sector 90,3,0
2811,2.0,2.0,2.0,4339.0,5-10,1498.0,0.65,Sector 92,3,0
2812,1.0,1.0,2.0,4545.0,5-10,1100.0,0.5,Sector 92,3,0
2813,2.0,2.0,1.0,10431.654676258991,Under Construction,1390.0,1.45,Sector 85,4,1
2814,4.0,4.0,4.0,10000.0,Under Construction,1800.0,1.8,Sector 92,4,1
2815,3.0,4.0,4.0,14631.0,1-5,2358.0,3.45,Sector 67,4,0
2816,4.0,4.0,4.0,12012.0,0-1,2872.0,3.45,Sector 81,5,0
2817,3.0,3.0,4.0,13138.0,0-1,2025.0,1.8,Sector 77,6,0
2818,3.0,3.0,4.0,16610.0,0-1,2588.0,4.3,Sector 62,5,0
2819,3.0,4.0,3.0,8965.0,1-5,1450.0,1.3,Sector 77,4,0
2820,3.0,3.0,3.0,5597.0,1-5,1340.0,0.75,Sector 83,3,0
2821,3.0,3.0,2.0,5168.0,1-5,1780.0,0.92,Sector 81,1,0
2822,2.0,2.0,3.0,8112.0,0-1,1245.0,1.01,Sector 68,5,0
2823,2.0,2.0,1.0,4320.987654320988,5-10,1620.0,0.7,Sector 83,2,0
2824,2.0,2.0,2.0,5760.0,1-5,1250.0,0.72,Sector 78,3,0
2825,2.0,2.0,3.0,6190.0,5-10,1050.0,0.65,Sector 83,3,0
2826,2.0,2.0,3.0,5714.0,5-10,1050.0,0.6,Sector 83,3,0
2827,2.0,2.0,2.0,6060.0,1-5,1650.0,1.0,Sector 84,4,0
2828,2.0,2.0,2.0,6666.0,1-5,1650.0,1.1,Sector 84,4,0
2829,3.0,3.0,3.0,6256.0,1-5,1918.0,1.2,Sector 84,4,0
2830,3.0,3.0,3.0,6517.0,1-5,1918.0,1.25,Sector 84,4,0
2831,3.0,3.0,3.0,9950.0,Under Construction,1829.0,1.82,Sector 85,4,0
2832,3.0,3.0,3.0,10568.0,Under Construction,2129.0,2.25,Sector 85,4,0
2833,3.0,4.0,4.0,5681.0,5-10,2077.0,1.18,Sector 77,4,0
2834,2.0,2.0,2.0,6333.0,5-10,1342.0,0.85,Sector 77,4,0
2835,3.0,3.0,3.0,5128.0,1-5,1950.0,1.0,Sector 90,4,0
2836,4.0,5.0,4.0,13157.0,5-10,3192.0,5.25,Sector 67,4,0
2837,3.0,3.0,4.0,6503.0,1-5,1430.0,0.93,Sector 82,4,0
2838,3.0,5.0,4.0,4492.0,1-5,2300.0,1.12,Sector 82,4,0
2839,3.0,3.0,2.0,6875.0,0-1,2400.0,1.65,Westerlies,1,1
2840,3.0,3.0,3.0,9722.222222222224,0-1,1800.0,1.75,Sector 57,3,0
2841,4.0,4.0,2.0,11072.7969348659,0-1,2610.0,2.89,Sector 50,3,0
2842,4.0,4.0,2.0,12268.518518518518,0-1,2160.0,2.65,Sector 52,2,0
2843,4.0,4.0,4.0,20000.0,0-1,3200.0,4.8,Nirvana Country,3,0
2844,4.0,4.0,2.0,9497.0,0-1,3780.0,3.59,Sector 70A,5,1
2845,2.0,2.0,3.0,10928.0,1-5,915.0,1.0,Sector 102,4,1
2846,6.0,6.0,3.0,28888.0,0-1,4500.0,12.9996,DLF Phase 2,2,0
2847,3.0,3.0,2.0,13030.0,Under Construction,1650.0,2.15,Sector 63A,6,0
2848,3.0,3.0,2.0,15572.07765386204,Under Construction,2421.0,3.77,DLF Phase 1,6,0
2849,3.0,3.0,3.0,12000.0,Under Construction,2100.0,2.52,Sector 79,0,0
2850,2.0,2.0,2.0,12000.0,Under Construction,1478.0,1.77,Sector 79,0,0
2851,4.0,4.0,3.0,20000.0,Under Construction,3395.0,6.79,Sector 59,6,0
2852,3.0,3.0,3.0,20000.0,Under Construction,2595.0,5.19,Sector 59,6,0
2853,3.0,3.0,4.0,12506.0,Under Construction,2015.0,2.52,Sector 113 Gurgaon,6,1
2854,3.0,3.0,3.0,19000.0,Under Construction,3106.0,5.9,Sector 59,6,0
2855,4.0,4.0,3.0,13600.0,Under Construction,3243.0,4.41,Sector 76,6,0
2856,4.0,4.0,4.0,6914.0,0-1,2560.0,1.77,Sector 85,6,0
2857,3.0,3.0,2.0,16296.0,0-1,1350.0,2.2,Malibu Town,2,0
2858,4.0,4.0,2.0,18594.0,0-1,1850.0,3.44,Sector 50,3,1
2859,4.0,4.0,2.0,16514.0,0-1,1750.0,2.89,Sector 50,3,1
2860,4.0,4.0,2.0,17000.0,0-1,1700.0,2.89,Sector 52,2,1
2861,3.0,3.0,2.0,16666.0,0-1,1200.0,2.0,Golf Course Ext Road,2,1
2862,3.0,3.0,2.0,16800.0,0-1,1250.0,2.1,Sector 63A,6,1
2863,3.0,3.0,4.0,12668.0,Under Construction,1855.0,2.35,Sector 106,5,0
2864,3.0,3.0,2.0,18750.0,0-1,1780.0,2.1,Sector 63,1,0
2865,3.0,3.0,3.0,13676.0,Under Construction,1828.0,2.5,Sector 65,5,1
2866,5.0,5.0,2.0,15435.0,0-1,3790.0,5.85,Sector 63,6,1
2867,4.0,4.0,2.0,12222.0,0-1,4500.0,5.5,DLF Phase 4,3,1
2868,4.0,5.0,2.0,11428.0,0-1,2450.0,2.8,Sector 48,5,1
2869,2.0,2.0,4.0,7797.0,0-1,1385.0,1.08,Sector 106,6,0
2870,4.0,4.0,2.0,14393.0,0-1,3300.0,4.75,DLF Phase 5,5,0
2871,4.0,5.0,3.0,10882.0,1-5,3400.0,3.7,Sector 110,6,1
2872,2.0,2.0,3.0,13481.0,Under Construction,1261.0,1.7,Sector 65,5,1
2873,4.0,4.0,4.0,12000.0,0-1,4500.0,5.29,Sector 111,4,1
2874,4.0,3.0,4.0,12000.0,0-1,2950.0,3.05,Sector 111,4,1
2875,4.0,5.0,4.0,12846.0,5-10,2860.0,3.34,Sector 102,6,0
2876,4.0,5.0,4.0,12800.0,5-10,2860.0,3.2,Sector 102,6,1
2877,4.0,4.0,3.0,12045.0,5-10,2554.0,2.65,Sector 102,6,1
2878,4.0,4.0,3.0,10375.0,5-10,2554.0,2.65,Sector 102,6,1
2879,3.0,3.0,2.0,11079.0,1-5,2103.0,2.33,Sector 102,6,1
2880,3.0,3.0,2.0,11174.0,1-5,2103.0,2.35,Sector 102,6,1
2881,3.0,4.0,3.0,13000.0,5-10,2149.0,2.34,Sector 102,6,1
2882,3.0,3.0,3.0,11750.0,5-10,1942.0,1.88,Sector 102,6,0
2883,3.0,3.0,3.0,11562.0,5-10,1942.0,1.85,Sector 102,6,0
2884,3.0,3.0,3.0,9783.0,5-10,1942.0,1.9,Sector 102,6,0
2885,4.0,4.0,4.0,12247.0,5-10,2825.0,3.46,Sector 81,5,0
2886,4.0,4.0,4.0,13346.0,5-10,2872.0,3.47,Sector 81,5,0
2887,4.0,4.0,4.0,14000.0,5-10,2872.0,3.5,Sector 81,5,0
2888,4.0,4.0,4.0,13800.0,5-10,2872.0,3.45,Sector 81,5,0
2889,3.0,3.0,3.0,13500.0,5-10,2132.0,2.43,Sector 81,5,0
2890,3.0,4.0,3.0,13666.0,5-10,2100.0,2.46,Sector 81,5,0
2891,3.0,3.0,2.0,13555.0,5-10,2132.0,2.44,Sector 81,5,0
2892,3.0,3.0,3.0,13333.0,5-10,2100.0,2.4,Sector 81,5,0
2893,3.0,3.0,2.0,13611.0,5-10,2132.0,2.45,Sector 81,5,0
2894,4.0,4.0,4.0,13636.0,5-10,2600.0,3.0,Sector 82A,4,0
2895,4.0,4.0,4.0,15000.0,5-10,2300.0,2.7,Sector 82A,4,0
2896,4.0,4.0,4.0,14444.0,5-10,2300.0,2.6,Sector 82A,4,0
2897,3.0,3.0,3.0,13750.0,5-10,2100.0,2.2,Sector 82A,4,0
2898,3.0,3.0,4.0,14375.0,5-10,2100.0,2.3,Sector 82A,4,0
2899,4.0,4.0,4.0,13181.0,5-10,2600.0,2.9,Sector 82A,4,0
2900,3.0,4.0,4.0,17617.0,5-10,2086.0,2.1,Sector 82A,4,0
2901,3.0,3.0,3.0,17083.0,5-10,1800.0,2.05,Sector 82A,4,0
2902,3.0,3.0,3.0,15384.0,5-10,1818.0,2.0,Sector 82A,4,0
2903,4.0,4.0,3.0,15777.0,5-10,2250.0,3.55,DLF Phase 2,3,0
2904,3.0,3.0,2.0,9716.941275876638,0-1,2367.0,2.3,Sector 57,3,1
2905,3.0,4.0,2.0,9689.922480620156,0-1,2322.0,2.25,Sector 57,3,1
2906,4.0,4.0,2.0,10000.0,0-1,3000.0,3.0,South City 1,3,1
2907,4.0,3.0,2.0,15000.0,0-1,3000.0,4.5,DLF Phase 2,3,1
2908,4.0,4.0,2.0,12500.0,0-1,3000.0,3.75,Sector 26,3,1
2909,4.0,4.0,2.0,12222.0,0-1,4500.0,5.5,DLF Phase 2,3,1
2910,4.0,4.0,2.0,13333.0,0-1,4500.0,6.0,DLF Phase 1,3,0
2911,2.0,3.0,4.0,5448.0,1-5,1450.0,0.79,Sector 103,4,0
2912,3.0,3.0,2.0,20291.0,Under Construction,1549.0,2.09,Sector 61,6,0
2913,3.0,4.0,3.0,17501.0,1-5,2057.0,3.6,Sector 60,5,0
2914,4.0,4.0,4.0,7500.0,Under Construction,2355.0,1.75,Sector 106,6,0
2915,2.0,2.0,2.0,12500.0,Under Construction,1276.0,1.6,Sector 113 Gurgaon,5,1
2916,4.0,4.0,4.0,14000.0,Under Construction,2570.0,3.57,Sector 111,2,0
2917,3.0,3.0,3.0,12585.0,Under Construction,1605.0,2.02,Sector 111,2,0
2918,2.0,2.0,2.0,4853.0,1-5,1298.0,0.7,Sector 82,4,0
2919,2.0,2.0,1.0,10000.0,0-1,1020.0,0.95,Sector 65,4,0
2920,4.0,4.0,4.0,9000.0,0-1,3200.0,2.6,Sector 102,4,1
2921,2.0,2.0,2.0,15600.0,0-1,1000.0,1.56,Sector 66,6,0
2922,2.0,2.0,2.0,11000.0,Under Construction,1193.0,1.28,Sector 79,5,1
2923,4.0,5.0,3.0,14464.0,1-5,2800.0,4.05,Sector 60,5,0
2924,4.0,4.0,4.0,16000.0,Under Construction,3842.0,6.14,Sector 62,5,0
2925,3.0,3.0,3.0,16000.0,Under Construction,2410.0,3.85,Sector 62,5,1
2926,3.0,3.0,3.0,12500.0,Under Construction,2080.0,2.6,Sector 113 Gurgaon,5,1
2927,3.0,3.0,2.0,16000.0,Under Construction,2262.0,3.61,Sector 62,5,0
2928,5.0,5.0,4.0,13110.0,Under Construction,4495.0,5.89,Sector 106,2,1
2929,4.0,4.0,4.0,15500.0,Under Construction,3100.0,4.8,Sector 106,2,1
2930,4.0,4.0,4.0,19500.0,Under Construction,3075.0,7.7,Sector 63,1,0
2931,3.0,4.0,4.0,16000.0,1-5,4010.0,6.42,Sector 65,4,0
2932,3.0,3.0,4.0,16000.0,1-5,3200.0,5.12,Sector 65,5,0
2933,3.0,4.0,2.0,15500.0,Under Construction,2072.0,3.21,Sector 108,5,1
2934,3.0,3.0,2.0,17500.0,Under Construction,2595.0,4.54,Sector 59,6,1
2935,3.0,3.0,3.0,17470.0,Under Construction,2095.0,3.66,Sector 59,6,1
2936,3.0,4.0,3.0,13000.0,Under Construction,2040.0,2.65,Sector 65,5,0
2937,3.0,3.0,3.0,16480.0,0-1,2500.0,4.12,Sector 59,6,0
2938,3.0,3.0,3.0,8500.0,1-5,1800.0,1.53,Sector 37D,4,1
2939,3.0,3.0,3.0,12381.0,0-1,1898.0,2.35,Sector 102,4,1
2940,2.0,2.0,2.0,7332.0,Under Construction,1211.0,0.888,Sector 79,0,1
2941,2.0,2.0,3.0,14666.0,Under Construction,1099.0,1.1,Sector 104,5,0
2942,3.0,3.0,4.0,8834.0,0-1,1811.0,1.6,Sector 37D,4,0
2943,4.0,4.0,3.0,15398.0,5-10,2260.0,3.48,DLF Phase 2,3,1
2944,3.0,4.0,4.0,5022.0,1-5,1991.0,1.1,Sector 103,4,0
2945,2.0,2.0,3.0,11183.0,0-1,1404.0,0.895,Sector 91,3,1
2946,3.0,3.0,3.0,7902.298850574713,0-1,2088.0,1.65,Sector 67,1,1
2947,2.0,2.0,1.0,15243.0,5-10,984.0,1.5,DLF Phase 5,5,1
2948,3.0,3.0,2.0,15726.0,0-1,1812.0,2.85,Sector 63,6,0
2949,2.0,2.0,0.0,27502.7502750275,5-10,1818.0,5.0,Sector 30,4,1
2950,4.0,4.0,3.0,11852.0,1-5,3670.0,4.35,Sector 66,4,0
2951,4.0,4.0,4.0,22222.0,Under Construction,3150.0,7.0,MG Road,4,0
2952,3.0,3.0,2.0,5144.694533762058,10+,2799.0,1.44,Uppals Southend,2,1
2953,3.0,3.0,3.0,14016.0,Under Construction,1855.0,2.6,Sector 106,5,0
2954,3.0,2.0,4.0,10000.0,1-5,1200.0,1.2,Sector 70A,5,0
2955,3.0,4.0,2.0,5943.0,0-1,2120.0,1.26,Sector 85,6,0
2956,3.0,4.0,3.0,9666.0,1-5,1500.0,1.45,Sector 67,1,1
2957,2.0,2.0,2.0,6425.0,1-5,1245.0,0.8,Sector 83,5,0
2958,2.0,2.0,0.0,4923.0,1-5,1625.0,0.8,Sector 83,2,0
2959,3.0,3.0,3.0,10200.0,1-5,2598.0,2.65,Sector 102,4,0
2960,2.0,2.0,2.0,10451.0,1-5,1550.0,1.62,Sector 104,6,0
2961,6.0,6.0,4.0,20833.33333333333,5-10,3240.0,6.75,Palam Vihar,2,1
2962,9.0,9.0,4.0,17094.017094017094,5-10,4680.0,8.0,Palam Vihar,2,1
2963,3.0,3.0,3.0,18304.431599229287,10+,1557.0,2.85,Palam Vihar,2,1
2964,2.0,2.0,2.0,17662.170841361592,1-5,1557.0,2.75,Palam Vihar,2,1
2965,3.0,4.0,2.0,9450.0,1-5,2000.0,1.89,Sector 102,4,0
2966,2.0,2.0,3.0,7301.0,1-5,1534.0,1.12,Sector 107,2,0
2967,3.0,3.0,4.0,8444.0,1-5,2250.0,1.9,Sushant Lok Phase 2,3,1
2968,3.0,2.0,3.0,7714.0,1-5,1750.0,1.35,Sector 56,3,1
2969,3.0,3.0,4.0,8787.0,1-5,1850.0,1.45,Sector 56,3,1
2970,3.0,3.0,2.0,16882.0,10+,1777.0,3.0,DLF Phase 4,3,0
2971,2.0,2.0,4.0,16180.0,1-5,1406.0,1.82,Sector 74,6,1
2972,3.0,3.0,4.0,18892.0,1-5,2018.0,3.05,Sector 74,6,1
2973,3.0,3.0,4.0,21428.0,1-5,2074.0,3.0,Sector 74,6,1
2974,3.0,3.0,4.0,15485.0,1-5,2018.0,2.5,Sector 74,6,1
2975,2.0,2.0,4.0,17500.0,1-5,1406.0,1.75,Sector 74,6,0
2976,3.0,3.0,4.0,20142.0,0-1,2018.0,2.82,Sector 74,6,1
2977,3.0,3.0,4.0,10000.0,5-10,2250.0,2.25,Sector 43,3,0
2978,3.0,3.0,2.0,12413.0,Under Construction,1800.0,1.8,Sector 57,3,1
2979,4.0,4.0,2.0,26140.0,1-5,4495.0,11.74993,Sector 54,3,1
2980,4.0,3.0,4.0,7719.0,1-5,2008.0,1.55,Sector 56,3,1
2981,4.0,5.0,3.0,15531.0,1-5,4185.0,6.5,Sector 66,6,0
2982,2.0,2.0,2.0,11052.0,1-5,1224.0,1.05,Sector 68,4,0
2983,3.0,3.0,2.0,19174.0,10+,2060.0,3.95,DLF Phase 4,3,0
2984,2.0,2.0,2.0,11157.0,1-5,1224.0,1.06,Sector 68,4,0
2985,3.0,3.0,3.0,10216.0,5-10,1615.0,1.65,Sector 110 A,3,0
2986,4.0,3.0,2.0,10107.0,0-1,2325.0,2.35,Sector 43,3,1
2987,3.0,3.0,2.0,8027.0,0-1,2367.0,1.9,Sector 43,3,1
2988,3.0,3.0,2.0,8871.0,0-1,2367.0,2.1,Sector 43,3,1
2989,3.0,3.0,2.0,8695.0,0-1,2300.0,2.0,Sector 43,3,1
2990,3.0,3.0,2.0,6252.0,5-10,2799.0,1.75,Uppals Southend,2,0
2991,3.0,2.0,2.0,4201.0,Under Construction,1190.0,0.5,Sector 102,4,0
2992,1.0,1.0,1.0,3486.0,0-1,760.0,0.265,Sector 95,3,0
2993,3.0,3.0,3.0,10370.0,5-10,1350.0,1.4,Sector 110 A,3,1
2994,3.0,3.0,3.0,12820.0,5-10,1950.0,2.5,Sector 49,2,0
2995,3.0,3.0,2.0,11666.0,10+,1800.0,2.1,Ansal Plaza,2,1
2996,3.0,3.0,3.0,12954.0,5-10,2200.0,2.85,Sector 49,2,0
2997,4.0,4.0,3.0,16666.0,0-1,3000.0,5.0,South City 1,3,0
2998,2.0,2.0,1.0,7545.0,1-5,550.0,0.415,Sector 102,4,1
2999,4.0,4.0,2.0,13589.0,0-1,1950.0,2.65,Ansal Plaza,2,1
3000,4.0,4.0,2.0,14102.0,0-1,1950.0,2.75,Ansal Plaza,2,1
3001,4.0,4.0,4.0,24255.0,5-10,2721.0,6.6,Sector 54,4,1
3002,4.0,4.0,3.0,14285.714285714286,0-1,3150.0,4.5,DLF Phase 1,6,1
3003,2.0,2.0,2.0,13520.0,Under Construction,1310.0,1.77,Sector 65,5,0
3004,2.0,2.0,2.0,14114.0,Under Construction,1516.0,2.05,Sector 65,5,0
3005,2.0,2.0,2.0,13542.0,Under Construction,1265.0,1.71,Sector 65,5,1
3006,4.0,4.0,3.0,10666.0,10+,2250.0,2.4,DLF Phase 1,3,0
3007,4.0,5.0,4.0,14315.0,5-10,2410.0,3.45,Sector 66,4,0
3008,3.0,3.0,4.0,7333.0,1-5,2250.0,1.65,Sushant Lok Phase 2,3,1
3009,3.0,3.0,4.0,7692.0,1-5,1950.0,1.5,Sector 56,3,1
3010,2.0,2.0,2.0,3742.0,Under Construction,1256.0,0.47,Sector 68,2,0
3011,4.0,4.0,3.0,12500.0,0-1,3200.0,4.0,Sector 77,1,1
3012,2.0,2.0,3.0,7286.0,Under Construction,1289.0,0.47,Sector 68,2,0
3013,4.0,4.0,2.0,14626.0,5-10,1740.0,2.55,DLF Phase 5,5,0
3014,1.0,2.0,1.0,7142.0,1-5,350.0,0.25,Sector 102,4,1
3015,8.0,8.0,4.0,27777.777777777777,0-1,2700.0,7.5,Uppals Southend,2,0
3016,2.0,2.0,1.0,10576.0,1-5,800.0,0.55,Sector 67,3,1
3017,3.0,2.0,2.0,11065.0,10+,1220.0,1.35,Sector 56,3,1
3018,3.0,3.0,3.0,12588.0,0-1,1827.0,2.3,Sector 102,4,0
3019,3.0,3.0,2.0,14489.0,0-1,1470.0,2.13,Sector 63A,5,0
3020,2.0,2.0,2.0,14761.0,0-1,1050.0,1.55,Sector 63A,5,0
3021,3.0,3.0,2.0,15019.0,0-1,1305.0,1.96,Sector 63A,5,0
3022,3.0,3.0,3.0,14761.0,0-1,1470.0,2.17,Sector 63A,5,0
3023,4.0,4.0,2.0,11250.0,1-5,2000.0,2.25,Sector 23,2,1
3024,3.0,2.0,4.0,7153.0,10+,1342.0,0.96,Sector 2,2,1
3025,4.0,4.0,2.0,17171.0,0-1,2708.0,4.65,South City 2,3,1
3026,3.0,3.0,3.0,7142.0,1-5,1750.0,1.25,Sector 84,5,1
3027,1.0,2.0,1.0,7172.0,0-1,488.0,0.35,Sohna,3,1
3028,3.0,3.0,2.0,14285.0,5-10,2100.0,3.0,Nirvana Country,3,1
3029,3.0,3.0,3.0,14339.0,1-5,1590.0,2.28,Sector 65,2,1
3030,4.0,4.0,2.0,29729.0,1-5,3700.0,10.99973,Nirvana Country,3,1
3031,3.0,4.0,2.0,9900.0,5-10,2000.0,1.98,Sector 102,4,0
3032,2.0,2.0,1.0,9983.0,1-5,591.0,0.59,Sector 67A,2,1
3033,5.0,4.0,2.0,14444.0,0-1,1800.0,2.6,Sector 48,5,0
3034,3.0,3.0,3.0,16378.0,0-1,2588.0,4.4,Sector 62,5,0
3035,4.0,5.0,4.0,20648.0,5-10,3390.0,7.0,Sector 53,4,0
3036,4.0,4.0,4.0,6990.0,Under Construction,2675.0,1.87,Sector 37C,3,0
3037,3.0,3.0,3.0,9259.25925925926,5-10,3240.0,3.0,South City 1,3,1
3038,3.0,4.0,4.0,14328.0,1-5,2150.0,1.92,Sector 89 A,4,0
3039,3.0,2.0,3.0,5000.0,1-5,1100.0,0.55,Sector 37C,2,0
3040,2.0,2.0,2.0,2674.0,Under Construction,950.0,0.2541,Sector 104,4,0
3041,2.0,2.0,2.0,9000.0,1-5,1260.0,1.13,Sector 68,4,0
3042,4.0,4.0,4.0,12323.0,1-5,4905.0,4.19,Sector 56,3,1
3043,3.0,3.0,2.0,4400.0,Under Construction,1000.0,0.44,Sector 110,6,0
3044,3.0,2.0,2.0,6944.0,5-10,2160.0,1.5,Sector 50,3,1
3045,4.0,5.0,4.0,10989.0,1-5,3185.0,3.5,Sector 81,4,0
3046,4.0,4.0,2.0,13328.0,Under Construction,1538.0,2.05,Sector 84,4,0
3047,2.0,2.0,2.0,8564.0,Under Construction,1261.0,1.08,Sector 37D,4,1
3048,2.0,2.0,2.0,8058.0,Under Construction,1241.0,1.0,Sector 37D,4,1
3049,4.0,4.0,4.0,13846.0,1-5,3250.0,4.5,Sector 72,3,1
3050,2.0,2.0,1.0,7909.0,0-1,531.0,0.42,Sector 36 Sohna,0,0
3051,2.0,2.0,2.0,6885.0,1-5,609.0,0.42,Sector-33 Sohna,0,0
3052,2.0,2.0,2.0,8301.0,Under Construction,1060.0,0.88,Sector 37D,4,1
3053,4.0,4.0,4.0,9096.0,1-5,3188.0,2.9,Sector 102,4,1
3054,4.0,3.0,3.0,4054.0,5-10,1850.0,0.75,Sector 92,3,1
3055,3.0,3.0,3.0,6119.0,1-5,1340.0,0.82,Sector 83,3,1
3056,5.0,5.0,4.0,18400.0,5-10,3670.0,4.6,Sector 66,4,1
3057,3.0,3.0,3.0,6044.0,1-5,1340.0,0.81,Sector 83,3,1
3058,3.0,3.0,1.0,5652.0,0-1,1150.0,0.65,Sector 67,3,1
3059,4.0,5.0,4.0,19278.60696517413,5-10,2412.0,4.65,Uppals Southend,2,1
3060,3.0,3.0,3.0,6343.0,1-5,1340.0,0.85,Sector 83,3,1
3061,3.0,3.0,3.0,8000.0,1-5,1340.0,0.8,Sector 83,3,0
3062,3.0,3.0,2.0,12592.0,1-5,1350.0,1.7,Sector 102,4,1
3063,4.0,5.0,4.0,6054.0,1-5,2560.0,1.55,Sector 85,6,0
3064,3.0,4.0,2.0,11988.0,1-5,2711.0,3.25,Nirvana Country,5,0
3065,4.0,4.0,2.0,11257.0,1-5,3109.0,3.5,Sushant Lok Phase 1,0,1
3066,4.0,4.0,1.0,10558.80441845354,1-5,3078.0,3.25,Sector 56,3,1
3067,2.0,2.0,1.0,11740.0,1-5,988.0,1.16,Nirvana Country,3,1
3068,9.0,9.0,4.0,25326.79738562092,5-10,1836.0,4.65,Sector 46,2,1
3069,9.0,9.0,4.0,25348.542458808617,1-5,2367.0,6.0,Sector 45,3,1
3070,6.0,6.0,4.0,22179.97465145754,5-10,2367.0,5.25,Sector 40,3,1
3071,9.0,9.0,4.0,21546.261089987325,5-10,2367.0,5.1,Sector 40,3,1
3072,9.0,9.0,4.0,21123.78538234052,5-10,2367.0,5.0,Sector 40,3,1
3073,3.0,3.0,2.0,8009.259259259259,1-5,2160.0,1.73,Sushant Lok Phase 3,3,1
3074,3.0,3.0,3.0,10133.0,0-1,1727.0,1.75,Sector 67A,4,1
3075,4.0,4.0,3.0,18181.0,1-5,3500.0,4.9,Sector 67,4,0
3076,3.0,3.0,4.0,13523.0,1-5,2662.0,3.6,Sector 67,4,0
3077,3.0,3.0,3.0,17500.0,1-5,2411.0,3.15,Sector 67,4,0
3078,4.0,5.0,2.0,24000.0,1-5,4944.0,11.8656,Sector 65,5,1
3079,4.0,4.0,2.0,24500.0,1-5,5000.0,12.25,Sector 65,5,0
3080,3.0,3.0,4.0,10526.0,1-5,2585.0,2.3,Ardee City,3,0
3081,3.0,3.0,4.0,12538.0,1-5,2035.0,2.05,Ardee City,3,0
3082,3.0,3.0,4.0,12844.0,1-5,2035.0,2.1,Ardee City,3,0
3083,2.0,2.0,2.0,16666.0,0-1,1304.0,1.55,Sector 70A,4,0
3084,2.0,2.0,2.0,19545.0,1-5,1365.0,2.15,Sector 60,5,0
3085,3.0,4.0,2.0,20038.0,Under Construction,2595.0,5.2,Sector 59,6,1
3086,3.0,3.0,2.0,19500.0,Under Construction,2295.0,5.0,Sector 59,6,1
3087,4.0,5.0,3.0,17381.0,Under Construction,2750.0,4.78,Sector 61,6,0
3088,4.0,5.0,3.0,18000.0,Under Construction,2750.0,4.95,Sector 61,6,0
3089,3.0,3.0,3.0,12718.0,5-10,2060.0,2.62,Sector 61,5,0
3090,2.0,2.0,2.0,11744.0,1-5,1360.0,1.05,Sector 81,5,1
3091,3.0,3.0,4.0,15030.0,5-10,1996.0,3.0,Sector 62,2,0
3092,3.0,5.0,4.0,9208.0,1-5,2400.0,2.21,Sector 99,4,1
3093,2.0,2.0,3.0,12000.0,1-5,1600.0,1.92,Sector 70A,2,0
3094,3.0,4.0,3.0,9917.0,0-1,1815.0,1.8,Sector 79,5,0
3095,3.0,4.0,3.0,10192.0,0-1,1815.0,1.85,Sector 79,5,0
3096,3.0,3.0,2.0,10802.0,0-1,1620.0,1.75,Sector 79,5,0
3097,3.0,4.0,3.0,11381.0,1-5,1889.0,2.15,Sector 102,4,0
3098,3.0,3.0,3.0,15151.0,1-5,1650.0,2.5,Sector 65,2,0
3099,3.0,3.0,2.0,13461.0,1-5,1578.0,1.75,Sector 69,4,0
3100,3.0,3.0,3.0,17500.0,1-5,2200.0,3.5,Sector 66,6,0
3101,4.0,4.0,4.0,11004.0,Under Construction,2599.0,2.86,Sector 85,4,1
3102,4.0,4.0,4.0,9674.0,0-1,4548.0,4.4,Sector 102,4,0
3103,3.0,2.0,3.0,7164.0,5-10,1326.0,0.95,Sector 69,2,1
3104,3.0,3.0,4.0,10451.0,5-10,2038.0,2.13,Sector 66,5,0
3105,4.0,6.0,4.0,10056.0,0-1,2317.0,2.33,Sector 88A,4,0
3106,2.0,2.0,4.0,10400.0,5-10,1250.0,1.3,Sector 70,3,1
3107,2.0,3.0,4.0,10596.0,5-10,1510.0,1.6,Sector 70,3,1
3108,2.0,2.0,2.0,6890.0,1-5,595.0,0.41,Sector 95,1,1
3109,2.0,2.0,2.0,5797.0,1-5,690.0,0.4,Sector 95A,0,1
3110,4.0,5.0,2.0,13169.54404603807,1-5,4518.0,5.95,DLF Phase 2,3,1
3111,3.0,4.0,2.0,11079.36507936508,1-5,3150.0,3.49,Sector 26,3,1
3112,3.0,3.0,4.0,8169.0,1-5,1983.0,1.62,Sector 79,5,0
3113,3.0,3.0,4.0,8320.0,1-5,1983.0,1.65,Sector 79,5,0
3114,3.0,3.0,4.0,9945.0,1-5,1830.0,1.82,Sector 70A,4,0
3115,3.0,3.0,4.0,10109.0,1-5,1830.0,1.85,Sector 70A,4,0
3116,2.0,2.0,2.0,16575.0,0-1,1508.0,2.5,Sector 62,5,0
3117,4.0,5.0,2.0,7954.0,0-1,2200.0,1.75,Sector 67A,4,0
3118,4.0,5.0,2.0,8090.0,0-1,2200.0,1.78,Sector 67A,4,0
3119,3.0,3.0,2.0,10883.0,1-5,1608.0,1.75,Sector 69,4,0
3120,3.0,3.0,2.0,6785.0,Under Construction,2800.0,1.9,Sector 85,4,0
3121,3.0,4.0,4.0,12887.0,1-5,2452.0,3.16,Sector 67,4,0
3122,2.0,2.0,2.0,9545.0,1-5,1310.0,1.05,Sector 91,3,0
3123,3.0,3.0,3.0,10906.0,5-10,2063.0,2.25,Sector 66,5,0
3124,1.0,1.0,2.0,6705.0,0-1,425.0,0.285,Sohna,2,0
3125,3.0,3.0,2.0,9310.0,0-1,1450.0,1.35,Sector 77,4,0
3126,3.0,3.0,3.0,10572.0,5-10,1608.0,1.7,Sector 69,4,1
3127,2.0,2.0,2.0,14705.0,0-1,1020.0,1.5,Sector 65,4,0
3128,3.0,3.0,4.0,13346.0,1-5,1776.0,1.97,Sector 48,5,0
3129,3.0,3.0,4.0,12373.0,5-10,1776.0,1.95,Sector 48,5,0
3130,3.0,5.0,4.0,17365.0,1-5,3887.0,6.75,Sector 65,5,1
3131,3.0,3.0,2.0,8835.0,Under Construction,1454.0,1.28,Sector 95,4,0
3132,4.0,5.0,2.0,8805.635606788344,0-1,3123.0,2.75,Sushant Lok Phase 2,4,1
3133,3.0,3.0,2.0,7859.078590785908,0-1,1845.0,1.45,Sushant Lok Phase 3,3,0
3134,3.0,3.0,2.0,10457.51633986928,0-1,1836.0,1.92,Sector 57,3,1
3135,3.0,3.0,2.0,11234.567901234568,0-1,1620.0,1.82,Sector 57,3,1
3136,3.0,3.0,4.0,18304.0,Under Construction,2595.0,4.75,Sector 59,6,0
3137,3.0,4.0,4.0,14425.0,1-5,2045.0,2.95,Sector 60,5,0
3138,3.0,3.0,4.0,14244.0,5-10,1776.0,1.96,Sector 48,5,0
3139,3.0,3.0,4.0,10867.0,5-10,1776.0,1.93,Sector 48,5,0
3140,3.0,3.0,4.0,15412.0,5-10,1795.0,2.15,Sector 61,5,0
3141,3.0,3.0,4.0,9032.0,1-5,1818.0,1.4,Sector 90,3,1
3142,3.0,3.0,2.0,13103.0,1-5,1450.0,1.9,Sector 63A,0,1
3143,3.0,3.0,3.0,9655.0,1-5,1450.0,1.4,Sector 77,4,0
3144,3.0,3.0,2.0,12962.962962962964,0-1,1620.0,2.1,South City 1,3,1
3145,3.0,3.0,2.0,9248.91371818746,Under Construction,1611.0,1.49,Sector 93,4,1
3146,3.0,3.0,2.0,7037.037037037037,0-1,2700.0,1.9,Sushant Lok Phase 3,3,0
3147,4.0,4.0,3.0,10580.0,Under Construction,2599.0,2.75,Sector 85,4,1
3148,3.0,3.0,4.0,11904.0,5-10,1376.0,1.4,Sector 50,3,0
3149,3.0,4.0,4.0,7058.0,Under Construction,2125.0,1.5,Sector 70,3,0
3150,4.0,4.0,3.0,7187.0,1-5,1975.0,1.15,Sector 85,3,1
3151,3.0,3.0,3.0,10914.0,Under Construction,1695.0,1.85,Sector 113 Gurgaon,5,0
3152,2.0,2.0,3.0,9055.0,0-1,1270.0,1.15,Sector 68,2,0
3153,3.0,4.0,4.0,12476.0,10+,2605.0,3.25,Nirvana Country,5,0
3154,4.0,4.0,4.0,15714.0,1-5,3500.0,5.5,Sector 49,4,0
3155,3.0,2.0,2.0,5454.545454545455,10+,2475.0,1.35,Sector 51,2,0
3156,3.0,3.0,2.0,6851.851851851852,0-1,2700.0,1.85,Sushant Lok Phase 3,3,0
3157,3.0,3.0,3.0,10117.0,0-1,2050.0,1.72,Sector 79,3,0
3158,3.0,3.0,4.0,8000.0,5-10,2125.0,1.7,Sector 48,2,0
3159,3.0,3.0,4.0,15820.0,1-5,1717.0,2.4,Sector 63,2,0
3160,3.0,3.0,4.0,13879.0,5-10,1805.0,1.95,Sector 49,3,0
3161,3.0,3.0,4.0,13665.0,5-10,1805.0,1.92,Sector 49,3,0
3162,3.0,3.0,4.0,8000.0,5-10,2150.0,1.72,Sector 45,2,0
3163,3.0,3.0,4.0,10500.0,5-10,2400.0,2.1,Sector 43,3,0
3164,3.0,3.0,4.0,8625.0,5-10,2400.0,2.07,Sector 43,3,0
3165,3.0,3.0,4.0,8541.0,5-10,2400.0,2.05,Sector 43,3,0
3166,4.0,4.0,4.0,6357.0,5-10,2800.0,1.78,Sector 43,3,0
3167,3.0,3.0,4.0,10000.0,5-10,2100.0,1.7,Sector 43,3,1
3168,2.0,2.0,3.0,16640.0,0-1,1250.0,2.08,Sector 65,5,1
3169,2.0,2.0,1.0,9208.0,Under Construction,1390.0,1.28,Sector 85,4,1
3170,3.0,3.0,3.0,13333.0,1-5,2150.0,2.4,Sector 70A,4,0
3171,3.0,3.0,2.0,9938.0,Under Construction,1620.0,1.61,Sector 93,4,1
3172,2.0,3.0,3.0,19917.0,0-1,1205.0,2.4,Sector 62,5,1
3173,3.0,3.0,4.0,21212.0,5-10,2200.0,3.5,Sector 66,6,0
3174,4.0,4.0,4.0,19818.0,Under Construction,2750.0,5.45,Sector 61,4,1
3175,3.0,4.0,4.0,18444.0,Under Construction,2250.0,4.15,Sector 61,6,0
3176,3.0,2.0,2.0,7015.0,Under Construction,1511.0,1.06,Sector 95,1,0
3177,4.0,4.0,2.0,8518.518518518518,0-1,2700.0,2.3,Sector 48,5,1
3178,4.0,4.0,3.0,10185.185185185184,0-1,2700.0,2.75,Sushant Lok Phase 1,3,1
3179,3.0,4.0,3.0,8517.0,5-10,2583.0,2.2,Sector 28,3,0
3180,3.0,3.0,3.0,13100.0,Under Construction,2290.0,3.0,Sector 76,1,0
3181,3.0,3.0,3.0,16060.0,1-5,1650.0,2.65,Sector 65,2,0
3182,3.0,5.0,4.0,13935.0,5-10,2368.0,3.3,Sector 30,4,0
3183,3.0,3.0,4.0,10370.0,5-10,1750.0,1.4,Sector 43,3,0
3184,3.0,4.0,3.0,14259.25925925926,0-1,2700.0,3.85,DLF Phase 2,3,1
3185,3.0,3.0,4.0,14000.0,Under Construction,2054.0,2.88,Sector 65,5,0
3186,3.0,4.0,3.0,7491.0,1-5,1802.0,1.35,Sector 71,5,0
3187,3.0,3.0,3.0,7337.526205450734,0-1,2385.0,1.75,Sushant Lok Phase 3,3,0
3188,3.0,3.0,3.0,15000.0,0-1,2000.0,2.55,Sector 74,6,0
3189,4.0,4.0,2.0,6597.222222222223,5-10,2880.0,1.9,Sushant Lok Phase 2,4,0
3190,3.0,2.0,2.0,6016.0,0-1,1230.0,0.74,Sohna,4,1
3191,3.0,3.0,4.0,10297.0,5-10,2585.0,2.25,Ardee City,3,0
3192,4.0,5.0,2.0,12626.262626262624,0-1,3762.0,4.75,Sushant Lok Phase 1,3,1
3193,4.0,5.0,3.0,8477.0,1-5,3185.0,2.7,Sector 81,4,0
3194,3.0,3.0,4.0,10416.0,1-5,1920.0,2.0,Sector 66,3,0
3195,2.0,2.0,3.0,9687.0,5-10,1600.0,1.55,Sector 70A,2,0
3196,4.0,4.0,3.0,23214.0,5-10,4200.0,9.75,Sector 54,3,0
3197,3.0,4.0,3.0,24457.0,1-5,1983.0,4.85,Sector 54,4,0
3198,4.0,4.0,4.0,13758.0,10+,2195.0,3.02,Sector 48,4,0
3199,3.0,3.0,4.0,13365.0,5-10,1859.0,1.95,Sector 49,4,0
3200,3.0,3.0,4.0,11347.0,1-5,2159.0,2.45,Sector 49,4,0
3201,3.0,3.0,3.0,11814.0,5-10,1859.0,1.96,Sector 49,4,0
3202,3.0,3.0,4.0,12872.0,5-10,1776.0,1.9,Sector 48,5,0
3203,3.0,3.0,4.0,13008.0,5-10,1776.0,1.92,Sector 48,5,0
3204,4.0,4.0,4.0,10660.0,5-10,2345.0,2.5,Sector 48,5,0
3205,4.0,4.0,4.0,12596.0,5-10,2345.0,2.45,Sector 48,5,0
3206,4.0,5.0,4.0,11888.0,1-5,2386.0,2.48,Sector 48,5,0
3207,4.0,4.0,4.0,12080.0,1-5,2386.0,2.52,Sector 48,5,0
3208,3.0,2.0,2.0,10700.0,Under Construction,1311.0,1.4,Sector 76,5,1
3209,3.0,3.0,4.0,25910.0,Under Construction,2595.0,4.41,Sector 59,6,0
3210,9.0,9.0,4.0,22150.0,1-5,2367.0,4.8,Sector 40,3,1
3211,3.0,5.0,2.0,13888.888888888889,0-1,3600.0,5.0,DLF Phase 2,3,1
3212,10.0,10.0,4.0,20278.0,1-5,2367.0,4.8,Sector 40,3,1
3213,4.0,4.0,4.0,13922.0,5-10,2383.0,2.9,Sector 49,4,0
3214,3.0,3.0,4.0,12693.0,5-10,2112.0,2.3,Sector 41,3,0
3215,5.0,7.0,2.0,14791.0,1-5,4800.0,7.1,Sector 60,5,0
3216,4.0,4.0,4.0,8095.0,10+,4200.0,3.4,Sector 49,2,0
3217,3.0,3.0,3.0,10597.0,1-5,1689.0,1.79,Sector 102,4,0
3218,4.0,4.0,2.0,16666.666666666668,0-1,2250.0,3.75,DLF Phase 2,3,0
3219,4.0,4.0,2.0,17592.59259259259,0-1,2700.0,4.75,DLF Phase 1,3,0
3220,3.0,4.0,2.0,10000.0,1-5,2000.0,2.0,Sector 102,4,0
3221,4.0,4.0,2.0,16666.666666666668,0-1,2700.0,4.5,DLF Phase 1,3,0
3222,3.0,3.0,2.0,14403.29218106996,0-1,2430.0,3.5,DLF Phase 1,3,0
3223,8.0,8.0,4.0,31007.751937984496,1-5,1935.0,6.0,Sushant Lok Phase 1,3,0
3224,2.0,2.0,3.0,8666.0,0-1,1772.0,1.3,Sector 85,4,1
3225,4.0,4.0,4.0,8024.691358024691,1-5,3240.0,2.6,Sector 48,5,0
3226,4.0,4.0,4.0,9722.0,1-5,3600.0,3.5,Sector 49,3,0
3227,3.0,3.0,2.0,4444.0,5-10,2700.0,1.2,Sushant Lok Phase 2,4,0
3228,4.0,4.0,4.0,7797.0,0-1,3078.0,2.4,Sector 56,3,0
3229,4.0,4.0,4.0,24680.0,Under Construction,2350.0,5.8,DLF Phase 5,4,0
3230,4.0,4.0,4.0,25714.28571428572,10+,3150.0,8.1,Sector 48,3,0
3231,3.0,3.0,4.0,15909.0,5-10,2200.0,3.5,Sector 66,6,0
3232,3.0,3.0,4.0,12197.0,5-10,2066.0,2.6,Nirvana Country,4,0
3233,3.0,3.0,3.0,13620.0,1-5,1395.0,1.9,Sector 65,6,0
3234,2.0,2.0,2.0,8841.0,Under Construction,1278.0,1.13,Sector 93,6,1
3235,3.0,3.0,3.0,8661.0,Under Construction,1420.0,1.23,Sector 93,6,1
3236,3.0,3.0,2.0,8105.0,Under Construction,1826.0,1.48,Sector 93,6,1
3237,2.0,2.0,2.0,9674.0,Under Construction,1075.0,1.04,Sector 81,2,1
3238,3.0,4.0,4.0,8679.0,Under Construction,2650.0,2.3,Sector 89 A,4,1
3239,4.0,5.0,4.0,7500.0,0-1,2560.0,1.92,Sector 85,6,1
3240,3.0,4.0,2.0,7500.0,0-1,2120.0,1.59,Sector 85,6,1
3241,4.0,3.0,3.0,8261.0,0-1,2191.0,1.81,Sector 37D,4,0
3242,3.0,3.0,3.0,8834.0,0-1,1811.0,1.6,Sector 37D,4,1
3243,3.0,3.0,2.0,9074.0,0-1,2700.0,2.45,Nirvana Country,3,0
3244,3.0,3.0,2.0,10110.29411764706,Under Construction,1088.0,1.1,Sector 81,2,1
3245,3.0,3.0,3.0,13287.0,Under Construction,1671.0,1.56,Sector-33 Sohna,4,0
3246,3.0,3.0,3.0,8929.0,Under Construction,1996.0,1.26,Sector-33 Sohna,4,0
3247,3.0,3.0,4.0,9285.0,1-5,1800.0,1.17,Sector 37D,3,0
3248,3.0,2.0,2.0,6523.0,Under Construction,1432.0,1.05,Sector 92,4,0
3249,2.0,2.0,2.0,6973.0,Under Construction,631.0,0.37,Sector 89,4,1
3250,3.0,4.0,4.0,15595.0,10+,2116.0,3.3,Sector 41,3,1
3251,3.0,4.0,3.0,12310.0,10+,2112.0,2.6,Sector 41,3,1
3252,3.0,4.0,2.0,13103.0,0-1,1450.0,1.9,Sector 63A,0,1
3253,3.0,3.0,2.0,12571.0,5-10,1750.0,2.2,Sector 41,3,1
3254,4.0,4.0,3.0,11718.0,0-1,2560.0,3.0,Sector 63,6,1
3255,2.0,2.0,2.0,5980.0,1-5,836.0,0.5,Sector 70A,4,1
3256,4.0,4.0,3.0,10373.0,0-1,2651.0,2.75,Sushant Lok Phase 1,3,1
3257,3.0,3.0,2.0,7241.0,1-5,1450.0,1.05,Sector 70A,5,1
3258,2.0,2.0,2.0,8962.0,0-1,1350.0,1.21,Sector 70,3,1
3259,3.0,4.0,3.0,8717.0,0-1,1950.0,1.7,Sector 70,3,1
3260,3.0,3.0,4.0,8310.0,0-1,1865.0,1.55,Sector 70,3,1
3261,3.0,3.0,3.0,9148.0,0-1,2350.0,2.15,Sushant Lok Phase 3,3,1
3262,5.0,5.0,4.0,28070.0,5-10,2850.0,8.0,Sector 48,3,1
3263,4.0,4.0,4.0,10350.0,0-1,2850.0,2.95,Mayfield Garden,3,1
3264,4.0,4.0,4.0,20471.0,Under Construction,3395.0,6.95,Sector 59,6,1
3265,4.0,4.0,2.0,14351.851851851852,0-1,3240.0,4.65,Nirvana Country,3,0
3266,3.0,3.0,3.0,15380.0,1-5,2048.0,3.15,Sector 67,4,0
3267,4.0,6.0,4.0,21103.44827586207,1-5,3625.0,7.65,Sector 59,6,0
3268,4.0,4.0,4.0,16550.0,Under Construction,2600.0,3.31,Sector 113 Gurgaon,6,0
3269,3.0,3.0,4.0,17194.0,Under Construction,2015.0,2.58,Sector 113 Gurgaon,6,0
3270,3.0,3.0,4.0,12800.0,Under Construction,1850.0,2.37,Sector 113 Gurgaon,6,1
3271,4.0,6.0,3.0,17496.0,5-10,3715.0,6.5,Sector 47,4,0
3272,4.0,4.0,4.0,9274.0,10+,2480.0,2.5,Sector 43,3,0
3273,3.0,3.0,2.0,11369.0,0-1,1935.0,2.2,Sushant Lok Phase 1,3,1
3274,4.0,6.0,4.0,10285.0,1-5,4200.0,4.32,Sector 81,4,0
3275,4.0,4.0,4.0,13057.0,1-5,2872.0,3.75,Sector 81,5,0
3276,4.0,6.0,4.0,10238.0,1-5,4200.0,4.3,Sector 81,4,0
3277,4.0,6.0,4.0,10357.0,1-5,4200.0,4.35,Sector 81,4,0
3278,4.0,5.0,2.0,10242.0,1-5,2675.0,2.74,Sector 79,3,0
3279,3.0,3.0,2.0,9554.0,1-5,1570.0,1.5,Sector 82,2,1
3280,3.0,3.0,4.0,14044.0,1-5,1799.0,2.16,Sector 82A,4,0
3281,2.0,2.0,2.0,7978.0,1-5,940.0,0.75,Sector 83,2,1
3282,4.0,4.0,4.0,11025.0,1-5,2325.0,2.15,Sector 92,4,0
3283,4.0,5.0,2.0,9719.0,1-5,2675.0,2.6,Sector 79,3,0
3284,3.0,4.0,4.0,8621.0,1-5,1995.0,1.72,Sector 92,4,0
3285,3.0,3.0,3.0,9010.0,1-5,1920.0,1.73,Sector 92,4,0
3286,3.0,3.0,4.0,11951.0,1-5,1799.0,2.15,Sector 82A,4,0
3287,2.0,2.0,3.0,7466.0,1-5,1741.0,1.3,Sector 85,4,0
3288,3.0,3.0,3.0,12109.0,0-1,1280.0,1.9,Sector 65,4,0
3289,3.0,3.0,2.0,4876.543209876543,5-10,3240.0,1.58,Sector 46,2,1
3290,2.0,2.0,2.0,9354.0,5-10,1020.0,0.87,Sector 82,2,1
3291,4.0,6.0,4.0,9952.0,1-5,4200.0,4.18,Sector 81,4,0
3292,4.0,6.0,3.0,9827.0,1-5,3470.0,3.41,Sector 81,4,0
3293,4.0,5.0,2.0,9984.0,1-5,3185.0,3.18,Sector 81,4,0
3294,3.0,4.0,4.0,9097.0,1-5,2660.0,2.42,Sector 81,4,0
3295,3.0,4.0,4.0,11663.0,1-5,2092.0,2.44,Sector 81,5,0
3296,4.0,4.0,3.0,12813.0,1-5,2872.0,3.68,Sector 81,5,0
3297,3.0,4.0,4.0,11711.0,1-5,2092.0,2.45,Sector 81,5,0
3298,3.0,3.0,2.0,8684.0,0-1,2015.0,1.75,Sector 79,3,0
3299,4.0,4.0,3.0,12534.0,1-5,2872.0,3.6,Sector 81,5,0
3300,3.0,4.0,4.0,11666.0,1-5,2100.0,2.45,Sector 81,5,0
3301,4.0,6.0,4.0,10119.0,5-10,4200.0,4.25,Sector 81,4,0
3302,4.0,6.0,2.0,9740.0,5-10,3470.0,3.38,Sector 81,4,0
3303,4.0,5.0,2.0,9890.0,5-10,3185.0,3.15,Sector 81,4,0
3304,3.0,4.0,4.0,9135.0,5-10,2660.0,2.43,Sector 81,4,0
3305,2.0,2.0,2.0,5246.913580246914,5-10,1620.0,0.85,Sector 83,2,1
3306,4.0,4.0,3.0,12681.0,1-5,2200.0,2.79,South City 2,3,1
3307,3.0,3.0,3.0,4861.111111111111,5-10,2160.0,1.05,Sector 82,5,1
3308,3.0,3.0,3.0,8510.0,5-10,1880.0,1.6,Sector 82,4,0
3309,3.0,3.0,3.0,8035.0,5-10,1929.0,1.65,Sector 86,4,0
3310,4.0,5.0,3.0,8080.0,5-10,2475.0,2.15,Sector 92,4,0
3311,4.0,4.0,3.0,8258.0,5-10,2325.0,2.0,Sector 92,4,0
3312,3.0,4.0,3.0,8396.0,5-10,2120.0,1.85,Sector 92,4,0
3313,3.0,4.0,3.0,8621.0,5-10,1995.0,1.78,Sector 92,4,0
3314,3.0,3.0,4.0,8593.0,5-10,1920.0,1.7,Sector 92,4,0
3315,4.0,4.0,4.0,13231.0,1-5,2872.0,3.7,Sector 81,5,0
3316,4.0,6.0,2.0,9880.0,5-10,4200.0,4.15,Sector 81,4,0
3317,4.0,5.0,2.0,10361.0,5-10,3185.0,3.3,Sector 81,4,0
3318,4.0,5.0,3.0,8040.0,1-5,2475.0,2.15,Sector 92,4,0
3319,4.0,4.0,3.0,8172.0,1-5,2325.0,2.1,Sector 92,4,0
3320,3.0,4.0,3.0,8254.0,1-5,2120.0,1.79,Sector 92,4,0
3321,3.0,3.0,2.0,8294.0,1-5,1929.0,1.64,Sector 86,4,1
3322,2.0,3.0,3.0,7794.0,1-5,1283.0,1.0,Sector 108,4,0
3323,3.0,3.0,4.0,9324.0,1-5,2338.0,2.2,Sector 108,4,0
3324,4.0,5.0,4.0,10344.0,1-5,3045.0,3.15,Sector 109,4,0
3325,4.0,4.0,3.0,11088.0,0-1,4500.0,4.99,Sector 54,3,1
3326,4.0,4.0,3.0,10513.501549358123,0-1,4518.0,4.75,Greenwood City,3,1
3327,4.0,5.0,3.0,21272.0,5-10,2750.0,5.85,DLF Phase 5,4,0
3328,4.0,4.0,3.0,16940.0,0-1,2804.0,4.75,DLF Phase 5,3,0
3329,3.0,3.0,2.0,12268.518518518518,0-1,2160.0,2.65,Greenwood City,3,1
3330,3.0,3.0,3.0,9591.0,Under Construction,1689.0,1.62,Sector 104,5,0
3331,3.0,3.0,3.0,8682.0,Under Construction,2384.0,2.07,Sector 63A,5,0
3332,2.0,2.0,2.0,6917.0,Under Construction,1190.0,0.8632,Sector 92,4,0
3333,4.0,5.0,4.0,9175.0,1-5,2779.0,2.64,Sector 108,4,0
3334,3.0,2.0,3.0,5863.0,Under Construction,1361.0,0.7981,Sector 81,2,0
3335,3.0,3.0,3.0,6735.0,Under Construction,1841.0,1.24,Sector 37D,1,0
3336,3.0,5.0,4.0,12855.0,1-5,2400.0,2.16,Sector 99,4,0
3337,3.0,3.0,4.0,11950.0,Under Construction,1503.0,1.8,Sector 106,6,0
3338,3.0,3.0,4.0,18738.0,Under Construction,2124.0,3.98,Sector 62,3,0
3339,2.0,2.0,3.0,5652.0,1-5,1380.0,0.78,Sector 37D,4,0
3340,3.0,3.0,4.0,8006.0,1-5,1811.0,1.45,Sector 37D,4,1
3341,3.0,3.0,3.0,8571.0,0-1,1800.0,1.2,Sector 37D,3,0
3342,3.0,3.0,3.0,10645.0,1-5,2217.0,2.36,Sector 113 Gurgaon,5,1
3343,4.0,4.0,2.0,10000.0,0-1,2700.0,2.7,Malibu Town,2,0
3344,4.0,5.0,4.0,5230.0,0-1,2390.0,1.25,Sector 37D,4,0
3345,4.0,4.0,4.0,17777.777777777777,0-1,4500.0,8.0,DLF Phase 1,6,1
3346,4.0,6.0,3.0,24832.0,10+,3886.0,9.65,Sector 54,3,0
3347,3.0,3.0,4.0,13454.0,10+,1650.0,2.22,Sector 28,3,1
3348,4.0,5.0,3.0,24854.0,5-10,2917.0,7.25,Sector 54,3,0
3349,4.0,5.0,4.0,10757.0,10+,3300.0,3.55,Sector 28,3,1
3350,4.0,6.0,3.0,21947.0,10+,3030.0,6.65,Sector 54,4,0
3351,3.0,3.0,2.0,10348.583877995645,1-5,1836.0,1.9,sector 28,1,1
3352,4.0,4.0,4.0,21094.0,10+,2868.0,6.05,Sector 54,3,0
3353,3.0,3.0,2.0,13600.0,1-5,1836.0,1.7,Sector 23,2,1
3354,3.0,4.0,3.0,15476.0,0-1,2100.0,3.25,Suncity,2,0
3355,3.0,3.0,3.0,7293.0,1-5,1755.0,1.28,Sector 83,4,0
3356,4.0,4.0,3.0,12006.172839506173,0-1,3240.0,3.89,DLF Phase 4,3,0
3357,3.0,4.0,2.0,11001.0,0-1,1727.0,1.9,Sector 67A,4,0
3358,4.0,5.0,4.0,15806.0,5-10,2847.0,4.5,Sector 67,4,0
3359,3.0,3.0,4.0,14181.0,5-10,2750.0,3.9,Sector 67,4,1
3360,3.0,4.0,4.0,14181.0,1-5,2468.0,3.5,Sector 67,4,0
3361,4.0,4.0,3.0,14273.0,5-10,3433.0,4.9,Sector 67,4,0
3362,3.0,3.0,2.0,10909.0,0-1,2200.0,2.4,DLF Phase 2,0,1
3363,3.0,3.0,4.0,8172.0,0-1,1811.0,1.48,Sector 37D,4,0
3364,4.0,4.0,4.0,8333.0,Under Construction,2700.0,2.25,Sector 84,4,0
3365,3.0,2.0,3.0,6018.518518518518,5-10,2160.0,1.3,Uppals Southend,2,1
3366,4.0,4.0,2.0,8222.222222222223,0-1,4500.0,3.7,Uppals Southend,2,0
3367,4.0,4.0,3.0,11538.46153846154,0-1,2340.0,2.7,Sector 50,3,0
3368,4.0,4.0,2.0,14969.135802469136,0-1,3240.0,4.85,Nirvana Country,3,0
3369,4.0,4.0,3.0,14969.135802469136,0-1,3240.0,4.85,Nirvana Country,3,0
3370,3.0,3.0,2.0,12202.95439948619,0-1,1557.0,1.9,Sector 63A,5,0
3371,4.0,4.0,3.0,10396.361273554256,Under Construction,3078.0,3.2,Sector 63A,6,0
3372,4.0,4.0,3.0,7716.049382716049,0-1,3240.0,2.5,Sector 48,5,1
3373,4.0,4.0,2.0,10558.80441845354,0-1,3078.0,3.25,Sector 51,3,1
3374,3.0,4.0,4.0,22491.909385113264,Under Construction,2472.0,5.56,Sector 53,3,1
3375,3.0,3.0,4.0,21487.603305785127,Under Construction,2299.0,4.94,Sector 53,3,0
3376,3.0,3.0,4.0,21739.0,0-1,2300.0,5.0,Sector 53,3,0
3377,3.0,3.0,2.0,11111.111111111111,0-1,2160.0,2.4,Sector 73,4,1
3378,3.0,3.0,2.0,10277.777777777776,0-1,1800.0,1.85,Malibu Town,2,1
3379,4.0,4.0,2.0,9259.25925925926,0-1,3240.0,3.0,Sector 50,2,0
3380,4.0,4.0,2.0,11111.111111111111,0-1,3330.0,3.7,Malibu Town,2,0
3381,3.0,4.0,4.0,6332.0,1-5,1816.0,1.15,Sector 104,6,0
3382,3.0,3.0,2.0,8569.0,Under Construction,1342.0,1.15,Sector 89,5,1
3383,3.0,4.0,2.0,27169.0,10+,2282.0,6.2,Sector 54,4,0
3384,3.0,3.0,3.0,16870.0,Under Construction,2122.0,3.58,Sector 62,3,0
3385,7.0,7.0,4.0,21367.521367521367,5-10,2340.0,5.0,Sector 48,2,1
3386,3.0,3.0,4.0,9379.0,5-10,1930.0,1.36,Sector 90,3,1
3387,2.0,2.0,3.0,7942.0,0-1,1385.0,1.1,Sector 106,6,0
3388,3.0,4.0,4.0,8771.0,1-5,1995.0,1.75,Sector 92,4,1
3389,2.0,2.0,1.0,8285.0,1-5,700.0,0.58,Sector 67A,4,1
3390,2.0,2.0,1.0,7435.897435897436,5-10,585.0,0.435,Sector 9,1,1
3391,2.0,2.0,1.0,6714.0,1-5,700.0,0.47,Sector 70A,4,1
3392,4.0,3.0,3.0,8512.0,1-5,1950.0,1.81,Sector 77,4,0
3393,3.0,4.0,3.0,12109.0,5-10,2560.0,3.1,Sector 113 Gurgaon,4,0
3394,3.0,3.0,3.0,11146.0,5-10,2225.0,2.48,Sector 113 Gurgaon,4,0
3395,2.0,2.0,2.0,11392.0,5-10,1580.0,1.8,Sector 113 Gurgaon,4,0
3396,4.0,5.0,4.0,12453.0,Under Construction,2690.0,3.35,Sector 113 Gurgaon,5,0
3397,3.0,4.0,4.0,12550.0,Under Construction,2215.0,2.78,Sector 113 Gurgaon,5,0
3398,3.0,3.0,4.0,9812.0,10+,2400.0,2.36,Malibu Town,2,0
3399,4.0,4.0,4.0,9344.0,5-10,4548.0,4.45,Sector 102,4,0
3400,3.0,4.0,3.0,6825.0,5-10,1802.0,1.23,Sector 71,5,0
3401,3.0,4.0,2.0,10697.0,5-10,2711.0,2.9,Nirvana Country,5,0
3402,2.0,2.0,2.0,10244.28684003152,10+,1269.0,1.3,DLF Phase 1,3,0
3403,2.0,2.0,2.0,12149.0,10+,1070.0,1.3,DLF Phase 1,3,0
3404,3.0,5.0,3.0,13781.0,0-1,1950.0,1.6,Sector 70,3,0
3405,3.0,3.0,2.0,9611.111111111111,5-10,1800.0,1.73,DLF Phase 1,4,0
3406,4.0,4.0,4.0,13996.0,5-10,3215.0,4.5,DLF Phase 3,3,0
3407,4.0,4.0,3.0,11888.888888888889,0-1,2700.0,3.21,DLF Phase 2,3,1
3408,4.0,5.0,2.0,11037.037037037036,0-1,2700.0,2.98,DLF Phase 2,3,1
3409,3.0,3.0,2.0,8986.928104575163,1-5,1836.0,1.65,Sector 46,2,1
3410,3.0,4.0,2.0,6674.519042010208,5-10,2547.0,1.7,Sector 47,2,1
3411,4.0,4.0,4.0,10925.0,5-10,2700.0,2.95,Sector 43,3,0
3412,4.0,4.0,3.0,10566.0,5-10,2650.0,2.8,Sector 43,3,0
3413,4.0,4.0,3.0,10497.0,5-10,2191.0,2.3,DLF Phase 1,3,0
3414,4.0,4.0,4.0,12615.0,10+,3250.0,4.3,Heritage City,3,0
3415,4.0,5.0,3.0,8897.569444444445,0-1,4608.0,4.1,DLF Phase 3,3,1
3416,4.0,5.0,2.0,11695.906432748538,0-1,3762.0,4.4,Sushant Lok Phase 1,3,1
3417,3.0,4.0,2.0,11777.777777777776,0-1,2250.0,2.65,DLF Phase 2,2,1
3418,4.0,5.0,2.0,10814.814814814816,1-5,2700.0,2.92,DLF Phase 2,3,1
3419,4.0,5.0,4.0,13235.0,10+,3400.0,4.5,Sector 28,3,0
3420,3.0,4.0,2.0,9928.179129700042,1-5,2367.0,2.35,Sector 45,3,1
3421,3.0,3.0,4.0,8605.0,0-1,1685.0,1.45,Sector 99,4,1
3422,3.0,4.0,3.0,12532.0,Under Construction,2290.0,2.87,Sector 76,6,0
3423,3.0,3.0,4.0,26233.0,Under Construction,1600.0,3.19,Sector 113 Gurgaon,5,0
3424,4.0,4.0,4.0,7619.0,5-10,2174.0,1.65,Sector 56,3,0
3425,4.0,4.0,4.0,12333.0,5-10,3000.0,4.5,Sector 28,3,0
3426,3.0,3.0,2.0,15217.0,1-5,2305.0,3.5,Sector 67,4,0
3427,4.0,4.0,3.0,10776.0,10+,2190.0,2.36,DLF Phase 1,3,0
3428,4.0,4.0,2.0,10730.0,10+,2190.0,2.35,DLF Phase 1,3,0
3429,3.0,3.0,3.0,11918.0,10+,1720.0,2.05,Sector 83,4,1
3430,4.0,4.0,4.0,8620.689655172413,Under Construction,2610.0,2.25,Sector 84,4,1
3431,3.0,3.0,2.0,13055.555555555557,10+,1800.0,2.35,DLF Phase 1,4,0
3432,3.0,4.0,3.0,6293.0,10+,1430.0,1.0,Sector 82,4,1
3433,4.0,4.0,4.0,7592.592592592592,10+,2700.0,2.05,Sector 83,1,1
3434,4.0,5.0,4.0,13769.0,0-1,2905.0,4.0,Sector 72,3,0
3435,3.0,3.0,3.0,11111.0,5-10,1350.0,1.5,Sector 52,3,0
3437,4.0,6.0,4.0,25090.0,10+,3886.0,9.75,Sector 54,3,1
3438,3.0,3.0,2.0,10000.0,1-5,1630.0,2.1,Sector 37D,4,0
3439,4.0,3.0,3.0,9946.0,1-5,2443.0,2.43,Sector 37D,4,0
3440,4.0,3.0,3.0,10000.0,1-5,1300.0,1.63,Sector 37D,4,1
3441,3.0,3.0,2.0,9856.0,1-5,1877.0,1.85,Sector 37D,4,0
3442,2.0,2.0,2.0,16575.0,0-1,1508.0,2.5,Sector 62,5,0
3443,3.0,4.0,4.0,22826.0,5-10,3495.0,5.25,Sector 53,4,0
3444,3.0,4.0,3.0,17806.0,0-1,2033.0,3.62,Sector 63,6,0
3445,4.0,4.0,4.0,16666.0,5-10,2400.0,4.0,Palam Vihar,2,1
3446,3.0,4.0,4.0,13126.0,10+,2895.0,3.8,Sector 53,4,0
3447,8.0,8.0,4.0,21546.261089987325,5-10,2367.0,5.1,Sector 40,3,1
3448,3.0,3.0,3.0,8100.0,Under Construction,1960.0,1.56,Sector 89 A,4,1
3449,3.0,3.0,2.0,11395.0,1-5,1799.0,2.05,Sector 82A,4,0
3450,4.0,4.0,3.0,13181.0,1-5,2600.0,2.9,Sector-33 Sohna,4,0
3451,2.0,2.0,2.0,9836.0,1-5,1440.0,1.2,Sohna,4,0
3452,2.0,2.0,2.0,11883.0,1-5,1275.0,0.94,Sohna,4,0
3453,3.0,3.0,3.0,13812.0,0-1,1720.0,1.5,Sohna,4,0
3454,2.0,2.0,2.0,16296.0,Under Construction,1310.0,1.32,Sector-33 Sohna,4,0
3455,2.0,2.0,2.0,10000.0,1-5,1153.0,0.85,Sohna,4,1
3456,2.0,2.0,3.0,6973.0,1-5,745.0,0.52,Sohna,4,0
3457,3.0,3.0,2.0,14056.0,Under Construction,1527.0,1.4,Sohna,4,0
3458,3.0,3.0,2.0,8894.0,1-5,1230.0,1.18,Sector-33 Sohna,5,0
3459,2.0,2.0,2.0,9846.0,Under Construction,650.0,0.64,Sohna,4,0
3460,3.0,3.0,2.0,13737.0,1-5,1527.0,1.36,Sohna,4,0
3461,2.0,2.0,1.0,5780.0,1-5,743.0,0.3,Sohna,0,1
3462,3.0,3.0,3.0,9459.0,0-1,1850.0,1.75,Sector 83,4,0
3463,4.0,3.0,3.0,23483.0,0-1,2917.0,6.85,Sector 54,3,0
3464,3.0,3.0,3.0,18347.0,0-1,3025.0,5.55,Sector 59,6,0
3465,3.0,3.0,3.0,18806.0,Under Construction,2095.0,3.94,Sector 59,6,0
3466,3.0,3.0,3.0,19036.0,Under Construction,2595.0,4.94,Sector 59,6,0
3467,2.0,2.0,3.0,8048.0,1-5,1640.0,1.32,Sector 85,4,0
3468,3.0,3.0,3.0,18823.0,Under Construction,2295.0,4.32,Sector 59,6,0
3469,4.0,4.0,3.0,10937.0,Under Construction,3200.0,3.5,Sector 99,4,0
3470,3.0,3.0,1.0,9331.0,1-5,1929.0,1.8,Sector 86,4,0
3471,3.0,4.0,3.0,18460.0,1-5,2156.0,3.98,sector 58,5,0
3472,3.0,3.0,4.0,22889.0,1-5,3495.0,8.0,Sector 62,4,0
3473,3.0,3.0,3.0,18016.0,1-5,3025.0,5.45,Sector 59,6,0
3474,3.0,3.0,3.0,18921.0,Under Construction,2595.0,4.91,Sector 59,6,0
3475,3.0,3.0,3.0,18512.0,0-1,3025.0,5.6,Sector 59,6,0
3476,4.0,4.0,4.0,20683.0,1-5,3626.0,7.5,Sector 59,6,0
3477,4.0,6.0,4.0,15618.0,1-5,3976.0,6.36,Sector 22,6,0
3478,4.0,4.0,4.0,11363.0,1-5,2200.0,2.5,Sector 52,2,1
3479,2.0,2.0,1.0,3830.0,1-5,743.0,0.32,Sohna,0,1
3480,3.0,3.0,3.0,14900.0,Under Construction,2230.0,3.32,Sector 15,3,1
3481,4.0,4.0,2.0,13333.0,0-1,4500.0,6.0,DLF Phase 2,3,1
3482,3.0,3.0,2.0,13055.0,0-1,1800.0,2.35,Sushant Lok Phase 1,3,1
3483,3.0,3.0,3.0,17000.0,1-5,3800.0,6.46,Sector 65,5,0
3484,4.0,4.0,3.0,13991.0,Under Construction,2430.0,3.4,DLF Phase 3,6,0
3485,3.0,3.0,2.0,14333.0,0-1,1500.0,2.15,Sector 52,2,1
3486,4.0,4.0,3.0,10802.0,Under Construction,3240.0,4.4,DLF Phase 3,6,0
3487,3.0,4.0,4.0,12272.0,Under Construction,2200.0,2.7,Southern Peripheral Road,1,1
3488,3.0,3.0,2.0,10158.0,1-5,1575.0,1.6,Sector 52,2,1
3489,3.0,3.0,2.0,13116.0,0-1,1601.0,2.1,Sector 52,2,1
3490,3.0,3.0,3.0,14975.0,1-5,2070.0,3.1,Sector 60,5,0
3491,2.0,2.0,2.0,15523.0,1-5,1385.0,2.15,Sector 60,5,0
3492,3.0,3.0,2.0,13437.0,0-1,1600.0,2.15,Sector 52,2,1
3493,3.0,4.0,3.0,12915.0,10+,2168.0,2.8,Sector 31,3,1
3494,4.0,4.0,4.0,15696.0,1-5,1975.0,3.1,Sector 65,2,0
3495,3.0,4.0,3.0,13004.0,Under Construction,2230.0,2.9,Sector 15 Part 2,3,0
3496,4.0,6.0,4.0,11902.0,Under Construction,3680.0,4.38,Sector 76,6,0
3497,4.0,4.0,4.0,8523.0,Under Construction,2722.0,2.45,Sector 84,4,1
3498,4.0,4.0,4.0,9184.0,Under Construction,2722.0,2.65,Sector 84,4,1
3499,4.0,4.0,4.0,8229.0,Under Construction,2722.0,2.35,Sector 84,4,1
3500,3.0,3.0,2.0,16085.0,Under Construction,2230.0,3.0,Sector 15 Part 2,3,1
3501,3.0,3.0,3.0,13990.0,Under Construction,2323.0,3.25,Sector 15 Part 2,3,0
3502,4.0,4.0,4.0,13000.0,Under Construction,3000.0,3.9,Sector 15 Part 2,3,0
3503,3.0,4.0,4.0,12955.0,Under Construction,2223.0,2.88,Sector 15 Part 2,3,0
3504,5.0,6.0,4.0,31790.123456790123,5-10,3240.0,10.3,Nirvana Country,3,0
3505,3.0,3.0,4.0,8000.0,0-1,1811.0,1.45,Sector 37D,4,0
3506,3.0,3.0,4.0,8448.0,0-1,1811.0,1.53,Sector 37D,4,0
3507,3.0,3.0,2.0,9834.0,1-5,1271.0,1.25,Sector 82,2,1
3508,2.0,2.0,2.0,7469.0,1-5,1245.0,0.93,Sector 83,5,1
3509,3.0,3.0,2.0,6628.0,1-5,1735.0,1.15,Sector 83,5,0
3510,2.0,2.0,2.0,7567.0,1-5,925.0,0.7,Sector 82,2,1
3511,2.0,2.0,2.0,9149.0,1-5,929.0,0.85,Sector 82,2,1
3512,2.0,2.0,2.0,6009.0,1-5,1300.0,0.95,Sector 82,4,0
3513,2.0,2.0,2.0,6302.0,1-5,1435.0,1.05,Sector 82,4,0
3514,3.0,3.0,1.0,11437.0,1-5,1929.0,1.75,Sector 86,4,0
3515,4.0,3.0,2.0,8787.0,1-5,1981.0,1.45,Sector 82,1,1
3516,2.0,2.0,2.0,8611.0,1-5,929.0,0.8,Sector 82,2,1
3517,2.0,2.0,2.0,7042.0,1-5,923.0,0.65,Sector 82,2,1
3518,2.0,2.0,2.0,5660.0,1-5,1325.0,0.91,Sector 83,2,1
3520,3.0,3.0,4.0,14722.0,1-5,2305.0,2.65,Sector 48,5,1
3521,3.0,3.0,4.0,16339.0,0-1,2588.0,4.23,Sector 62,5,0
3522,3.0,3.0,4.0,19430.0,0-1,2985.0,5.8,Sector 59,6,0
3523,4.0,4.0,3.0,19882.0,Under Construction,3395.0,6.75,Sector 59,6,0
3524,3.0,3.0,4.0,16078.0,0-1,2550.0,4.1,Sector 72,3,0
3525,3.0,3.0,3.0,23000.0,Under Construction,2500.0,5.75,Sushant Lok Phase 1,6,0
3526,4.0,4.0,2.0,14583.0,0-1,2400.0,3.5,Sector 50,3,1
3527,2.0,2.0,4.0,8013.0,1-5,1435.0,1.15,Sector 82,4,1
3528,3.0,3.0,4.0,20500.0,0-1,2588.0,4.1,Sector 62,5,0
3529,3.0,4.0,3.0,8830.0,1-5,2095.0,2.17,Sector 109,4,0
3530,3.0,3.0,4.0,20500.0,0-1,2588.0,4.1,Sector 62,5,0
3531,3.0,3.0,4.0,7253.0,5-10,1930.0,1.4,Sector 86,5,0
3532,9.0,9.0,4.0,29074.07407407408,1-5,2700.0,7.85,Sushant Lok Phase 1,3,1
3533,9.0,9.0,4.0,28888.88888888889,1-5,2700.0,7.8,Sushant Lok Phase 1,3,1
3534,4.0,6.0,4.0,19240.0,Under Construction,3950.0,7.4,Sector 63,1,1
3535,3.0,3.0,3.0,19000.0,Under Construction,2300.0,4.37,Sector 53,3,1
3536,4.0,5.0,3.0,13888.0,0-1,4518.0,5.0,South City 1,3,1
3537,3.0,3.0,2.0,25320.51282051282,1-5,936.0,2.37,Sector 46,2,1
3538,5.0,6.0,4.0,22970.08547008547,1-5,4680.0,10.75,Sector 33,2,1
3539,4.0,5.0,4.0,23072.74701411509,Under Construction,3684.0,8.5,Sector 53,3,1
3540,4.0,4.0,2.0,12407.407407407409,0-1,2700.0,3.35,Malibu Town,2,1
3541,5.0,4.0,2.0,6016.847172081829,0-1,4986.0,3.0,Malibu Town,2,0
3542,3.0,4.0,4.0,13191.0,1-5,2480.0,3.1,Nirvana Country,5,0
3543,4.0,5.0,4.0,15111.0,0-1,4500.0,6.8,Nirvana Country,3,1
3544,4.0,5.0,4.0,16000.0,0-1,3976.0,6.0,Sector 22,6,1
3545,3.0,4.0,4.0,13319.0,Under Construction,1877.0,2.5,Sector 37D,4,1
3546,4.0,4.0,4.0,24578.0,Under Construction,1627.0,4.0,Sector 61,6,1
3547,4.0,4.0,4.0,15000.0,Under Construction,3600.0,5.4,Sector 77,1,0
3548,3.0,3.0,3.0,12000.0,Under Construction,2800.0,3.36,Sector 84,1,0
3549,4.0,5.0,2.0,11111.0,0-1,4500.0,5.0,Greenwood City,3,1
3550,3.0,3.0,2.0,16000.0,0-1,1500.0,2.4,Nirvana Country,3,1
3551,4.0,4.0,2.0,13333.0,0-1,2700.0,3.6,Sushant Lok Phase 1,3,1
3552,4.0,4.0,2.0,13777.0,0-1,2250.0,3.1,Sushant Lok Phase 1,3,1
3553,2.0,2.0,3.0,5942.0,1-5,1380.0,0.82,Sector 37D,4,0
3554,4.0,4.0,2.0,9523.809523809525,0-1,3150.0,3.0,Sector 31,2,1
3555,3.0,3.0,3.0,8285.0,1-5,1750.0,1.45,Sector 109,4,1
3556,3.0,3.0,3.0,8215.0,1-5,2191.0,1.8,Sector 37D,4,1
3557,3.0,3.0,4.0,13528.0,0-1,1762.0,1.2,Sector 103,2,1
3558,2.0,2.0,2.0,14492.0,1-5,1380.0,2.0,Sector 22,6,0
3559,2.0,2.0,2.0,7686.0,Under Construction,1444.0,1.11,Sector 3,5,1
3560,3.0,3.0,4.0,15151.0,1-5,1650.0,2.7,Sector 65,2,0
3561,3.0,4.0,2.0,20615.563298490128,5-10,1722.0,3.55,Sushant Lok Phase 3,3,1
3562,3.0,2.0,1.0,22153.0,5-10,1625.0,3.6,sector 58,5,0
3563,3.0,3.0,3.0,15837.0,0-1,2588.0,4.1,Sector 62,5,0
3564,2.0,2.0,2.0,15912.0,0-1,1508.0,2.4,Sector 62,5,0
3565,3.0,3.0,3.0,13894.0,5-10,2411.0,3.35,Sector 67,4,0
3566,2.0,2.0,3.0,8165.0,0-1,1494.0,1.22,Sector 79,5,0
3567,3.0,3.0,3.0,8188.0,0-1,2015.0,1.65,Sector 79,3,0
3568,3.0,3.0,3.0,9200.0,0-1,1811.0,1.38,Sector 37D,4,0
3569,2.0,2.0,3.0,13481.0,Under Construction,1261.0,1.76,Sector 65,5,0
3570,3.0,3.0,4.0,16996.0,0-1,2588.0,4.4,Sector 62,5,0
3571,3.0,2.0,4.0,7631.0,1-5,1900.0,1.45,Vigyan Vihar,3,0
3572,4.0,4.0,4.0,7230.0,1-5,3250.0,2.35,Sector 52,2,0
3573,3.0,3.0,4.0,8500.0,Under Construction,2250.0,1.9,Sector 37D,1,1
3574,3.0,3.0,2.0,8700.0,0-1,1600.0,1.75,Sector 79,3,1
3575,3.0,3.0,4.0,14516.0,1-5,2411.0,3.5,Sector 67,4,1
3576,3.0,3.0,2.0,7080.610021786492,1-5,1836.0,1.3,Sector 57,3,1
3577,3.0,2.0,2.0,8518.0,1-5,1740.0,1.15,Sector 83,2,1
3578,4.0,3.0,4.0,10188.0,1-5,2650.0,2.7,Sector 56,3,0
3579,4.0,4.0,4.0,15873.015873015873,0-1,3150.0,5.0,South City,3,0
3580,3.0,4.0,1.0,6890.0,1-5,2177.0,1.5,Sector 109,1,0
3581,3.0,3.0,3.0,7647.0,5-10,1700.0,1.3,Sector 50,3,1
3582,3.0,3.0,2.0,7666.0,1-5,1500.0,1.15,Sector 48,2,1
3583,3.0,3.0,3.0,8684.0,5-10,1900.0,1.65,Sector 86,4,0
3584,3.0,3.0,3.0,8666.0,1-5,1500.0,1.3,Sector 50,3,1
3585,2.0,2.0,3.0,8636.0,1-5,1379.0,0.95,Sector 37C,4,0
3586,3.0,3.0,3.0,25928.0,Under Construction,1400.0,3.63,Sector 63A,5,1
3587,3.0,3.0,4.0,14275.0,1-5,2802.0,4.0,Sector 112,4,0
3588,3.0,3.0,4.0,9257.0,1-5,1750.0,1.62,Sector 109,4,0
3589,2.0,2.0,2.0,14844.0,1-5,1381.0,2.05,Sector 108,5,0
3590,2.0,2.0,1.0,8346.456692913385,0-1,635.0,0.53,Sector 76,3,1
3591,3.0,3.0,3.0,10361.0,Under Construction,1689.0,1.75,Sector 104,5,1
3592,3.0,3.0,3.0,13105.0,Under Construction,1900.0,2.49,Sector 106,5,1
3593,4.0,4.0,4.0,10993.0,1-5,4548.0,5.0,Sector 102,4,0
3594,3.0,4.0,3.0,10883.0,1-5,2095.0,2.28,Sector 109,4,1
3595,2.0,2.0,3.0,9351.0,0-1,1080.0,1.01,Sector-33 Sohna,2,1
3596,4.0,5.0,4.0,26543.20987654321,10+,3240.0,8.6,Sector 48,3,0
3597,4.0,4.0,4.0,10384.0,0-1,2600.0,2.7,Sector-33 Sohna,4,1
3598,4.0,4.0,4.0,7500.0,10+,3400.0,2.55,Sector 52,2,1
3599,3.0,3.0,4.0,12500.0,1-5,1640.0,2.05,South City 1,3,0
3600,4.0,4.0,2.0,11800.0,0-1,4500.0,2.95,Uppals Southend,2,0
3601,3.0,4.0,4.0,13126.0,5-10,2895.0,3.8,Sector 53,4,1
3602,3.0,4.0,4.0,16753.0,5-10,2895.0,4.85,Sector 53,4,1
3603,4.0,6.0,3.0,17092.0,1-5,3715.0,6.35,Sector 47,4,0
3604,5.0,6.0,4.0,17777.777777777777,10+,4500.0,8.0,Sector 49,3,0
3605,3.0,4.0,4.0,11805.0,10+,2033.0,2.4,Sector 49,3,0
3606,5.0,6.0,4.0,11526.0,10+,3557.0,4.1,Sector 49,3,0
3607,4.0,5.0,4.0,11319.0,10+,2562.0,2.9,Sector 49,3,0
3608,3.0,4.0,4.0,12372.0,10+,2061.0,2.55,Sector 49,3,0
3609,3.0,3.0,4.0,11412.0,10+,1805.0,2.06,Sector 49,3,0
3610,5.0,7.0,4.0,20202.0202020202,0-1,4950.0,10.0,Sector 33,2,1
3611,3.0,4.0,4.0,26222.89460413515,1-5,1983.0,5.2,Sector 54,4,0
3612,4.0,4.0,3.0,7777.777777777777,1-5,4500.0,3.5,South City 2,3,1
3613,4.0,4.0,3.0,14522.0,5-10,2410.0,3.5,Sector 48,2,0
3614,8.0,8.0,4.0,31007.751937984496,1-5,1935.0,6.0,Sushant Lok Phase 1,3,1
3615,4.0,4.0,4.0,6366.0,1-5,2356.0,1.72,Sector 86,5,0
3616,4.0,6.0,2.0,12555.0,1-5,4500.0,5.65,Sector 111,4,0
3617,3.0,3.0,3.0,13531.0,Under Construction,2217.0,3.0,Sector 113 Gurgaon,5,0
3618,3.0,3.0,3.0,18322.0,1-5,2838.0,5.2,Sector 48,5,1
3619,3.0,3.0,3.0,22321.0,5-10,2464.0,5.5,Sector 48,2,0
3620,2.0,3.0,2.0,8865.0,1-5,1410.0,1.25,Sector-33 Sohna,5,0
3621,3.0,3.0,3.0,9748.0,1-5,1590.0,1.55,Sector-33 Sohna,5,0
3622,4.0,4.0,3.0,18625.561978163136,1-5,1557.0,2.9,Palam Vihar,2,1
3623,3.0,4.0,4.0,15282.0,0-1,2781.0,4.25,Sector 22,6,0
3624,3.0,4.0,4.0,12585.0,0-1,2781.0,3.5,Sector 22,6,0
3625,3.0,4.0,3.0,15670.0,1-5,3095.0,4.85,Sector 59,6,0
3626,3.0,3.0,2.0,9028.0,0-1,2459.0,2.22,Palam Vihar,2,1
3627,3.0,3.0,2.0,8580.0,0-1,2459.0,2.11,Palam Vihar,2,1
3628,3.0,3.0,2.0,8865.0,0-1,2459.0,2.18,Palam Vihar,2,1
3629,3.0,3.0,2.0,12774.0,0-1,1550.0,1.98,Sector 57,3,1
3630,3.0,3.0,2.0,13000.0,0-1,1500.0,1.95,Sector 57,3,1
3631,3.0,3.0,2.0,9870.0,10+,1773.0,1.75,Sector 49,2,0
3632,3.0,3.0,4.0,12403.0,1-5,1935.0,2.4,Sector 67,4,0
3633,4.0,4.0,4.0,11914.0,1-5,2350.0,2.8,Sector 67,4,0
3634,4.0,4.0,4.0,12849.0,1-5,2685.0,3.45,Sector 67,4,0
3635,3.0,3.0,3.0,11111.111111111111,Under Construction,2340.0,2.6,Sector 51,3,1
3636,3.0,3.0,4.0,10635.0,5-10,2360.0,2.51,Sector 51,3,1
3637,2.0,2.0,1.0,10617.0,1-5,605.0,0.55,Sector 102,4,1
3638,3.0,4.0,1.0,15926.0,1-5,2025.0,2.0,Sector 102,4,1
3639,4.0,4.0,2.0,11044.0,1-5,3350.0,3.7,Sector 110,6,1
3640,3.0,2.0,3.0,8421.0,5-10,1425.0,1.2,Sector 51,3,1
3641,3.0,4.0,4.0,12285.0,1-5,2035.0,2.5,Ardee City,3,1
3642,2.0,2.0,3.0,9629.0,1-5,1350.0,1.3,Sector 70,3,1
3643,2.0,2.0,3.0,11643.0,1-5,1264.0,0.85,Sohna,2,1
3644,2.0,2.0,4.0,16314.0,0-1,1093.0,1.08,Sector-33 Sohna,2,1
3645,2.0,2.0,4.0,15861.0,0-1,1093.0,1.05,Sector-33 Sohna,2,1
3646,2.0,2.0,2.0,5633.0,1-5,710.0,0.4,Sohna,4,0
3647,3.0,2.0,4.0,17400.0,Under Construction,1671.0,1.74,Sector-33 Sohna,4,1
3648,3.0,4.0,4.0,12946.0,Under Construction,1845.0,1.45,Sohna,2,1
3649,2.0,2.0,2.0,7450.0,1-5,1275.0,0.95,Sohna,4,0
3650,3.0,4.0,4.0,13333.0,Under Construction,1929.0,1.8,Sector-33 Sohna,4,1
3651,3.0,3.0,2.0,11049.382716049382,0-1,1620.0,1.79,South City 1,3,1
3652,2.0,2.0,1.0,5587.0,1-5,900.0,0.29,Sohna,0,1
3653,3.0,3.0,3.0,4989.0,1-5,1864.0,0.93,Sector 103,4,1
3654,3.0,3.0,4.0,10384.0,0-1,1300.0,1.35,Sector 89,4,1
3655,2.0,2.0,2.0,12341.0,1-5,1275.0,0.975,Sohna,4,1
3656,2.0,2.0,2.0,11012.0,1-5,1275.0,0.87,Sohna,4,1
3657,5.0,6.0,3.0,10714.0,0-1,4500.0,3.75,DLF Phase 3,3,0
3658,3.0,4.0,3.0,10270.0,10+,1850.0,1.9,Sector 55,3,1
3659,2.0,2.0,3.0,16750.0,1-5,1093.0,1.34,Sector-33 Sohna,2,1
3660,3.0,4.0,4.0,20816.0,5-10,2450.0,5.1,Sector 53,5,0
3661,3.0,4.0,4.0,15476.0,5-10,2100.0,3.25,Suncity,2,0
3662,5.0,6.0,4.0,19841.26984126984,10+,3150.0,6.25,Sector 48,2,0
3663,3.0,3.0,4.0,11316.0,0-1,1730.0,1.13,Sohna,3,1
3664,3.0,2.0,4.0,10409.0,0-1,1210.0,0.89,Sohna,4,1
3665,3.0,3.0,4.0,11366.0,1-5,1730.0,1.13,Sohna,3,1
3666,3.0,3.0,2.0,4852.320675105485,1-5,2844.0,1.38,Sector 57,3,1
3667,2.0,2.0,1.0,7990.0,1-5,632.0,0.505,Sector 102,4,1
3668,9.0,9.0,4.0,23255.81395348837,5-10,1935.0,4.5,Sector 38,2,0
3669,3.0,4.0,4.0,21818.0,0-1,2430.0,5.3,Sector 65,3,0
3670,3.0,3.0,4.0,13395.0,1-5,1717.0,2.3,Sector 59,4,0
3671,2.0,2.0,1.0,9191.0,1-5,548.0,0.5,Sector 107,4,1
3672,3.0,4.0,4.0,11632.0,1-5,2450.0,2.85,Sector 104,6,1
3673,3.0,3.0,3.0,10606.0,1-5,1650.0,1.75,Sector 102,4,1
3674,2.0,3.0,2.0,15616.0,1-5,1524.0,2.38,Sector 60,5,0
3675,4.0,5.0,2.0,10991.636798088412,1-5,4185.0,4.6,Sushant Lok Phase 1,3,1
3676,3.0,4.0,2.0,12641.0,1-5,2215.0,2.8,Sector 111,4,1
3677,3.0,4.0,4.0,8018.0,1-5,2120.0,1.7,Sector 92,4,0
3678,4.0,5.0,2.0,22222.222222222223,10+,2700.0,6.0,Sushant Lok Phase 3,3,1
3679,4.0,5.0,4.0,10180.0,0-1,3045.0,3.1,Sector 109,4,0
3680,2.0,2.0,2.0,6884.0,1-5,1133.0,0.78,Sector 82,3,1
3681,2.0,2.0,2.0,6370.0,0-1,1350.0,0.86,Sector 88B,3,1
3682,2.0,2.0,2.0,6989.0,0-1,930.0,0.79,Sector 83,2,1
3683,2.0,2.0,2.0,5837.0,0-1,925.0,0.59,Sector 83,2,1
3684,2.0,2.0,2.0,5869.0,0-1,903.0,0.53,Sector 83,2,1
3685,3.0,3.0,3.0,6538.0,0-1,2600.0,1.7,Sector 82A,5,0
3686,4.0,4.0,4.0,10638.0,5-10,2397.0,2.55,Sector 110 A,3,1
3687,3.0,3.0,4.0,11367.0,5-10,2336.0,2.66,Sector 48,5,0
3688,3.0,3.0,4.0,12300.0,1-5,1935.0,2.4,Sector 67,4,0
3689,4.0,4.0,4.0,12115.0,0-1,2600.0,3.15,Nirvana Country,3,1
3690,3.0,3.0,4.0,8936.0,5-10,2350.0,2.5,Sector 48,2,0
3691,3.0,3.0,3.0,13000.0,Under Construction,2500.0,3.25,Sector 63A,5,0
3692,3.0,4.0,2.0,14230.0,0-1,1600.0,1.85,Sector 63A,6,0
3693,4.0,5.0,4.0,14522.0,1-5,2410.0,3.5,Sector 66,4,0
3694,3.0,3.0,3.0,10606.0,5-10,1785.0,1.75,Sector 48,2,0
3695,2.0,2.0,2.0,15912.0,0-1,1508.0,2.4,Sector 62,5,0
3696,4.0,4.0,4.0,5720.0,1-5,2727.0,2.0,Sector 90,3,0
3697,3.0,3.0,4.0,5958.0,1-5,1930.0,1.47,Sector 90,3,0
3698,4.0,4.0,4.0,6768.0,1-5,2364.0,1.7,Sector 90,3,0
3699,4.0,3.0,2.0,9484.126984126984,1-5,2520.0,2.39,Palam Vihar,2,1
3700,4.0,4.0,3.0,11608.623548922056,0-1,3618.0,4.2,DLF Phase 2,3,1
3701,4.0,4.0,3.0,12654.32098765432,0-1,3240.0,4.1,DLF Phase 4,3,1
3702,3.0,3.0,3.0,14000.0,0-1,1200.0,1.68,Sector 57,3,1
3703,3.0,3.0,4.0,24205.0,5-10,1983.0,4.8,Sector 54,4,0
3704,3.0,3.0,2.0,9992.006394884093,0-1,2502.0,2.5,Sector 48,2,1
3705,3.0,3.0,3.0,9876.0,0-1,2025.0,2.0,Sector 77,6,0
3706,2.0,2.0,3.0,8231.0,1-5,1640.0,1.35,Sector 85,4,0
3707,2.0,2.0,3.0,8231.0,1-5,1640.0,1.35,Sector 85,4,0
3708,2.0,2.0,3.0,8000.0,0-1,1245.0,1.1,Sector 68,5,1
3709,2.0,2.0,2.0,8032.0,1-5,1245.0,1.0,Sector 68,5,1
3710,3.0,4.0,4.0,10548.0,5-10,1877.0,1.98,Nirvana Country,5,0
3711,3.0,4.0,2.0,23441.0,1-5,3498.0,8.2,Sector 62,4,0
3712,3.0,3.0,4.0,11439.0,5-10,2605.0,2.98,Nirvana Country,5,0
3713,3.0,4.0,3.0,5333.0,1-5,1875.0,1.0,Sector 90,4,1
3714,3.0,3.0,4.0,8502.0,1-5,1976.0,1.68,Sector 70A,0,1
3715,3.0,3.0,4.0,8335.0,1-5,1976.0,1.65,Sector 70A,0,1
3716,3.0,4.0,4.0,18311.0,Under Construction,2250.0,4.12,Sector 61,6,0
3717,3.0,4.0,4.0,10338.0,0-1,2660.0,2.75,Sector 81,4,0
3718,3.0,4.0,4.0,12523.0,5-10,2092.0,2.62,Sector 81,5,0
3719,3.0,4.0,4.0,12428.0,1-5,2092.0,2.6,Sector 81,5,0
3720,3.0,3.0,2.0,6250.0,5-10,2160.0,1.35,Sector 82,2,0
3721,2.0,2.0,2.0,5246.913580246914,5-10,1620.0,0.85,Sector 82,2,0
3722,3.0,4.0,4.0,25970.0,1-5,1983.0,5.15,Sector 54,4,0
3723,4.0,5.0,2.0,8703.703703703704,1-5,2700.0,2.35,Sushant Lok Phase 3,3,1
3724,3.0,3.0,2.0,7249.07063197026,0-1,2690.0,1.95,Sushant Lok Phase 3,3,0
3725,3.0,3.0,2.0,6279.0,5-10,4300.0,2.7,Sector 46,2,0
3726,2.0,2.0,2.0,6049.382716049383,10+,1620.0,0.98,Uppals Southend,2,0
3727,3.0,3.0,2.0,7731.305449936629,0-1,2367.0,1.83,Sector 46,2,0
3728,4.0,5.0,3.0,20682.0,10+,3868.0,8.0,DLF Phase 5,5,1
3729,5.0,7.0,4.0,10666.0,1-5,3750.0,4.0,Sector 83,4,0
3730,3.0,3.0,2.0,7604.5627376425855,1-5,2367.0,1.8,Sector 57,3,1
3731,2.0,2.0,2.0,11522.0,Under Construction,1215.0,1.4,Sector 102,4,1
3732,2.0,2.0,3.0,17901.0,0-1,1508.0,2.7,Sector 62,5,0
3733,3.0,4.0,4.0,14285.0,Under Construction,1855.0,2.65,Sector 106,5,0
3734,4.0,4.0,4.0,14522.0,Under Construction,2720.0,3.95,Sector 106,5,0
3735,3.0,3.0,4.0,13658.0,Under Construction,2050.0,2.8,Sector 106,5,1
3736,3.0,4.0,4.0,8689.0,1-5,2290.0,1.99,Sector 104,6,0
3737,3.0,3.0,3.0,9393.0,1-5,1650.0,1.55,Sector 77,3,0
3738,3.0,3.0,1.0,10264.0,1-5,1929.0,1.98,Sector 86,4,0
3739,3.0,4.0,2.0,9876.0,1-5,2025.0,2.0,Sector 102,4,0
3740,3.0,4.0,4.0,11633.0,1-5,2149.0,2.5,Sector 102,6,1
3741,3.0,3.0,3.0,10606.0,1-5,1650.0,1.75,Sector 102,4,0
3742,4.0,4.0,4.0,23956.0,Under Construction,4550.0,10.89998,Sector 65,5,0
3743,3.0,4.0,4.0,16018.0,1-5,2185.0,3.5,Sector 72,3,0
3744,3.0,3.0,4.0,15294.0,1-5,2550.0,3.9,Sector 72,3,0
3745,4.0,5.0,4.0,16006.0,1-5,2905.0,4.65,Sector 72,3,0
3746,3.0,3.0,1.0,10368.0,1-5,1929.0,2.0,Sector 86,4,0
3747,3.0,3.0,3.0,10789.0,1-5,1900.0,2.05,Sector 83,4,0
3748,3.0,3.0,3.0,10526.0,1-5,1900.0,2.0,Sector 83,4,0
3749,3.0,3.0,4.0,25976.0,1-5,2329.0,6.05,Sector 54,4,0
3750,3.0,4.0,3.0,12064.0,5-10,1575.0,1.42,Sector 77,4,0
3751,3.0,4.0,3.0,9310.0,5-10,1450.0,1.35,Sector 77,4,0
3752,3.0,3.0,2.0,10277.0,0-1,1800.0,1.85,Sector 23,2,1
3753,4.0,5.0,4.0,18750.0,5-10,4000.0,9.5,Sector 54,3,0
3754,3.0,3.0,3.0,8270.0,1-5,1995.0,1.65,Sector 92,1,1
3755,2.0,2.0,2.0,4938.271604938272,5-10,1620.0,0.8,Sector 83,2,1
3756,3.0,3.0,2.0,5787.037037037037,5-10,2160.0,1.25,Sector 82,5,1
3757,3.0,4.0,4.0,16888.88888888889,Under Construction,2250.0,3.8,Sector 61,4,0
3758,4.0,4.0,2.0,20000.0,0-1,3000.0,6.0,Sushant Lok Phase 1,3,0
3759,4.0,4.0,3.0,14000.0,Under Construction,2500.0,3.5,DLF Phase 2,2,0
3760,3.0,3.0,3.0,15909.0,5-10,2200.0,3.5,Sector 66,6,0
3761,3.0,3.0,2.0,11562.0,0-1,2050.0,1.85,Sector 79,3,0
3762,4.0,4.0,3.0,10526.0,0-1,2000.0,2.0,Sector 79,3,0
3763,3.0,4.0,4.0,8815.0,1-5,1815.0,1.6,Sector 79,5,0
3764,3.0,4.0,3.0,20630.0,5-10,3078.0,8.4,Sector 54,3,0
3765,3.0,3.0,4.0,6217.0,0-1,1930.0,1.42,Sector 90,3,0
3766,2.0,2.0,2.0,11648.0,10+,1457.0,0.989,Sohna,2,0
3767,4.0,4.0,4.0,8307.0,1-5,3250.0,2.85,Sector 43,3,0
3768,3.0,3.0,3.0,14918.0,1-5,1900.0,1.85,Sector 83,4,0
3769,4.0,4.0,4.0,27563.0,1-5,2721.0,7.5,Sector 54,4,0
3770,4.0,4.0,3.0,11111.111111111111,1-5,3150.0,3.5,Sector 65,6,0
3771,4.0,4.0,4.0,18000.0,1-5,3700.0,6.3,Sector 66,2,0
3773,2.0,2.0,2.0,12043.0,1-5,1287.0,1.55,Sector 66,6,0
3774,3.0,5.0,3.0,19642.0,1-5,3175.0,5.5,Sector 66,2,0
3775,2.0,2.0,3.0,12688.0,Under Construction,1261.0,1.6,Sector 65,5,1
3776,3.0,4.0,3.0,12500.0,Under Construction,2000.0,2.5,Sector 65,5,1
3777,4.0,4.0,2.0,13888.888888888889,0-1,2700.0,3.75,DLF Phase 2,3,1
3778,3.0,3.0,3.0,8888.888888888889,Under Construction,1575.0,1.4,Sector 99A,4,0
3779,4.0,4.0,4.0,20869.0,5-10,4283.0,7.2,Sector 30,4,1
3780,3.0,3.0,3.0,9117.0,0-1,1700.0,1.55,Sector 48,5,1
3781,3.0,3.0,2.0,15666.0,10+,1550.0,2.35,DLF Phase 4,3,1
3782,2.0,2.0,4.0,11936.0,1-5,1508.0,1.6,Sector 70A,2,0
3783,3.0,2.0,2.0,17333.0,10+,1680.0,2.6,DLF Phase 4,3,1
3784,4.0,5.0,4.0,18292.0,10+,4100.0,7.5,DLF Phase 4,3,1
3785,4.0,3.0,3.0,9509.0,0-1,1998.0,1.9,Sector 37D,4,1
3786,3.0,4.0,3.0,16962.0,0-1,2588.0,4.39,Sector 62,5,0
3787,3.0,3.0,2.0,11280.0,1-5,1700.0,1.78,Sector 69,4,1
3788,3.0,4.0,4.0,16666.0,Under Construction,3000.0,3.5,Sector 84,1,1
3789,3.0,2.0,3.0,11900.0,Under Construction,1000.0,1.19,Sector 83,1,1
3790,3.0,4.0,2.0,7800.0,1-5,2120.0,1.65,Sector 85,6,1
3791,3.0,3.0,3.0,10000.0,1-5,1877.0,1.8,Sector 37D,4,0
3792,3.0,4.0,4.0,14203.523912261777,1-5,2781.0,3.95,Sector 22,6,1
3794,3.0,3.0,3.0,10245.0,1-5,1832.0,1.8,Sector 37D,4,0
3795,3.0,3.0,1.0,6428.0,0-1,2100.0,1.35,Sector 2,2,1
3796,5.0,5.0,3.0,14545.454545454546,10+,4950.0,7.2,Sector 17,4,1
3797,3.0,4.0,2.0,10588.0,1-5,2550.0,2.7,Sector 102,4,0
3798,2.0,2.0,1.0,10033.0,0-1,598.0,0.6,Sector 67A,2,1
3799,3.0,3.0,2.0,12250.0,0-1,2000.0,2.45,Sector 46,2,1
3800,3.0,3.0,1.0,11111.111111111111,0-1,1800.0,2.0,Malibu Town,2,1
3801,3.0,3.0,2.0,11455.93869731801,0-1,2610.0,2.99,Mayfield Garden,3,1
3802,4.0,4.0,3.0,14403.29218106996,Under Construction,2430.0,3.5,DLF Phase 2,2,1
3803,3.0,3.0,2.0,8333.0,Under Construction,1800.0,1.5,Sector 92,4,1
3804,1.0,1.0,1.0,10588.0,Under Construction,1210.0,1.27,Sector 57,3,1
3805,5.0,5.0,3.0,25436.850254368503,5-10,4521.0,11.5,Sector 48,3,1
3806,4.0,4.0,4.0,11562.0,0-1,2367.0,1.85,Sector 10A,1,1
3807,3.0,2.0,2.0,10223.0,Under Construction,1389.0,1.42,Sector 104,5,1
3808,3.0,3.0,3.0,6111.0,0-1,1800.0,1.35,Sector 82,2,1
3809,3.0,3.0,0.0,4074.074074074074,0-1,2700.0,1.1,Sector 82,3,1
3810,2.0,2.0,2.0,6001.0,0-1,1133.0,0.68,Sector 82,3,1
3811,3.0,3.0,2.0,3796.296296296296,0-1,2160.0,0.82,Sector 82,5,1
3812,4.0,4.0,2.0,11875.0,0-1,2400.0,2.85,Palam Vihar,2,1
3813,3.0,4.0,2.0,10739.0,1-5,2095.0,2.25,Sector 109,4,1
3814,3.0,3.0,2.0,24074.07407407408,5-10,540.0,1.3,Rosewood City,3,1
3815,4.0,5.0,4.0,15326.08695652174,Under Construction,1840.0,2.82,Sector 85,4,0
3816,2.0,2.0,3.0,10270.0,1-5,1480.0,1.52,Sector 86,3,0
3817,2.0,2.0,2.0,7319.0,1-5,931.0,0.68,Sector 82,1,1
3818,2.0,2.0,1.0,7794.0,1-5,1360.0,1.06,Sector 81,5,0
3819,3.0,4.0,4.0,7764.0,1-5,2125.0,1.65,Sector 70,3,0
3820,2.0,2.0,3.0,10472.0,1-5,1480.0,1.55,Sector 86,3,0
3821,3.0,3.0,3.0,8808.0,1-5,1930.0,1.7,Sector 86,4,0
3822,4.0,5.0,2.0,10298.0,1-5,3185.0,3.28,Sector 81,4,0
3823,4.0,5.0,4.0,9050.0,1-5,2475.0,2.24,Sector 92,4,0
3824,4.0,5.0,4.0,9090.0,1-5,2475.0,2.25,Sector 92,4,0
3825,2.0,2.0,3.0,10675.0,1-5,1480.0,1.58,Sector 86,3,0
3826,4.0,4.0,4.0,9032.0,1-5,2325.0,2.1,Sector 92,4,0
3827,2.0,2.0,3.0,10135.0,1-5,1480.0,1.5,Sector 86,3,0
3828,3.0,3.0,1.0,8102.0,0-1,1789.0,1.45,Sector 91,3,0
3829,3.0,3.0,3.0,11174.0,1-5,2103.0,2.35,Sector 81,5,0
3830,3.0,4.0,1.0,11507.0,1-5,2103.0,2.42,Sector 81,5,0
3831,3.0,3.0,2.0,17475.0,Under Construction,1711.0,2.99,Sector 108,5,0
3832,3.0,4.0,3.0,12962.962962962964,0-1,2160.0,2.8,South City 1,3,0
3833,3.0,3.0,3.0,11261.0,1-5,1776.0,2.0,Sector 49,4,1
3834,4.0,4.0,4.0,10800.0,5-10,2500.0,2.7,Sector 48,5,0
3835,3.0,3.0,2.0,9074.0,5-10,2700.0,2.45,DLF Phase 2,6,1
3836,4.0,4.0,2.0,14444.0,0-1,4500.0,6.5,DLF Phase 2,6,1
3837,3.0,4.0,3.0,13276.0,1-5,2237.0,2.97,Sector 111,4,0
3838,3.0,3.0,2.0,18333.0,0-1,1500.0,2.75,DLF Phase 2,6,1
3839,4.0,6.0,4.0,11159.0,1-5,4848.0,5.41,Sector 112,4,0
3840,4.0,6.0,4.0,11138.0,1-5,4848.0,5.4,Sector 112,4,0
3841,4.0,4.0,2.0,16666.0,1-5,2400.0,4.0,Sector 56,3,1
3842,4.0,5.0,4.0,11257.0,1-5,3198.0,3.15,Sector 102,4,0
3843,2.0,3.0,3.0,8529.0,1-5,1700.0,1.65,Sector 104,6,0
3844,3.0,3.0,3.0,9363.0,1-5,1698.0,1.76,Sector 102,4,0
3845,3.0,4.0,3.0,10111.0,1-5,1889.0,2.17,Sector 102,4,0
3846,4.0,4.0,4.0,10624.0,5-10,2567.0,2.5,Sector 48,5,0
3847,3.0,3.0,2.0,14736.0,0-1,1900.0,2.8,Sector 45,3,1
3848,3.0,4.0,1.0,11246.0,5-10,2134.0,2.7,Nirvana Country,4,0
3849,3.0,4.0,4.0,7932.0,0-1,2244.0,1.88,Sector 79,3,1
3850,2.0,2.0,1.0,6950.0,1-5,705.0,0.49,Sector 103,2,1
3851,2.0,2.0,1.0,6857.0,1-5,700.0,0.48,Sector 103,2,1
3852,2.0,2.0,2.0,6585.0,10+,1154.0,0.76,Sector 2,2,1
3853,5.0,5.0,2.0,29880.478087649404,5-10,4518.0,13.5,DLF Phase 1,4,1
3854,4.0,4.0,3.0,9454.0,Under Construction,3250.0,2.6,Sector 82,4,1
3855,3.0,3.0,2.0,7089.0,1-5,1890.0,1.34,Sector 84,5,0
3856,2.0,2.0,3.0,10599.0,1-5,1368.0,1.45,Sector 102,4,1
3857,4.0,4.0,4.0,13231.0,1-5,2872.0,3.8,Sector 81,5,0
3858,3.0,3.0,3.0,12936.0,0-1,2690.0,3.48,Sector 113 Gurgaon,5,0
3859,3.0,5.0,4.0,11958.0,1-5,3763.0,4.5,Sector 112,4,0
3860,4.0,4.0,3.0,14194.0,Under Construction,2670.0,3.79,Sector 111,2,0
3861,4.0,4.0,3.0,14273.0,Under Construction,2305.0,3.29,Sector 111,2,0
3862,3.0,3.0,3.0,14239.0,Under Construction,2170.0,3.09,Sector 111,2,0
3863,3.0,3.0,3.0,14230.0,Under Construction,2080.0,2.96,Sector 111,2,0
3864,3.0,3.0,3.0,14191.0,Under Construction,1825.0,2.59,Sector 111,2,0
3865,3.0,3.0,2.0,14267.0,Under Construction,1605.0,2.29,Sector 111,2,0
3866,3.0,5.0,2.0,17968.0,Under Construction,2343.0,4.21,Sector 108,5,0
3867,3.0,4.0,2.0,17923.0,Under Construction,2003.0,3.59,Sector 108,5,0
3868,2.0,2.0,2.0,18030.0,Under Construction,1381.0,2.49,Sector 108,5,0
3869,4.0,4.0,4.0,14841.0,Under Construction,2055.0,3.05,Sector 113 Gurgaon,5,0
3870,3.0,3.0,4.0,14894.0,Under Construction,1665.0,2.48,Sector 113 Gurgaon,5,1
3871,4.0,5.0,4.0,22333.0,5-10,3000.0,6.7,Sector 62,4,0
3872,3.0,4.0,4.0,8875.0,0-1,2366.0,2.1,Sector 79,3,0
3873,4.0,4.0,2.0,14857.0,5-10,1750.0,2.6,Sector 65,6,1
3874,4.0,4.0,2.0,14571.0,5-10,1750.0,2.55,Sector 65,2,1
3875,2.0,2.0,2.0,8400.0,1-5,1250.0,1.05,Sector 63,1,1
3876,3.0,4.0,2.0,8000.0,0-1,2150.0,1.72,Sector 79,3,1
3877,2.0,2.0,3.0,14274.0,Under Construction,1261.0,1.8,Sector 65,5,1
3878,3.0,3.0,2.0,8918.0,5-10,1850.0,2.0,Sector 83,4,0
3879,3.0,4.0,3.0,10970.0,10+,2370.0,2.6,Sector 57,2,0
3880,4.0,3.0,3.0,4054.0,5-10,1850.0,0.75,Sector 92,3,0
3881,4.0,4.0,2.0,18924.033522573667,Under Construction,3699.0,7.0,DLF Phase 4,3,0
3882,3.0,3.0,2.0,19244.73493100944,1-5,1377.0,2.65,Sector 49,3,0
3883,3.0,3.0,2.0,10309.0,1-5,2522.0,2.6,Sector 67A,4,0
3884,4.0,4.0,2.0,11772.0,5-10,2336.0,2.85,Sector 48,5,0
3885,3.0,3.0,2.0,18881.62672476398,10+,1377.0,2.6,Sector 49,3,1
3886,3.0,3.0,2.0,15384.0,10+,1365.0,2.1,DLF Phase 5,4,0
3887,4.0,4.0,2.0,11558.0,10+,2567.0,2.7,Sector 48,5,1
3888,3.0,3.0,2.0,6998.7649238369695,Under Construction,2429.0,1.7,Sector 92,4,1
3889,3.0,3.0,0.0,15009.746588693955,5-10,4104.0,6.16,Sector 23A,2,1
3890,6.0,5.0,4.0,19645.0,10+,2367.0,4.65,Sector 22,2,1
3891,1.0,1.0,2.0,6222.0,5-10,450.0,0.28,Samaspur,3,1
3892,3.0,3.0,3.0,14062.0,1-5,1600.0,2.25,Sector 65,2,1
3893,4.0,5.0,4.0,15454.0,1-5,2847.0,4.4,Sector 67,4,1
3894,3.0,3.0,3.0,17142.0,1-5,2505.0,3.6,Sector 67,4,0
3895,2.0,2.0,3.0,14285.0,1-5,1435.0,2.05,Sector 67,4,0
3896,2.0,2.0,3.0,7306.0,1-5,1615.0,1.18,Sector 90,3,0
3897,3.0,3.0,3.0,5466.0,5-10,1930.0,1.35,Sector 90,3,0
3898,3.0,5.0,3.0,11842.0,1-5,1950.0,1.8,Sector 70,3,0
3899,4.0,4.0,4.0,7191.0,1-5,2364.0,1.7,Sector 91,5,0
3900,3.0,2.0,3.0,9000.0,10+,1800.0,1.35,Vigyan Vihar,3,1
3901,4.0,4.0,4.0,7902.0,1-5,2050.0,1.62,Sector 92,4,0
3902,3.0,3.0,4.0,7567.0,1-5,1850.0,1.4,Mayfield Garden,3,1
3903,2.0,2.0,2.0,14215.0,1-5,1020.0,1.45,Sector 65,4,0
3904,3.0,3.0,4.0,10000.0,1-5,2283.0,1.8,Sector 79,5,0
3905,4.0,4.0,3.0,7619.0,10+,2550.0,1.6,Sector 55,3,1
3906,2.0,3.0,2.0,14763.0,5-10,1524.0,2.25,Sector 60,5,0
3907,4.0,5.0,4.0,18713.0,1-5,2410.0,3.2,Sector 66,4,0
3908,4.0,4.0,4.0,12012.012012012012,0-1,3330.0,4.0,Nirvana Country,3,1
3909,2.0,2.0,3.0,11785.0,1-5,1400.0,1.65,Sector 74,6,0
3910,4.0,4.0,4.0,7614.0,5-10,2364.0,1.7,Sector 91,5,1
3911,4.0,5.0,4.0,10468.0,0-1,3200.0,3.35,Sector 52,2,1
3912,3.0,3.0,4.0,16416.0,0-1,2588.0,4.25,Sector 62,5,1
3913,5.0,4.0,2.0,18166.45542881284,5-10,2367.0,4.3,Sector 40,3,1
3914,3.0,3.0,2.0,4897.0,10+,2450.0,1.2,Sector 57,3,1
3915,3.0,2.0,3.0,7500.0,10+,1800.0,1.35,Vigyan Vihar,3,1
3916,4.0,3.0,3.0,16000.0,1-5,1750.0,2.8,Sector 65,2,1
3917,3.0,3.0,3.0,19202.0,1-5,1380.0,2.65,Sector 65,2,1
3918,3.0,3.0,4.0,16666.0,1-5,1650.0,2.75,Sector 65,2,0
3919,3.0,4.0,3.0,15671.0,1-5,1900.0,1.95,Sector 83,4,0
3920,3.0,3.0,4.0,15384.0,1-5,2145.0,3.3,Sector 72,3,0
3921,3.0,3.0,3.0,7727.0,0-1,2200.0,1.7,Sector 57,3,0
3922,3.0,3.0,4.0,9660.0,Under Construction,1501.0,1.5,Sector 92,4,0
3923,3.0,3.0,3.0,8724.0,1-5,1490.0,1.3,Sector 79,5,0
3924,4.0,4.0,4.0,12075.0,Under Construction,1532.0,1.85,Sector 92,4,0
3925,3.0,3.0,3.0,8750.0,1-5,2200.0,1.75,Sector 57,3,1
3926,3.0,3.0,3.0,4901.0,1-5,1530.0,0.75,Sector 81,1,1
3927,2.0,2.0,2.0,6192.0,1-5,950.0,0.37,Sohna,4,1
3928,3.0,3.0,1.0,15003.0,10+,1333.0,2.0,DLF Phase 5,5,0
3929,4.0,4.0,4.0,20114.0,5-10,2610.0,5.25,DLF Phase 5,3,1
3930,3.0,3.0,3.0,9696.0,1-5,1650.0,1.6,Sector 102,4,0
3931,2.0,2.0,2.0,6070.0,10+,1565.0,0.95,Palam Vihar,2,1
3932,7.0,7.0,4.0,22633.74485596708,5-10,2430.0,5.5,Palam Vihar,2,1
3933,3.0,3.0,4.0,16203.703703703704,10+,3240.0,5.25,Palam Vihar,2,1
3934,4.0,4.0,4.0,14782.0,1-5,2875.0,4.25,Sector 65,3,0
3935,3.0,3.0,3.0,25000.0,1-5,2200.0,5.5,DLF Phase 5,4,0
3936,4.0,4.0,4.0,16590.0,0-1,2200.0,3.65,Sector 63,6,0
3937,3.0,3.0,3.0,25214.0,5-10,1983.0,5.0,Sector 54,4,0
3938,3.0,4.0,3.0,19554.0,Under Construction,2874.0,5.62,Sector 53,3,1
3939,4.0,4.0,4.0,18111.753371868977,5-10,1557.0,2.82,Palam Vihar,2,1
3940,4.0,4.0,4.0,19910.083493898524,10+,1557.0,3.1,Palam Vihar,2,1
3941,3.0,3.0,4.0,17662.170841361592,10+,1557.0,2.75,Palam Vihar,2,1
3942,4.0,4.0,4.0,19259.25925925926,5-10,1350.0,2.6,Palam Vihar,2,1
3943,4.0,5.0,4.0,14315.0,0-1,2410.0,3.45,Sector 66,4,0
3944,3.0,3.0,3.0,13000.0,Under Construction,1549.0,2.01,Sector 61,6,0
3945,2.0,2.0,2.0,17238.0,0-1,1508.0,2.6,Sector 62,5,1
3946,3.0,4.0,3.0,19604.0,0-1,2164.0,4.24,sector 58,5,0
3947,3.0,4.0,4.0,14443.0,0-1,2045.0,2.95,Sector 60,5,0
3948,2.0,3.0,2.0,14781.0,0-1,1524.0,2.25,Sector 60,5,0
3949,2.0,2.0,2.0,3443.0,0-1,726.0,0.25,Sector 76,3,0
3950,2.0,2.0,2.0,3523.0,0-1,735.0,0.259,Sector 76,1,0
3951,2.0,2.0,3.0,7364.9754500818335,0-1,611.0,0.45,Sector 76,3,0
3952,3.0,4.0,3.0,12670.0,Under Construction,2000.0,2.53,Sector 65,5,0
3953,2.0,2.0,3.0,12700.0,Under Construction,1310.0,1.62,Sector 65,5,0
3954,2.0,2.0,4.0,10761.0,1-5,1208.0,1.3,Sector 63,2,0
3955,4.0,5.0,4.0,8619.0,1-5,2288.0,1.81,Sector 63,2,0
3956,3.0,4.0,4.0,10514.0,1-5,1712.0,1.8,Sector 63,2,0
3957,2.0,2.0,2.0,5234.0,0-1,554.0,0.29,Sector 107,4,1
3958,4.0,5.0,4.0,14819.0,1-5,3104.0,4.6,Sector 62,4,0
3959,3.0,4.0,3.0,7968.0,1-5,3200.0,2.55,Malibu Town,2,0
3960,2.0,2.0,4.0,10833.0,Under Construction,1201.0,1.3,Sector 61,6,0
3961,2.0,3.0,4.0,11478.0,Under Construction,1200.0,1.32,Sector 61,6,0
3962,2.0,2.0,3.0,11250.0,Under Construction,1201.0,1.35,Sector 61,6,0
3963,4.0,5.0,4.0,12908.0,1-5,2905.0,3.75,Sector 72,3,0
3964,4.0,5.0,4.0,13253.0,1-5,2905.0,3.85,Sector 72,3,0
3965,4.0,4.0,4.0,13425.0,1-5,2905.0,3.9,Sector 72,3,0
3966,4.0,5.0,3.0,13571.0,1-5,2800.0,3.8,Sector 60,5,0
3967,4.0,4.0,4.0,13738.0,1-5,3130.0,4.3,Sector 67,4,0
3968,3.0,3.0,4.0,12633.0,1-5,3000.0,3.79,Sector 72,3,0
3969,4.0,4.0,4.0,13448.0,1-5,2900.0,3.9,Sector 72,3,0
3970,4.0,5.0,4.0,16430.0,1-5,3104.0,5.1,Sector 62,4,0
3971,4.0,4.0,4.0,18508.0,1-5,3890.0,7.2,Sector 62,4,0
3972,4.0,4.0,4.0,16517.0,1-5,4480.0,7.4,Sector 62,4,0
3973,4.0,6.0,3.0,20833.0,1-5,3600.0,7.5,Sector 59,6,0
3974,3.0,3.0,4.0,18181.0,1-5,3025.0,5.5,Sector 59,6,0
3975,3.0,3.0,3.0,19696.0,Under Construction,3300.0,6.5,Sector 59,6,0
3976,3.0,3.0,3.0,17533.0,Under Construction,2595.0,4.55,Sector 59,6,0
3977,3.0,3.0,3.0,17183.0,Under Construction,2095.0,3.6,Sector 59,6,0
3978,3.0,3.0,3.0,8258.0,0-1,1550.0,1.28,Sector 88B,3,0
3979,3.0,3.0,4.0,8387.0,0-1,1550.0,1.3,Sector 88B,3,0
3980,2.0,3.0,3.0,6551.0,0-1,1450.0,0.95,Sector 88B,3,0
3981,2.0,2.0,3.0,6206.0,0-1,1450.0,0.9,Sector 88B,3,0
3982,3.0,4.0,4.0,11946.0,1-5,1760.0,1.35,Sector 106,6,0
3983,2.0,2.0,2.0,9252.0,Under Construction,1405.0,1.3,Sector 85,4,0
3984,3.0,3.0,4.0,7870.0,Under Construction,1423.0,1.12,Sector 89,5,0
3985,4.0,4.0,3.0,5023.0,1-5,2090.0,1.05,Sector 92,1,0
3986,3.0,4.0,4.0,8011.0,1-5,1760.0,1.41,Sector 106,6,0
3987,3.0,4.0,4.0,7954.0,1-5,1760.0,1.4,Sector 106,6,0
3988,3.0,3.0,3.0,16203.0,1-5,2160.0,3.5,Sector 82,2,1
3989,3.0,3.0,2.0,10500.0,Under Construction,1672.0,1.76,Sector 76,5,0
3990,3.0,4.0,3.0,8771.0,1-5,1710.0,1.5,Sector 68,4,0
3991,4.0,5.0,4.0,7283.0,1-5,2746.0,2.1,Sector 107,2,0
3992,3.0,4.0,4.0,6988.0,1-5,2361.0,1.65,Sector 107,2,0
3993,2.0,2.0,3.0,15640.0,1-5,1381.0,2.3,Sector 108,5,0
3994,3.0,3.0,2.0,6252.0,1-5,2799.0,1.75,Uppals Southend,2,0
3995,3.0,4.0,4.0,14222.0,10+,2587.0,3.2,Sector 57,1,0
3996,3.0,3.0,4.0,21034.0,1-5,2900.0,6.1,Sector 65,5,0
3997,3.0,3.0,2.0,15161.0,5-10,1625.0,2.35,Sector 51,5,1
3998,2.0,2.0,3.0,11312.0,5-10,1420.0,1.05,Sector 83,4,1
3999,3.0,3.0,4.0,15151.0,10+,1895.0,2.5,Sector 48,4,0
4000,2.0,2.0,3.0,7430.0,5-10,1615.0,1.2,Sector 86,5,0
4001,4.0,4.0,3.0,9292.0,1-5,2475.0,2.3,Sector 92,4,0
4002,1.0,1.0,2.0,8617.0,5-10,651.0,0.561,Palam Vihar,6,0
4003,2.0,2.0,3.0,7208.0,5-10,1415.0,1.02,Palam Vihar,6,0
4004,3.0,3.0,2.0,11010.0,5-10,1376.0,1.51,Sector 50,3,0
4005,4.0,4.0,4.0,12227.538543328015,0-1,3762.0,4.6,Sushant Lok Phase 1,3,1
4006,4.0,4.0,4.0,16500.0,5-10,4337.0,7.16,Sector 62,4,0
4007,3.0,3.0,4.0,10455.0,5-10,1865.0,1.95,Sector 50,3,0
4008,2.0,2.0,3.0,7159.0,5-10,1565.0,1.23,Palam Vihar,6,0
4009,3.0,3.0,3.0,12940.0,0-1,2588.0,4.25,Sector 62,5,0
4010,2.0,2.0,2.0,6675.0,0-1,569.0,0.38,Sector 95A,5,0
4011,3.0,3.0,4.0,15451.0,0-1,2588.0,4.0,Sector 62,5,0
4012,4.0,4.0,3.0,26190.0,1-5,4200.0,10.9998,Sector 54,3,0
4013,4.0,5.0,3.0,5397.0,5-10,4632.0,2.5,Sector 72,2,0
4014,4.0,4.0,3.0,21786.49237472767,1-5,1377.0,3.0,Sector 49,3,0
4015,2.0,2.0,2.0,7572.0,0-1,515.0,0.39,Sector 95A,5,0
4016,3.0,3.0,3.0,18222.0,Under Construction,2250.0,4.1,Sector 61,4,0
4017,4.0,5.0,4.0,8816.0,1-5,2779.0,2.65,Sector 108,4,0
4018,4.0,4.0,2.0,7346.0,1-5,2450.0,1.8,Sector 67,2,0
4019,4.0,4.0,2.0,7234.0,1-5,2350.0,1.7,Sector 67,2,0
4020,4.0,4.0,2.0,9010.0,1-5,4550.0,4.1,South City 2,2,0
4021,4.0,4.0,2.0,8518.0,1-5,2700.0,2.3,Mayfield Garden,2,0
4022,4.0,4.0,2.0,11785.0,1-5,3300.0,3.3,Malibu Town,2,0
4023,4.0,4.0,2.0,11000.0,1-5,2500.0,2.75,Uppals Southend,2,0
4024,4.0,4.0,2.0,9565.0,1-5,2300.0,2.2,Uppals Southend,2,1
4025,4.0,4.0,2.0,13541.0,1-5,2400.0,3.25,Malibu Town,2,0
4026,4.0,4.0,2.0,11899.0,Under Construction,2185.0,2.6,Uppals Southend,2,1
4027,4.0,4.0,2.0,7037.0,Under Construction,2700.0,1.9,Sector 67A,1,0
4028,4.0,4.0,2.0,8775.0,1-5,2450.0,2.15,Uppals Southend,2,0
4029,3.0,3.0,2.0,10571.0,1-5,1750.0,1.85,Malibu Town,2,0
4030,4.0,4.0,4.0,9762.0,1-5,4548.0,4.44,Sector 102,4,0
4031,3.0,3.0,3.0,18813.0,Under Construction,2073.0,3.9,Sector 108,5,0
4032,4.0,5.0,4.0,11864.0,1-5,2950.0,3.85,Sector 111,4,0
4033,4.0,6.0,4.0,7895.0,5-10,2875.0,2.4,Sector 103,4,0
4034,2.0,3.0,3.0,7307.0,1-5,1550.0,0.95,Sector 76,1,1
4035,2.0,2.0,3.0,8947.0,1-5,1325.0,0.85,Sector 76,1,1
4036,1.0,1.0,1.0,10393.0,0-1,356.0,0.37,Kadarpur,4,1
4037,3.0,3.0,4.0,6500.0,0-1,1763.0,1.18,Sector 37C,4,1
4038,2.0,2.0,3.0,8631.0,Under Construction,1050.0,0.51,Sector 76,3,0
4039,2.0,2.0,2.0,9120.0,0-1,1050.0,0.56,Sector 63A,1,0
4040,2.0,2.0,1.0,7391.0,1-5,1150.0,0.85,DLF Phase 4,3,0
4041,2.0,2.0,2.0,6181.0,0-1,1400.0,0.68,Sector 67,1,1
4042,2.0,2.0,2.0,13544.0,Under Construction,1050.0,0.8,Sector 63A,5,0
4043,3.0,3.0,3.0,7082.0,1-5,1765.0,1.25,Sector 76,1,0
4044,3.0,2.0,3.0,9750.0,1-5,1641.0,1.6,Sector 70A,2,1
4045,7.0,5.0,4.0,23148.14814814815,5-10,3240.0,7.5,Sector 56,3,1
4046,3.0,3.0,2.0,16610.0,0-1,2588.0,4.3,Sector 62,5,1
4047,2.0,2.0,2.0,14588.0,0-1,1508.0,2.5,Sector 62,5,1
4048,2.0,2.0,2.0,4745.3703703703695,5-10,1728.0,0.82,Sushant Lok Phase 2,3,1
4049,3.0,3.0,4.0,7954.0,1-5,2200.0,1.75,Sector 56,3,0
4050,4.0,4.0,4.0,6666.0,5-10,2400.0,1.6,Sector 55,3,1
4051,3.0,3.0,4.0,8636.0,5-10,2200.0,1.9,Vigyan Vihar,3,1
4052,3.0,3.0,4.0,8409.0,5-10,2200.0,1.85,Sector 52,2,0
4053,5.0,6.0,4.0,22962.962962962964,5-10,2700.0,6.2,Sushant Lok Phase 3,3,0
4054,3.0,3.0,4.0,7348.0,5-10,2300.0,1.7,Sector 56,3,1
4055,3.0,3.0,4.0,7608.0,5-10,2300.0,1.75,Sector 56,3,1
4056,3.0,3.0,4.0,7714.0,5-10,1750.0,1.35,Sushant Lok Phase 3,3,0
4057,2.0,2.0,1.0,5894.0,Under Construction,566.0,0.3339999999999999,Sector 81,5,0
4058,3.0,3.0,2.0,4888.0,Under Construction,1350.0,0.66,Gwal Pahari,1,1
4059,3.0,3.0,2.0,5111.0,Under Construction,1350.0,0.69,Gwal Pahari,1,1
4060,3.0,3.0,4.0,8628.0,5-10,1750.0,1.51,Sector 56,3,1
4061,3.0,3.0,4.0,8777.0,5-10,1800.0,1.58,Sector 55,3,1
4062,2.0,2.0,4.0,6498.0,0-1,1385.0,0.9,Sector 106,6,0
4063,4.0,4.0,4.0,8253.0,1-5,3150.0,2.6,Sector 104,6,0
4064,2.0,2.0,3.0,7851.0,Under Construction,1532.0,0.95,Sector 81,2,0
4065,3.0,4.0,4.0,9923.0,1-5,1965.0,1.95,Sector 95,2,1
4066,3.0,3.0,3.0,7765.0,1-5,1996.0,1.55,Sector-33 Sohna,4,0
4067,3.0,3.0,4.0,10543.0,0-1,2134.0,2.25,Sector-33 Sohna,4,0
4068,3.0,3.0,3.0,18660.0,0-1,1789.0,1.7,Sector-33 Sohna,4,1
4069,4.0,4.0,4.0,11425.0,1-5,2407.0,2.75,Sector-33 Sohna,4,0
4070,3.0,3.0,4.0,10476.0,1-5,2100.0,2.2,Sector-33 Sohna,4,0
4071,3.0,3.0,3.0,9223.0,1-5,1789.0,1.65,Sector-33 Sohna,4,0
4072,2.0,2.0,3.0,8080.0,1-5,1423.0,1.01,Sector 103,4,0
4073,4.0,4.0,4.0,24594.0,Under Construction,1850.0,4.55,Sector 63,6,1
4074,4.0,4.0,4.0,24162.0,Under Construction,2239.0,5.41,Sector 63,6,1
4075,4.0,4.0,4.0,24117.0,Under Construction,2239.0,5.4,Sector 63,6,1
4076,3.0,3.0,4.0,24150.0,Under Construction,1677.0,4.05,Sector 63,6,1
4077,3.0,3.0,3.0,23970.0,Under Construction,1627.0,3.9,Sector 63,6,1
4078,4.0,5.0,3.0,23113.905325443782,10+,2704.0,6.25,Sector 54,4,1
4079,4.0,4.0,2.0,20860.0,1-5,3116.0,6.5,Sector 54,5,0
4080,3.0,3.0,3.0,9444.444444444443,Under Construction,2700.0,2.55,Sector 63,6,1
4081,3.0,3.0,3.0,14587.212911235258,Under Construction,1611.0,2.35,Sector 63A,5,1
4082,3.0,3.0,3.0,21875.0,Under Construction,1600.0,3.5,Sector 63A,5,0
4083,3.0,3.0,3.0,14276.846679081316,Under Construction,1611.0,2.3,Sector 63A,5,1
4084,3.0,3.0,3.0,11904.0,Under Construction,1470.0,1.75,Sector 63A,5,0
4085,3.0,3.0,3.0,24074.0,Under Construction,1800.0,3.25,Sector 63,6,1
4086,4.0,3.0,2.0,11666.0,0-1,2200.0,2.1,Sector 67A,4,0
4087,1.0,1.0,2.0,5714.0,1-5,350.0,0.2,Sector 107,4,1
4088,3.0,4.0,4.0,12506.20347394541,Under Construction,2015.0,2.52,Sector 113 Gurgaon,6,1
4089,2.0,2.0,1.0,8591.06529209622,Under Construction,582.0,0.5,Sector 76,3,0
4090,3.0,3.0,3.0,10185.185185185184,5-10,2700.0,2.75,DLF Phase 1,3,1
4091,4.0,4.0,3.0,14660.493827160491,0-1,3240.0,4.75,Nirvana Country,3,0
4092,2.0,2.0,1.0,14829.0,Under Construction,1261.0,1.87,Sector 65,5,1
4093,3.0,3.0,2.0,12727.0,1-5,1650.0,2.1,Sector 49,2,0
4094,3.0,3.0,3.0,13631.0,Under Construction,2054.0,2.8,Sector 65,5,1
4095,4.0,4.0,3.0,15325.670498084291,0-1,2610.0,4.0,Nirvana Country,3,0
4096,2.0,2.0,2.0,9118.0,0-1,1020.0,0.93,Sector 65,4,0
4097,3.0,3.0,2.0,9663.0,Under Construction,1190.0,1.15,Sector 81,2,1
4098,3.0,3.0,2.0,8230.45267489712,0-1,2430.0,2.0,Sector 40,3,1
4099,3.0,3.0,2.0,14714.0,Under Construction,1665.0,2.45,Sector 113 Gurgaon,5,1
4100,2.0,2.0,2.0,4386.0,1-5,737.0,0.3233,Sohna,0,1
4101,2.0,2.0,1.0,4569.0,1-5,743.0,0.34,Sohna,0,1
4102,4.0,5.0,4.0,8911.0,0-1,3198.0,2.85,Sector 102,4,0
4103,3.0,4.0,3.0,8527.0,1-5,1935.0,1.73,Sector 70,3,0
4104,3.0,2.0,2.0,12434.0,1-5,1705.0,2.25,Sector 59,4,0
4105,3.0,3.0,3.0,8205.0,0-1,1950.0,1.6,Sector 70,3,0
4106,4.0,4.0,4.0,12163.0,1-5,3050.0,2.98,Sector 40,2,1
4107,9.0,9.0,4.0,9154.0,0-1,2840.0,2.6,Sushant Lok Phase 1,3,0
4108,2.0,2.0,2.0,12500.0,1-5,1400.0,1.75,Sector 61,5,0
4109,2.0,2.0,2.0,12142.0,1-5,1400.0,1.7,Sector 61,5,0
4110,2.0,2.0,2.0,19101.0,10+,1155.0,1.7,DLF Phase 5,5,0
4111,2.0,2.0,2.0,13000.0,1-5,1370.0,1.3,Sector 68,4,0
4112,4.0,4.0,3.0,12666.666666666666,0-1,4500.0,5.7,DLF Phase 1,6,0
4113,4.0,4.0,3.0,12345.67901234568,1-5,3240.0,4.0,DLF Phase 4,0,0
4114,5.0,7.0,3.0,27679.0,1-5,4937.0,13.6651223,Sector 62,4,0
4115,4.0,4.0,3.0,9854.644000985463,0-1,4059.0,4.0,South City 2,3,1
4116,3.0,2.0,2.0,4761.0,5-10,1302.0,0.62,Sector 109,3,1
4117,4.0,4.0,4.0,6861.0,0-1,2390.0,1.64,Sector 37D,4,0
4118,2.0,2.0,4.0,10736.0,0-1,1404.0,1.02,Sector 91,3,1
4119,3.0,3.0,4.0,7518.0,0-1,1862.0,1.4,Sector 91,3,0
4120,2.0,2.0,2.0,9200.0,0-1,1310.0,0.92,Sector 91,3,0
4121,3.0,4.0,4.0,6896.0,0-1,2320.0,1.6,Sector 91,3,0
4122,3.0,2.0,4.0,7804.0,0-1,1435.0,1.12,Sector-33 Sohna,4,1
4123,2.0,2.0,2.0,11600.0,Under Construction,1250.0,1.45,Sector 61,6,0
4124,4.0,6.0,4.0,12376.0,1-5,4848.0,6.0,Sector 112,4,1
4125,3.0,5.0,2.0,16706.0,1-5,3763.0,4.8,Sector 112,4,1
4126,3.0,3.0,4.0,13561.0,1-5,2802.0,3.8,Sector 112,4,1
4127,2.0,2.0,4.0,14955.0,1-5,2441.0,2.9,Sector 112,4,1
4128,4.0,4.0,2.0,8847.736625514402,0-1,2430.0,2.15,Sector 67A,5,1
4129,3.0,3.0,4.0,9214.0,Under Construction,1845.0,1.7,Sector 103,2,0
4130,4.0,5.0,3.0,25517.0,5-10,2704.0,6.9,Sector 54,4,1
4131,2.0,2.0,2.0,4105.0,1-5,950.0,0.39,Sohna,4,1
4132,3.0,3.0,4.0,8533.0,Under Construction,1500.0,1.28,Sector 93,4,0
4133,2.0,2.0,3.0,8316.0,Under Construction,1010.0,0.84,Sector 92,4,0
4134,2.0,2.0,2.0,11772.0,1-5,1444.0,1.7,Sohna,4,1
4135,1.0,2.0,3.0,7500.0,1-5,1122.0,0.79,Sector 88A,4,0
4136,3.0,4.0,4.0,8078.0,5-10,2290.0,1.95,Sector 104,6,0
4137,5.0,5.0,4.0,10886.0,1-5,3950.0,4.3,Sector 70,6,1
4138,3.0,3.0,2.0,9767.0,1-5,2150.0,2.1,Sector 40,3,0
4139,3.0,3.0,2.0,10707.0,1-5,1980.0,2.12,Sector 45,2,0
4140,3.0,3.0,2.0,10769.0,1-5,1950.0,2.1,Sector 45,2,0
4141,3.0,3.0,2.0,9743.0,1-5,1950.0,1.9,Sector 45,2,0
4142,2.0,2.0,3.0,6967.0,1-5,531.0,0.37,Sohna,3,1
4143,2.0,2.0,2.0,6239.0,1-5,950.0,0.38,Sohna,4,1
4144,2.0,2.0,2.0,5920.0,10+,929.0,0.55,Valley View Estate,2,1
4145,2.0,2.0,2.0,5705.0,10+,929.0,0.53,Valley View Estate,2,1
4146,3.0,4.0,2.0,9716.0,0-1,2367.0,2.3,Sector 27,3,1
4147,4.0,4.0,2.0,10648.0,0-1,2160.0,2.3,Ardee City,2,1
4148,2.0,2.0,3.0,7179.0,0-1,1741.0,1.25,Sector 85,4,1
4149,3.0,4.0,2.0,8847.736625514402,0-1,2430.0,2.15,Sector 46,2,1
4150,3.0,2.0,2.0,10439.0,0-1,1389.0,1.45,Sector 104,5,1
4151,2.0,2.0,2.0,10603.0,0-1,1226.0,1.3,Sector 70A,4,0
4152,4.0,4.0,2.0,7142.0,1-5,3500.0,2.5,South City 1,3,0
4153,3.0,3.0,2.0,10810.0,1-5,1850.0,2.0,Sector 45,2,0
4154,3.0,3.0,2.0,11111.0,1-5,1800.0,2.0,Sector 45,3,0
4155,3.0,3.0,2.0,10000.0,1-5,1800.0,1.8,Sector 46,2,0
4156,3.0,3.0,2.0,10095.0,1-5,2100.0,2.12,Sector 31,2,0
4157,3.0,3.0,2.0,10000.0,1-5,2100.0,2.1,Sector 31,2,0
4158,5.0,6.0,4.0,28423.0,5-10,1935.0,5.5,Sushant Lok Phase 1,3,1
4159,3.0,3.0,2.0,13250.0,0-1,2000.0,2.65,South City 1,3,1
4160,4.0,5.0,2.0,18333.0,0-1,3000.0,5.5,South City 1,3,1
4161,4.0,4.0,2.0,12037.0,0-1,2700.0,3.25,Sushant Lok Phase 1,3,1
4162,2.0,2.0,4.0,5709.0,Under Construction,1385.0,0.7906,Sector-33 Sohna,4,1
4163,3.0,3.0,4.0,6337.0,Under Construction,1929.0,1.22,Sector-33 Sohna,4,1
4164,2.0,3.0,4.0,4500.0,Under Construction,1153.0,0.5192,Sohna,4,1
4165,2.0,2.0,2.0,3798.0,1-5,737.0,0.28,Sohna,0,0
4166,2.0,2.0,1.0,4782.0,1-5,585.0,0.28,Sohna,6,1
4167,2.0,2.0,2.0,6275.0,1-5,950.0,0.375,Sohna,4,0
4168,3.0,3.0,2.0,11627.0,1-5,1935.0,2.25,Sushant Lok Phase 1,3,1
4169,2.0,2.0,4.0,7187.0,1-5,584.0,0.42,Sohna,3,0
4170,3.0,3.0,2.0,9722.0,5-10,1800.0,1.75,Sector 43,3,1
4171,3.0,3.0,2.0,11944.0,5-10,1800.0,2.15,Sushant Lok Phase 1,3,0
4172,4.0,4.0,2.0,8571.0,5-10,2800.0,2.4,Sector 43,3,1
4173,4.0,4.0,3.0,15555.555555555557,0-1,2250.0,3.5,Suncity,3,1
4174,3.0,3.0,2.0,9333.0,1-5,2250.0,2.1,South City 2,3,0
4175,3.0,2.0,2.0,6230.0,10+,1300.0,0.81,Valley View Estate,2,1
4176,4.0,4.0,3.0,11620.185922974768,0-1,4518.0,5.25,Suncity,3,1
4177,3.0,3.0,2.0,9523.0,1-5,2100.0,2.0,Malibu Town,2,0
4178,3.0,3.0,2.0,10555.0,1-5,1800.0,1.9,Malibu Town,2,0
4179,3.0,3.0,3.0,13100.0,Under Construction,2400.0,3.14,Sector 76,6,0
4180,3.0,3.0,3.0,13100.0,Under Construction,2200.0,2.88,Sector 76,6,0
4181,3.0,3.0,2.0,5000.0,1-5,2100.0,1.05,Sector 83,6,1
4182,4.0,7.0,4.0,6122.0,5-10,4900.0,3.0,Sector 103,4,0
4183,3.0,3.0,4.0,9094.0,Under Construction,1870.0,1.7,Sector 63,3,1
4184,3.0,3.0,3.0,6233.0,Under Construction,2150.0,1.34,Sector 85,4,0
4185,2.0,2.0,2.0,6233.0,Under Construction,1444.0,0.9,Sector 3,5,1
4186,2.0,2.0,4.0,5712.0,Under Construction,1385.0,0.7909999999999999,Sector-33 Sohna,4,1
4187,3.0,4.0,2.0,6123.0,0-1,1960.0,1.2,Sohna,4,0
4188,3.0,2.0,3.0,4632.0,Under Construction,2515.0,1.17,Sector-33 Sohna,2,0
4189,3.0,3.0,2.0,5640.0,0-1,1720.0,0.97,Sohna,4,1
4190,3.0,3.0,4.0,5800.0,0-1,1751.0,1.02,Sohna,2,0
4191,2.0,2.0,2.0,5883.0,0-1,1275.0,0.75,Sohna,4,0
4192,3.0,2.0,4.0,7819.0,Under Construction,1650.0,1.29,Sector 106,5,1
4193,2.0,2.0,3.0,7654.0,Under Construction,1385.0,1.06,Sector 106,5,1
4194,4.0,4.0,4.0,8086.0,Under Construction,2350.0,1.9,Sohna,3,1
4195,3.0,2.0,2.0,13063.0,Under Construction,1359.0,1.78,Sector 104,5,1
4196,2.0,2.0,3.0,6372.0,Under Construction,1444.0,0.92,Sector 3,5,1
4197,4.0,5.0,4.0,7502.467917077986,Under Construction,2026.0,1.52,Sector 106,5,1
4198,2.0,1.0,3.0,4500.0,Under Construction,845.0,0.3804,Sohna,4,1
4199,3.0,3.0,2.0,6252.232940335834,1-5,2799.0,1.75,Uppals Southend,2,1
4200,3.0,2.0,3.0,5808.080808080808,5-10,1980.0,1.15,Uppals Southend,2,1
4201,4.0,4.0,4.0,13611.111111111111,5-10,1800.0,2.45,Sector 50,3,1
4202,4.0,4.0,2.0,9814.814814814816,0-1,2700.0,2.65,Sector 48,5,1
4203,3.0,3.0,3.0,11666.666666666666,0-1,1800.0,2.1,Sector 50,3,1
4204,4.0,5.0,2.0,9444.444444444443,0-1,4500.0,4.25,Uppals Southend,2,1
4205,3.0,3.0,4.0,9090.0,Under Construction,1760.0,1.6,Sector 93,4,1
4206,3.0,3.0,2.0,9435.0,0-1,1950.0,1.84,Sector 70,3,1
4207,2.0,2.0,2.0,4583.0,1-5,1200.0,0.55,Sector 92,3,1
4208,3.0,3.0,2.0,12916.0,0-1,1800.0,1.55,Sector 57,3,1
4209,3.0,2.0,2.0,6504.0,Under Construction,1522.0,0.99,Sector 95,4,1
4210,3.0,3.0,2.0,6311.0,Under Construction,1822.0,1.15,Sector 95,4,1
4211,4.0,4.0,4.0,25000.0,10+,2300.0,5.75,DLF Phase 5,4,0
4212,3.0,3.0,3.0,25970.0,10+,1983.0,5.15,Sector 54,3,0
4213,4.0,5.0,3.0,22222.222222222223,0-1,3150.0,7.0,MG Road,4,0
4214,4.0,4.0,4.0,25789.0,10+,2249.0,5.8,DLF Phase 5,4,0
4215,5.0,6.0,4.0,23875.96899224806,1-5,1935.0,4.62,Sector 108,3,1
4216,5.0,4.0,4.0,10380.0,5-10,2890.0,3.0,Sector 28,3,0
4217,3.0,3.0,3.0,7352.0,5-10,2244.0,1.65,Sector 84,4,0
4218,4.0,4.0,2.0,9090.90909090909,0-1,2475.0,2.25,Sector 57,3,1
4219,4.0,4.0,2.0,17045.0,0-1,2600.0,3.75,Malibu Town,2,1
4220,3.0,3.0,2.0,13100.0,1-5,1450.0,1.9,South City 1,3,1
4221,2.0,3.0,3.0,8183.0,0-1,1283.0,1.05,Sector 108,4,0
4222,3.0,5.0,2.0,17498.0,0-1,2343.0,4.1,Sector 108,5,0
4223,2.0,3.0,3.0,8183.0,1-5,1283.0,1.05,Sector 108,4,0
4224,3.0,5.0,4.0,12912.0,1-5,3090.0,3.99,Sector 22,6,0
4226,3.0,3.0,4.0,8518.518518518518,5-10,2700.0,2.3,DLF Phase 2,3,0
4227,3.0,3.0,4.0,8888.888888888889,5-10,2700.0,2.4,DLF Phase 2,3,1
4228,3.0,3.0,4.0,9074.074074074077,5-10,2700.0,2.45,DLF Phase 2,3,1
4229,4.0,4.0,4.0,11132.0,Under Construction,2650.0,2.95,Sector 85,4,0
4230,3.0,3.0,3.0,12140.0,0-1,2018.0,2.45,Sector 74,6,0
4231,2.0,2.0,3.0,13605.0,5-10,1470.0,2.0,Sector 67,4,0
4233,3.0,3.0,3.0,10301.0,Under Construction,1359.0,1.4,Sector 104,5,1
4234,3.0,3.0,3.0,13963.0,1-5,1683.0,2.35,Sector 66,3,0
4235,5.0,5.0,3.0,14411.0,0-1,3400.0,4.9,Sector 50,3,1
4236,2.0,2.0,3.0,10710.0,0-1,915.0,0.98,Sector 102,4,1
4237,2.0,2.0,4.0,14961.0,Under Construction,1310.0,1.96,Sector 113 Gurgaon,5,0
4238,2.0,2.0,1.0,5564.0,0-1,950.0,0.35,Sohna,6,0
4239,2.0,2.0,2.0,7630.0,1-5,1245.0,0.95,Sector 83,5,0
4240,2.0,2.0,4.0,8161.0,5-10,1360.0,1.11,Sector 81,5,0
4241,3.0,4.0,4.0,11145.0,5-10,2557.0,2.85,Sector 48,5,0
4242,4.0,6.0,4.0,12578.0,1-5,3975.0,5.0,Sector 22,6,0
4243,3.0,3.0,2.0,7152.0,Under Construction,1802.0,1.1,Sector 92,4,1
4244,4.0,5.0,4.0,9478.0,10+,2954.0,2.8,Sector 28,3,0
4245,4.0,5.0,3.0,13670.0,5-10,2999.0,4.1,Sector 49,2,0
4246,3.0,3.0,4.0,14771.0,10+,1354.0,2.0,Sector 28,3,0
4247,3.0,4.0,3.0,13743.0,10+,2583.0,3.55,Sector 28,3,0
4248,4.0,5.0,4.0,15036.0,10+,3026.0,4.55,Sector 28,3,0
4249,3.0,5.0,3.0,31304.0,10+,2875.0,9.0,Sector 54,3,0
4250,4.0,6.0,4.0,11344.0,5-10,4848.0,6.0,Sector 112,4,0
4251,5.0,5.0,4.0,11726.0,5-10,3880.0,4.6,Sector 110,6,0
4252,4.0,5.0,3.0,10705.0,5-10,3400.0,3.64,Sector 110,6,0
4253,3.0,3.0,3.0,9946.0,Under Construction,1689.0,1.68,Sector 104,5,1
4254,4.0,5.0,3.0,10147.0,5-10,3400.0,3.45,Sector 110,6,0
4255,3.0,2.0,2.0,10079.0,Under Construction,1389.0,1.4,Sector 104,5,0
4256,2.0,2.0,2.0,9554.0,Under Construction,1099.0,1.08,Sector 104,5,0
4257,2.0,2.0,2.0,9032.0,5-10,1550.0,1.48,Sector 104,6,0
4258,4.0,5.0,4.0,10139.0,5-10,2860.0,2.95,Sector 102,6,0
4259,4.0,5.0,4.0,9866.0,5-10,2554.0,2.55,Sector 102,6,0
4260,3.0,4.0,4.0,10702.0,5-10,2149.0,2.35,Sector 102,6,0
4261,3.0,4.0,4.0,9577.0,5-10,1942.0,1.9,Sector 102,6,0
4262,3.0,3.0,3.0,9575.0,5-10,1650.0,1.58,Sector 102,4,0
4263,4.0,4.0,4.0,11559.0,1-5,2180.0,2.65,Sector 102,4,0
4264,2.0,2.0,2.0,10448.0,5-10,1359.0,1.42,Sector 102,4,0
4265,4.0,5.0,4.0,9693.0,5-10,3198.0,3.05,Sector 102,4,0
4266,3.0,3.0,3.0,10361.0,5-10,1689.0,1.75,Sector 102,4,0
4267,3.0,3.0,2.0,7334.066740007334,5-10,2727.0,2.0,Sector 102,5,0
4268,3.0,3.0,2.0,6888.888888888889,5-10,2250.0,1.55,Sector 102,5,0
4269,4.0,6.0,4.0,8173.0,5-10,2875.0,2.35,Sector 103,4,0
4270,3.0,3.0,4.0,8000.0,5-10,2000.0,1.6,Sector 103,4,0
4271,3.0,3.0,4.0,8157.0,5-10,1900.0,1.55,Sector 103,4,0
4272,3.0,3.0,4.0,7826.0,5-10,1725.0,1.35,Sector 103,4,0
4273,2.0,2.0,3.0,7765.0,5-10,1481.0,1.15,Sector 103,4,0
4274,2.0,2.0,3.0,7589.0,5-10,1423.0,1.08,Sector 103,4,0
4275,2.0,2.0,3.0,8000.0,5-10,1250.0,0.95,Sector 103,4,0
4276,4.0,4.0,4.0,14522.0,Under Construction,2720.0,3.95,Sector 106,5,0
4277,3.0,4.0,4.0,14485.0,Under Construction,2002.0,2.9,Sector 106,5,0
4278,3.0,3.0,2.0,13230.0,Under Construction,1625.0,2.15,Sector 106,5,0
4279,2.0,2.0,4.0,11713.0,Under Construction,1366.0,1.6,Sector 106,5,0
4280,4.0,6.0,4.0,7006.0,5-10,2355.0,1.65,Sector 106,6,0
4281,3.0,4.0,3.0,6842.0,5-10,1900.0,1.3,Sector 106,6,0
4282,2.0,2.0,4.0,7220.0,5-10,1385.0,1.0,Sector 106,6,0
4283,4.0,5.0,4.0,7283.0,5-10,2746.0,2.1,Sector 107,2,0
4284,3.0,4.0,4.0,6988.0,5-10,2361.0,1.7,Sector 107,2,0
4285,3.0,3.0,3.0,7411.0,5-10,1943.0,1.45,Sector 107,2,0
4286,2.0,2.0,3.0,6649.0,5-10,1534.0,1.02,Sector 107,2,0
4287,4.0,5.0,4.0,11500.0,5-10,2597.0,2.3,Sector 72,2,1
4288,2.0,2.0,4.0,6222.0,5-10,1366.0,0.9,Sector 107,2,0
4289,2.0,3.0,3.0,7482.0,5-10,1283.0,1.0,Sector 108,4,0
4290,4.0,5.0,4.0,18880.0,Under Construction,2913.0,5.5,Sector 108,5,0
4291,4.0,4.0,4.0,16966.0,Under Construction,2446.0,4.15,Sector 108,5,0
4292,4.0,4.0,4.0,5712.0,5-10,2836.0,1.62,Sector 109,1,0
4293,3.0,3.0,3.0,6680.0,5-10,1871.0,1.25,Sector 109,1,0
4294,4.0,4.0,3.0,29166.666666666668,5-10,3600.0,10.5,Sector 109,6,1
4295,4.0,4.0,4.0,7364.0,5-10,3055.0,2.25,Sector 109,1,0
4296,2.0,2.0,2.0,8478.0,5-10,613.0,0.52,Sector 103,2,0
4297,2.0,2.0,2.0,8561.0,5-10,584.0,0.5,Sector 103,2,1
4298,4.0,5.0,4.0,10865.0,10+,2577.0,2.8,Sector 48,4,0
4299,2.0,2.0,1.0,10769.0,1-5,800.0,0.56,Sector 67,3,1
4300,4.0,4.0,2.0,16420.0,1-5,2500.0,4.11,DLF Phase 2,3,1
4301,2.0,2.0,1.0,9644.0,0-1,591.0,0.57,Sector 67A,2,1
4302,4.0,4.0,2.0,19680.0,1-5,2500.0,4.59,DLF Phase 2,3,1
4303,4.0,4.0,2.0,16363.0,0-1,2200.0,3.6,Sushant Lok Phase 1,3,1
4304,4.0,4.0,2.0,17500.0,0-1,2200.0,3.85,Sushant Lok Phase 1,3,1
4305,3.0,3.0,2.0,16666.0,0-1,1500.0,2.5,Sushant Lok Phase 1,3,1
4306,2.0,2.0,1.0,10769.0,5-10,1040.0,1.12,Sector 50,3,0
4307,3.0,3.0,3.0,15975.0,Under Construction,2410.0,3.85,Sector 62,3,0
4308,3.0,4.0,2.0,16252.0,1-5,2215.0,3.6,Sector 111,4,0
4309,3.0,3.0,3.0,5838.0,1-5,2826.0,1.65,Sector 47,2,0
4310,3.0,3.0,3.0,6372.0,1-5,2550.0,1.63,Sector 47,2,0
4311,3.0,3.0,3.0,6432.0,1-5,2565.0,1.65,Sector 47,2,0
4312,4.0,6.0,4.0,17766.0,0-1,2955.0,6.25,Sector 65,3,0
4313,4.0,6.0,4.0,24166.0,5-10,3931.0,9.5,Sector 48,5,0
4314,4.0,6.0,4.0,13711.0,10+,4376.0,6.0,DLF Phase 2,3,0
4315,4.0,6.0,4.0,25324.0,5-10,3850.0,9.75,Sector 54,3,0
4316,4.0,6.0,4.0,20725.0,5-10,3860.0,9.5,Sector 54,3,0
4317,4.0,6.0,4.0,30189.0,1-5,3541.0,10.6899249,Sector 54,5,0
4318,3.0,2.0,3.0,8206.0,1-5,1645.0,1.35,Sector 81,5,0
4319,2.0,2.0,2.0,7874.0,1-5,1270.0,1.0,Sector 84,4,0
4320,3.0,2.0,4.0,5936.0,Under Construction,1420.0,0.843,Sector 92,4,0
4321,4.0,4.0,4.0,8598.0,0-1,2675.0,2.3,Sector 79,3,0
4322,4.0,4.0,3.0,8602.0,1-5,2325.0,2.0,Sector 92,4,0
4323,4.0,4.0,3.0,9032.0,1-5,2325.0,2.1,Sector 92,4,0
4324,4.0,4.0,3.0,9264.0,Under Construction,1835.0,1.7,Sector 92,4,0
4325,4.0,4.0,4.0,10116.0,0-1,2570.0,2.6,Sector-33 Sohna,4,0
4326,4.0,4.0,3.0,11158.0,Under Construction,2599.0,2.9,Sector 85,4,0
4327,4.0,4.0,3.0,9592.0,Under Construction,2085.0,2.0,Sector 91,1,0
4328,4.0,4.0,3.0,10384.0,Under Construction,1926.0,2.0,Sector 92,4,1
4329,5.0,5.0,4.0,8561.0,Under Construction,3504.0,3.0,Sector 91,1,0
4330,3.0,3.0,4.0,6481.481481481482,5-10,2160.0,1.4,Sector 50,3,0
4331,3.0,3.0,1.0,19354.0,10+,1550.0,3.0,DLF Phase 5,5,1
4332,4.0,4.0,3.0,22050.0,5-10,2721.0,6.0,Sector 54,4,0
4333,3.0,4.0,4.0,25214.0,5-10,1983.0,5.0,Sector 54,4,0
4334,3.0,3.0,1.0,10193.0,1-5,1929.0,1.58,Sector 86,4,0
4335,4.0,4.0,3.0,20000.0,10+,3000.0,6.0,Sector 54,4,0
4336,3.0,4.0,2.0,11111.0,1-5,1800.0,2.0,Sector 9,2,1
4337,4.0,4.0,4.0,11839.0,0-1,3142.0,3.72,Sector 102,5,0
4338,4.0,4.0,4.0,17063.0,1-5,2227.0,3.8,Sector 102,5,1
4339,2.0,2.0,1.0,8689.0,Under Construction,1450.0,1.26,Sector 85,4,0
4340,4.0,5.0,4.0,7122.507122507122,1-5,3510.0,2.5,Sector 48,5,1
4341,4.0,4.0,2.0,6481.481481481482,0-1,2700.0,1.75,Sector 67A,1,0
4342,3.0,3.0,2.0,8491.0,1-5,1790.0,1.52,Sector 81,5,1
4343,3.0,3.0,2.0,10588.0,0-1,1700.0,1.8,Sector 63A,6,1
4344,3.0,3.0,3.0,16724.0,1-5,2003.0,3.35,Sector 108,5,0
4345,3.0,4.0,3.0,25855.0,Under Construction,2003.0,3.31,Sector 108,5,1
4346,5.0,7.0,4.0,24483.0,10+,4595.0,11.2499385,Sector 54,3,0
4347,4.0,4.0,2.0,7777.777777777777,0-1,4500.0,3.5,Uppals Southend,2,1
4348,3.0,3.0,4.0,11960.0,0-1,2132.0,2.55,Sector 81,5,0
4349,4.0,4.0,3.0,22285.0,Under Construction,3684.0,8.21,Sector 53,3,1
4350,4.0,4.0,3.0,23095.0,5-10,4200.0,9.7,Sector 54,3,1
4351,4.0,6.0,4.0,24781.0,5-10,3430.0,8.5,Sector 54,3,1
4352,4.0,4.0,3.0,23458.0,5-10,3065.0,7.19,Sector 54,3,1
4353,4.0,4.0,3.0,24340.0,5-10,2917.0,7.1,Sector 54,3,1
4354,3.0,4.0,2.0,20975.0,5-10,2500.0,4.99,Sector 54,3,1
4355,3.0,3.0,2.0,12615.0,Under Construction,1625.0,2.11,Sector 106,5,0
4356,3.0,3.0,2.0,8888.0,0-1,1800.0,1.6,Sector 48,5,1
4357,4.0,4.0,3.0,8035.0,Under Construction,2800.0,2.25,Sector 84,4,1
4358,4.0,4.0,4.0,19588.953114964675,10+,1557.0,3.05,Palam Vihar,2,1
4359,3.0,3.0,2.0,11320.0,5-10,1325.0,1.5,Sector 48,5,1
4360,3.0,3.0,4.0,8571.0,5-10,1750.0,1.5,Sector 109,4,1
4361,3.0,4.0,4.0,8771.0,0-1,1995.0,1.75,Sector 92,4,0
4362,3.0,3.0,2.0,11574.0,0-1,2160.0,2.5,Greenwood City,3,0
4363,4.0,4.0,2.0,11184.0,1-5,3800.0,4.25,Sushant Lok Phase 1,3,0
4364,4.0,4.0,2.0,13175.0,0-1,4516.0,5.95,South City 1,3,0
4365,4.0,5.0,3.0,12062.0,0-1,4518.0,5.45,South City 1,3,0
4366,4.0,5.0,3.0,11066.0,0-1,4518.0,5.0,South City 1,3,0
4367,4.0,5.0,2.0,10648.0,0-1,3240.0,3.45,South City 1,3,1
4368,4.0,4.0,3.0,9259.0,0-1,3240.0,3.0,South City 1,3,0
4369,4.0,4.0,2.0,11515.0,0-1,2475.0,2.85,South City 1,3,0
4370,4.0,4.0,2.0,11428.0,0-1,2275.0,2.6,South City 1,3,0
4371,4.0,4.0,2.0,10303.0,0-1,2475.0,2.55,South City 1,3,1
4372,3.0,3.0,2.0,10879.0,0-1,2160.0,2.35,South City 1,3,0
4373,3.0,3.0,2.0,11728.0,0-1,1620.0,1.9,South City 1,3,0
4374,3.0,3.0,2.0,12345.0,0-1,1620.0,2.0,South City 1,3,0
4375,3.0,3.0,2.0,10416.0,0-1,2160.0,2.25,South City 1,3,0
4376,2.0,2.0,2.0,10425.0,10+,1199.0,1.25,Sector 41,3,0
4377,3.0,3.0,4.0,9876.0,0-1,2025.0,2.0,Sector 77,6,0
4378,4.0,5.0,4.0,9626.0,5-10,2597.0,2.5,Sector 72,2,0
4379,3.0,3.0,4.0,11895.0,10+,1345.0,1.6,Sushant Lok Phase 1,3,0
4380,3.0,3.0,4.0,11949.0,1-5,1590.0,1.9,Sector-33 Sohna,5,0
4381,3.0,4.0,3.0,13630.0,1-5,2531.0,3.45,Nirvana Country,4,0
4382,3.0,3.0,4.0,6481.0,1-5,2700.0,1.75,Nirvana Country,3,0
4383,4.0,5.0,2.0,28260.0,0-1,2300.0,6.5,DLF Phase 1,4,1
4384,3.0,4.0,2.0,23128.49162011173,0-1,2685.0,6.21,MG Road,4,0
4385,3.0,3.0,1.0,16296.0,5-10,1519.0,2.2,DLF Phase 2,5,1
4386,3.0,3.0,2.0,11616.161616161617,0-1,1980.0,2.3,Sector 42,3,1
4387,4.0,4.0,2.0,8793.0,1-5,2900.0,2.55,Sector 46,2,0
4388,4.0,5.0,4.0,11217.0,1-5,2407.0,2.7,Sector-33 Sohna,5,1
4389,3.0,3.0,3.0,12387.0,5-10,1776.0,2.2,Sector 48,5,0
4390,3.0,3.0,2.0,27948.0,Under Construction,1950.0,5.45,DLF Phase 5,4,1
4391,3.0,3.0,3.0,18929.0,Under Construction,2298.0,4.35,Sector 53,3,1
4392,2.0,2.0,1.0,7706.0,1-5,925.0,0.42,Sector 37C,2,0
4393,4.0,4.0,4.0,13687.0,1-5,3200.0,4.38,Sector 59,4,0
4394,3.0,3.0,2.0,10256.0,1-5,1950.0,2.0,Malibu Town,2,0
4395,3.0,3.0,2.0,9743.0,1-5,1950.0,1.9,Malibu Town,2,0
4396,2.0,2.0,1.0,5479.0,1-5,810.0,0.4,Sector 37C,2,0
4397,3.0,3.0,3.0,9629.0,0-1,2025.0,1.95,Sector 77,6,0
4398,3.0,3.0,4.0,12857.0,0-1,1789.0,1.8,Sector-33 Sohna,4,0
4399,3.0,3.0,2.0,10000.0,1-5,2200.0,2.2,South City 1,3,0
4400,3.0,3.0,2.0,11052.0,1-5,1900.0,2.1,South City 2,3,0
4401,3.0,3.0,2.0,9743.0,1-5,1950.0,1.9,South City 2,3,0
4402,3.0,3.0,2.0,9302.0,1-5,2150.0,2.0,Sector 31,2,0
4403,3.0,3.0,3.0,10645.0,1-5,1550.0,1.65,Nirvana Country,3,1
4404,3.0,3.0,2.0,9302.0,1-5,2150.0,2.0,Sector 40,3,0
4405,3.0,3.0,2.0,9860.0,1-5,2150.0,2.12,Sector 31,2,0
4406,4.0,4.0,4.0,13906.0,1-5,3200.0,4.45,Sector 59,4,0
4407,3.0,3.0,2.0,9813.0,1-5,2150.0,2.11,Sector 31,2,0
4408,3.0,3.0,3.0,9497.0,0-1,1790.0,1.7,Sector-33 Sohna,4,0
4409,4.0,4.0,3.0,10400.0,0-1,2600.0,2.6,Sector-33 Sohna,4,0
4410,3.0,4.0,3.0,20384.0,1-5,2719.0,5.3,Sector 48,5,0
4411,3.0,3.0,3.0,8571.0,1-5,2100.0,1.8,Sector-33 Sohna,4,0
4412,4.0,5.0,4.0,12297.0,5-10,2846.0,3.5,Sector 48,4,0
4413,3.0,5.0,4.0,21177.0,5-10,2479.0,5.25,Sector 53,5,0
4414,4.0,5.0,2.0,11055.0,0-1,3618.0,4.0,Sushant Lok Phase 1,3,1
4415,4.0,4.0,4.0,9941.0,1-5,2062.0,2.05,Sector 66,5,0
4416,3.0,4.0,3.0,8620.0,1-5,1450.0,1.25,Sector 77,4,0
4417,4.0,4.0,2.0,14259.0,0-1,2700.0,3.85,DLF Phase 1,3,0
4418,3.0,3.0,4.0,8553.0,1-5,1929.0,1.65,Sector 86,4,0
4419,2.0,1.0,1.0,11818.0,10+,1100.0,1.3,South City 1,3,0
4420,3.0,4.0,3.0,10970.0,5-10,2370.0,2.6,Sector 57,2,0
4421,3.0,2.0,2.0,12500.0,5-10,2160.0,1.75,South City 1,3,1
4422,3.0,4.0,3.0,10000.0,1-5,1900.0,1.9,Sector 83,4,0
4423,4.0,3.0,3.0,8750.0,5-10,2400.0,2.1,Sector 56,3,0
4424,2.0,2.0,3.0,23333.0,1-5,1667.0,3.5,Sector 48,5,0
4425,2.0,1.0,0.0,13793.0,10+,600.0,0.52,Sector 56,3,1
4426,3.0,3.0,2.0,25427.350427350422,1-5,936.0,2.38,Sector 46,2,1
4427,3.0,3.0,3.0,13671.0,1-5,2225.0,3.5,Sector 113 Gurgaon,4,0
4428,3.0,4.0,3.0,20331.95020746888,Under Construction,2892.0,5.88,Sector 53,3,1
4429,3.0,3.0,2.0,11726.0,0-1,2132.0,2.5,Sector 81,5,0
4430,3.0,4.0,3.0,19993.0,Under Construction,3216.0,6.43,Sector 53,3,1
4431,4.0,4.0,3.0,26190.0,5-10,4200.0,10.9998,Sector 54,3,1
4432,4.0,4.0,3.0,23773.0,Under Construction,2650.0,6.3,Sector 59,6,1
4433,4.0,4.0,3.0,10000.0,Under Construction,3100.0,3.1,Sector 82A,5,1
4434,4.0,4.0,3.0,14749.0,0-1,3390.0,5.0,Sector 53,4,1
4435,4.0,6.0,2.0,22419.0,1-5,3160.0,6.95,Sector 54,6,1
4436,4.0,4.0,2.0,11254.019292604502,Under Construction,2799.0,3.15,Uppals Southend,2,1
4437,4.0,4.0,2.0,10003.572704537337,Under Construction,2799.0,2.8,Uppals Southend,2,1
4438,4.0,4.0,2.0,10360.84315827081,Under Construction,2799.0,2.9,Uppals Southend,2,1
4439,3.0,5.0,3.0,18208.0,1-5,2470.0,4.37,Sector 47,4,0
4440,2.0,2.0,2.0,31172.0,0-1,802.0,2.5,Sector 62,5,0
4441,2.0,2.0,2.0,16500.0,5-10,1287.0,1.65,Sector 66,6,0
4442,3.0,3.0,2.0,8387.0,5-10,1550.0,1.3,Uppals Southend,2,1
4443,3.0,3.0,2.0,11612.0,5-10,1550.0,1.8,Uppals Southend,2,1
4444,3.0,3.0,3.0,15454.0,1-5,2200.0,3.4,Sector 66,6,0
4445,3.0,3.0,3.0,20000.0,0-1,2500.0,4.2,Sector 62,5,1
4446,2.0,2.0,2.0,7495.0,1-5,587.0,0.44,Sector 99,4,1
4447,2.0,2.0,2.0,10330.0,1-5,1210.0,1.25,Sector-33 Sohna,5,0
4448,3.0,3.0,3.0,23404.0,Under Construction,3525.0,8.25,Sector 65,5,0
4449,3.0,3.0,3.0,11235.955056179777,1-5,2403.0,2.7,Sector 65,2,0
4450,4.0,5.0,3.0,13898.0,1-5,3612.0,5.02,Sector 67,4,0
4451,3.0,3.0,4.0,7608.0,0-1,2300.0,1.75,sector 83,1,1
4452,3.0,3.0,4.0,8583.0,1-5,1485.0,1.03,Sector 71,5,0
4453,2.0,2.0,2.0,9545.0,5-10,1800.0,1.05,Uppals Southend,2,1
4454,3.0,3.0,3.0,6481.0,1-5,1620.0,1.12,Sector 71,5,0
4455,3.0,3.0,2.0,9375.0,1-5,2403.0,1.5,Uppals Southend,2,1
4456,3.0,3.0,3.0,9395.0,0-1,1490.0,1.4,Sector 79,5,1
4457,3.0,4.0,4.0,11038.0,0-1,2129.0,2.35,Sector 82A,4,1
4458,3.0,4.0,4.0,9523.0,0-1,1995.0,1.9,Sector 92,4,1
4459,3.0,3.0,3.0,9708.0,5-10,1545.0,1.5,Sector 33,5,1
4460,4.0,4.0,4.0,27883.39670468948,5-10,2367.0,6.6,Sector 31,2,1
4461,4.0,4.0,4.0,23119.39268461008,5-10,1449.0,3.35,Sector 40,3,1
4462,2.0,2.0,2.0,25534.851621808142,5-10,1449.0,3.7,Sector 31,2,1
4463,2.0,2.0,2.0,5000.0,0-1,1320.0,0.66,Sector 92,1,1
4464,4.0,4.0,4.0,10576.0,1-5,2600.0,2.75,Sector 43,3,0
4465,3.0,3.0,3.0,22000.0,5-10,1650.0,2.75,Sector 65,2,0
4466,3.0,3.0,2.0,12887.0,5-10,2033.0,2.62,Sector 49,3,0
4467,5.0,4.0,3.0,12878.0,5-10,4115.0,5.3,Sector 49,3,0
4468,5.0,4.0,3.0,12707.0,5-10,3557.0,4.52,Sector 49,3,0
4469,3.0,4.0,4.0,12804.0,5-10,1640.0,2.1,Sector 43,3,0
4470,4.0,3.0,4.0,8359.0,0-1,2213.0,1.85,Sector 37D,4,0
4471,3.0,3.0,3.0,8282.0,0-1,1811.0,1.5,Sector 37D,4,1
4472,3.0,3.0,4.0,8393.0,0-1,1811.0,1.52,Sector 37D,4,0
4473,3.0,3.0,3.0,7550.0,0-1,1765.0,1.2,Sector 37C,4,1
4474,5.0,6.0,3.0,18813.63435148296,0-1,4518.0,8.5,Sector 33,2,1
4475,5.0,6.0,3.0,21027.003098716246,0-1,4518.0,9.5,Sector 33,2,1
4476,3.0,3.0,4.0,7730.0,0-1,1811.0,1.4,Sector 37D,4,0
4477,3.0,3.0,3.0,6658.0,1-5,2403.0,1.6,Uppals Southend,2,1
4478,3.0,3.0,2.0,9161.0,5-10,2799.0,1.42,Uppals Southend,2,1
4479,3.0,3.0,3.0,8612.0,Under Construction,1103.0,0.95,Sector 89,4,0
4480,4.0,4.0,3.0,26543.0,1-5,3240.0,8.6,Sector 48,3,1
4481,2.0,2.0,2.0,8230.0,0-1,1300.0,1.07,Sector 70,3,0
4482,3.0,2.0,3.0,7080.0,0-1,1483.0,1.05,Sector 68,5,0
4483,3.0,4.0,4.0,8254.0,0-1,1999.0,1.65,Sector 68,5,0
4484,2.0,2.0,3.0,7951.0,0-1,1245.0,0.99,Sector 68,5,0
4485,4.0,4.0,4.0,17624.521072796935,0-1,2610.0,4.6,Sector 70A,5,0
4486,3.0,3.0,4.0,7241.0,1-5,1450.0,1.05,Sector 70A,5,0
4487,4.0,4.0,2.0,8818.342151675484,0-1,4536.0,4.0,Sector 48,2,1
4488,3.0,3.0,4.0,7931.0,1-5,1450.0,1.15,Sector 70A,5,0
4489,2.0,2.0,4.0,7076.0,0-1,1187.0,0.84,Sector 70A,4,0
4490,3.0,2.0,4.0,8260.0,1-5,1150.0,0.95,Sector 70A,5,0
4491,3.0,2.0,4.0,9166.0,1-5,1200.0,1.1,Sector 70A,5,0
4492,3.0,2.0,4.0,9739.0,1-5,1150.0,1.12,Sector 70A,5,0
4493,3.0,3.0,3.0,8614.0,0-1,1811.0,1.56,Sector 37D,4,1
4494,2.0,2.0,3.0,15860.0,Under Construction,1261.0,2.0,Sector 65,5,1
4495,3.0,3.0,2.0,9459.0,0-1,1850.0,1.75,Sector 57,3,1
4496,3.0,3.0,3.0,8474.0,0-1,2360.0,2.0,Sector 52,2,1
4497,3.0,3.0,2.0,13457.0,Under Construction,1932.0,2.6,Sector 65,5,1
4498,3.0,3.0,3.0,26097.0,1-5,3110.0,6.3,Sector 65,5,0
4499,2.0,2.0,3.0,13475.0,0-1,1358.0,1.83,Sector 65,5,1
4500,2.0,2.0,3.0,14908.0,0-1,1261.0,1.88,Sector 65,5,0
4501,2.0,2.0,3.0,13481.0,Under Construction,1261.0,1.7,Sector 65,5,1
4502,3.0,3.0,3.0,9550.0,0-1,1811.0,1.55,Sector 37D,4,0
4503,3.0,3.0,3.0,5025.0,0-1,1990.0,1.0,Sector 37C,4,1
4504,4.0,5.0,3.0,13661.0,10+,2562.0,3.5,Sector 49,3,0
4505,2.0,2.0,2.0,4074.074074074074,5-10,1620.0,0.66,Sector 82,4,1
4506,3.0,4.0,3.0,7906.0,0-1,2150.0,1.7,Sector 79,3,1
4507,3.0,3.0,3.0,14722.222222222224,1-5,1800.0,2.65,Sector 28,3,0
4508,3.0,3.0,2.0,5250.0,1-5,4000.0,2.1,Sector 40,3,1
4509,2.0,2.0,2.0,15697.0,0-1,1260.0,1.35,Sector 68,4,0
4510,3.0,3.0,2.0,6750.0,5-10,4000.0,2.7,Sector 40,3,1
4511,3.0,3.0,3.0,10803.0,10+,1805.0,1.95,Sector 49,3,0
4512,3.0,4.0,3.0,10473.0,10+,2578.0,2.7,Sector 57,2,0
4513,3.0,4.0,3.0,11326.0,10+,2428.0,2.75,Sector 57,1,0
4514,2.0,2.0,4.0,8382.0,Under Construction,1193.0,1.0,Sector 79,5,1
4515,3.0,3.0,4.0,11673.0,1-5,1799.0,2.1,Sector 82A,4,0
4516,2.0,2.0,2.0,7800.0,Under Construction,1211.0,0.95,Sector 79,4,1
4517,2.0,2.0,4.0,9000.0,Under Construction,1000.0,0.9,Sector 79,4,1
4518,3.0,3.0,4.0,8604.0,1-5,2150.0,1.85,Sector 79,3,1
4519,3.0,3.0,4.0,8227.0,0-1,1811.0,1.49,Sector 37D,4,0
4520,2.0,2.0,3.0,8835.0,0-1,1245.0,1.1,Sector 68,5,0
4521,3.0,3.0,4.0,20871.0,1-5,2156.0,4.5,sector 58,5,0
4522,3.0,3.0,4.0,28354.0,1-5,1975.0,5.6,Sector 54,4,0
4523,2.0,2.0,3.0,6520.0,Under Construction,1457.0,0.95,Sohna,2,1
4524,3.0,3.0,3.0,8877.0,1-5,1746.0,1.55,Sector 68,4,0
4525,3.0,3.0,4.0,9163.0,0-1,1746.0,1.6,Sector 68,4,1
4526,2.0,2.0,3.0,9055.0,Under Construction,1270.0,1.15,Sector 68,2,0
4527,2.0,2.0,3.0,8976.0,Under Construction,1270.0,1.14,Sector 68,2,0
4528,3.0,3.0,2.0,8600.0,1-5,1620.0,1.4,Sector 79,5,0
4529,2.0,2.0,3.0,11818.0,1-5,1400.0,1.3,Sector 79,3,0
4530,3.0,3.0,4.0,7000.0,0-1,1763.0,1.15,Sector 37C,4,0
4531,2.0,2.0,3.0,8000.0,1-5,1351.0,1.08,Sector 79,5,1
4532,2.0,2.0,2.0,7844.0,Under Construction,1211.0,0.95,Sector 79,4,0
4533,3.0,3.0,2.0,8187.134502923976,10+,2565.0,2.1,Sector 47,2,1
4534,2.0,2.0,2.0,8125.0,0-1,1600.0,1.3,Sector 37D,4,0
4535,3.0,3.0,3.0,9271.0,1-5,1510.0,1.4,Sector 79,5,1
4536,2.0,2.0,3.0,8000.0,1-5,1600.0,1.1,Sector 79,3,0
4537,3.0,3.0,2.0,7500.0,1-5,2100.0,1.5,Sector 79,5,0
4538,2.0,2.0,3.0,8382.0,Under Construction,1193.0,1.0,Sector 79,5,0
4539,3.0,3.0,3.0,30769.0,Under Construction,1300.0,4.0,Sector 76,1,1
4540,4.0,5.0,4.0,8484.0,0-1,2475.0,2.1,Sector 92,4,0
4541,3.0,3.0,3.0,9403.0,0-1,1510.0,1.42,Sector 79,5,0
4542,2.0,2.0,2.0,11000.0,1-5,1000.0,1.1,Sector 70A,4,0
4543,4.0,4.0,4.0,10580.0,Under Construction,2599.0,2.75,Sector 85,4,0
4544,2.0,2.0,4.0,8958.0,1-5,1507.0,1.35,Sector 68,4,0
4545,2.0,2.0,4.0,8661.0,Under Construction,1270.0,1.1,Sector 68,2,0
4546,3.0,3.0,4.0,9863.0,Under Construction,2129.0,2.1,Sector 85,4,0
4547,3.0,3.0,4.0,9841.0,Under Construction,1829.0,1.8,Sector 85,4,0
4548,3.0,3.0,3.0,9507.0,1-5,1746.0,1.66,Sector 68,4,1
4549,3.0,4.0,4.0,14843.0,1-5,2358.0,3.5,Sector 67,4,1
4550,3.0,3.0,4.0,10114.0,Under Construction,1829.0,1.85,Sector 85,4,1
4551,2.0,2.0,3.0,9133.0,Under Construction,1270.0,1.16,Sector 68,2,1
4552,3.0,3.0,3.0,9450.0,0-1,1746.0,1.65,Sector 68,4,1
4553,2.0,2.0,4.0,8936.0,Under Construction,1175.0,1.05,Sector 79,4,1
4554,2.0,2.0,2.0,11000.0,1-5,1000.0,1.1,Sector 70A,4,1
4555,2.0,2.0,3.0,8366.0,0-1,1494.0,1.25,Sector 79,5,0
4556,3.0,2.0,2.0,6904.0,1-5,2100.0,1.45,Sector 70A,5,0
4557,3.0,3.0,4.0,9756.0,0-1,2050.0,2.0,Sector 79,3,0
4558,3.0,3.0,3.0,19119.0,1-5,3112.0,5.95,Sector 65,5,0
4559,3.0,4.0,3.0,13343.0,10+,2061.0,2.75,Sector 49,3,0
4560,3.0,3.0,3.0,12188.0,10+,1805.0,2.2,Sector 49,3,0
4561,3.0,4.0,4.0,11834.0,10+,1859.0,2.2,Sector 49,4,0
4562,3.0,3.0,3.0,10357.0,Under Construction,1400.0,1.45,Sector 79,4,0
4563,3.0,3.0,2.0,7137.3456790123455,1-5,2592.0,1.85,Uppals Southend,2,0
4564,3.0,3.0,3.0,8432.0,Under Construction,1423.0,1.2,Sector 89,5,0
4565,4.0,5.0,3.0,13333.0,1-5,2925.0,3.9,Sector 70A,4,1
4566,4.0,4.0,4.0,19203.0,1-5,2864.0,5.5,sector 58,5,0
4567,4.0,4.0,4.0,8971.0,0-1,2675.0,2.4,Sector 79,3,0
4568,3.0,3.0,4.0,6904.0,5-10,2100.0,1.45,Sushant Lok Phase 3,3,0
4569,2.0,2.0,3.0,7396.0,1-5,1379.0,1.02,Sector 37C,4,0
4570,2.0,2.0,3.0,6990.0,1-5,1402.0,0.98,Sector 37C,4,0
4571,3.0,3.0,4.0,7121.0,1-5,2050.0,1.46,Sector 56,3,0
4572,3.0,3.0,4.0,9117.0,1-5,1700.0,1.55,Sector 56,3,0
4573,3.0,3.0,4.0,11820.0,0-1,1692.0,2.0,Sector 102,4,1
4574,4.0,4.0,4.0,6989.0,1-5,3219.0,2.25,Sector 39,2,0
4575,2.0,2.0,3.0,12925.0,1-5,1470.0,1.9,Sector 67,4,0
4576,4.0,3.0,4.0,7625.0,1-5,2754.0,2.1,Sector 49,2,0
4577,3.0,3.0,2.0,7122.0,1-5,1755.0,1.25,Sector 83,4,1
4578,3.0,3.0,4.0,10434.0,1-5,1773.0,1.85,Sector 49,2,0
4579,3.0,3.0,2.0,8076.0,1-5,1300.0,1.05,Sector 82,2,1
4580,3.0,3.0,2.0,7160.0,1-5,2025.0,1.45,Uppals Southend,2,1
4581,2.0,2.0,2.0,5277.0,5-10,1800.0,0.95,Uppals Southend,2,1
4582,2.0,2.0,2.0,7469.0,5-10,1245.0,0.93,Sector 83,5,0
4583,3.0,4.0,4.0,10178.0,0-1,1965.0,2.0,Sector 95,2,0
4584,3.0,4.0,4.0,9200.0,0-1,2262.0,2.1,Sector 79,3,0
4585,2.0,2.0,2.0,8000.0,0-1,1200.0,1.2,Sector 79,5,0
4586,2.0,2.0,2.0,7441.0,Under Construction,1075.0,0.8,Sector 92,4,0
4587,3.0,3.0,4.0,7050.0,0-1,1735.0,1.22,Sector 37C,4,1
4588,2.0,2.0,4.0,7160.0,0-1,1187.0,0.85,Sector 70A,4,1
4589,2.0,2.0,4.0,6586.0,1-5,1245.0,0.82,Sector 83,5,0
4591,4.0,4.0,4.0,10642.0,5-10,2725.0,2.9,Sector 56,3,0
4592,3.0,3.0,3.0,12433.0,Under Construction,1689.0,2.1,Sector 104,5,0
4593,3.0,4.0,3.0,13080.0,0-1,2217.0,2.9,Sector 113 Gurgaon,5,0
4594,3.0,3.0,3.0,10000.0,Under Construction,1500.0,1.5,Sector 79,4,1
4595,3.0,2.0,4.0,8782.0,1-5,1150.0,1.01,Sector 70A,5,0
4596,3.0,2.0,3.0,9130.0,1-5,1150.0,1.05,Sector 70A,5,0
4597,3.0,3.0,4.0,23882.0,5-10,2282.0,5.45,Sector 54,4,0
4598,3.0,3.0,2.0,9000.0,Under Construction,1534.0,1.3,Sector 79,5,1
4599,2.0,2.0,4.0,7127.0,1-5,905.0,0.645,Sector 82,2,1
4600,2.0,2.0,2.0,17378.0,1-5,1381.0,2.4,Sector 108,5,0
4601,4.0,3.0,4.0,7759.0,0-1,2191.0,1.7,Sector 37D,4,0
4602,3.0,3.0,4.0,7777.0,0-1,1800.0,1.4,Sector 37D,4,0
4603,3.0,3.0,2.0,15753.0,10+,1333.0,2.1,DLF Phase 5,5,0
4604,3.0,3.0,4.0,8085.0,1-5,2350.0,1.9,Vigyan Vihar,3,0
4605,3.0,4.0,4.0,8399.0,0-1,2262.0,1.9,Sector 79,3,0
4606,3.0,4.0,4.0,8465.0,0-1,2150.0,1.82,Sector 79,3,0
4607,3.0,3.0,4.0,8292.0,0-1,2050.0,1.7,Sector 79,3,0
4608,2.0,2.0,2.0,8235.0,0-1,1360.0,1.12,Sector 81,5,0
4609,2.0,2.0,4.0,7834.0,0-1,1404.0,1.1,Sector 91,3,0
4610,2.0,2.0,2.0,14207.0,0-1,915.0,1.3,Sector 102,4,0
4611,3.0,4.0,3.0,7035.0,0-1,1990.0,1.4,Sector 37C,4,0
4612,3.0,4.0,3.0,7365.0,0-1,1765.0,1.3,Sector 37C,4,0
4613,3.0,3.0,2.0,11842.0,0-1,1900.0,2.25,Sector 45,3,0
4614,3.0,3.0,3.0,6916.0,0-1,1735.0,1.2,Sector 37C,4,0
4615,3.0,4.0,3.0,12990.0,0-1,2217.0,2.88,Sector 113 Gurgaon,5,0
4616,3.0,3.0,4.0,10000.0,0-1,2700.0,2.7,Sushant Lok Phase 3,3,0
4617,4.0,3.0,4.0,8653.0,1-5,2450.0,2.12,Sector 56,3,0
4618,3.0,3.0,3.0,20300.0,Under Construction,1330.0,2.7,Sector 63A,5,0
4619,3.0,3.0,4.0,10689.0,1-5,1450.0,1.55,Sector 56,3,0
4620,3.0,3.0,4.0,7777.777777777777,1-5,2700.0,2.1,Sector 57,3,0
4621,3.0,3.0,4.0,7714.0,5-10,2100.0,1.62,Sector 56,3,0
4622,3.0,3.0,2.0,11574.074074074077,0-1,2160.0,2.5,South City 2,3,1
4623,4.0,4.0,2.0,10127.314814814816,0-1,3456.0,3.5,South City 2,3,0
4624,3.0,3.0,4.0,8378.0,1-5,1850.0,1.55,Sector 56,3,0
4625,7.0,6.0,4.0,24844.72049689441,1-5,1449.0,3.6,Sector 56,3,1
4626,3.0,3.0,2.0,21036.0,Under Construction,1331.0,2.8,Sector 63A,5,0
4627,2.0,2.0,2.0,9462.0,1-5,930.0,0.88,Sector 70A,4,1
4628,4.0,4.0,3.0,8284.600389863548,0-1,3078.0,2.55,Sector 57,3,1
4629,3.0,3.0,4.0,10126.0,1-5,1585.0,1.61,Sector 82,3,1
4630,3.0,4.0,3.0,11574.074074074077,Under Construction,2160.0,2.5,South City 2,3,0
4631,3.0,4.0,4.0,14295.0,0-1,2973.0,4.25,Sector 59,4,0
4632,3.0,3.0,2.0,12268.518518518518,0-1,2160.0,2.65,Ardee City,2,1
4633,4.0,4.0,4.0,18666.0,5-10,3750.0,7.0,Sector 66,6,0
4634,3.0,4.0,3.0,17408.0,1-5,2470.0,4.3,Sector 47,4,0
4635,4.0,4.0,3.0,10498.08429118774,1-5,2610.0,2.74,Sector 50,3,1
4636,2.0,2.0,3.0,6906.0,1-5,905.0,0.625,Sector 82,2,0
4637,2.0,2.0,2.0,6224.0,1-5,1245.0,0.775,Sector 83,5,0
4638,3.0,2.0,3.0,9000.0,10+,1500.0,1.35,Sector 50,3,1
4639,3.0,3.0,3.0,10333.0,1-5,1500.0,1.55,Sector 50,3,1
4640,2.0,2.0,3.0,6918.0,1-5,1402.0,0.97,Sector 37C,4,0
4641,3.0,2.0,3.0,6684.0,Under Construction,1511.0,1.01,Pataudi Road,1,1
4642,4.0,5.0,4.0,10137.875101378751,0-1,3699.0,3.75,Sector 63,6,1
4643,3.0,3.0,3.0,7407.0,1-5,2160.0,1.6,Sector 82,4,0
4644,2.0,2.0,2.0,6458.0,1-5,1600.0,0.6,Sector 83,2,1
4645,3.0,3.0,2.0,4608.788853161844,10+,2799.0,1.29,Uppals Southend,2,1
4646,2.0,2.0,2.0,5166.666666666667,10+,1800.0,0.93,Uppals Southend,2,1
4647,3.0,3.0,3.0,4787.424080028582,10+,2799.0,1.34,Uppals Southend,2,1
4648,4.0,4.0,4.0,7334.0,5-10,2727.0,2.0,Sector 90,3,0
4649,4.0,5.0,4.0,13289.0,5-10,3612.0,4.8,Sector 67,4,0
4650,4.0,4.0,2.0,23504.273504273504,1-5,2340.0,5.5,Sector 48,2,1
4651,3.0,4.0,3.0,10620.0,5-10,1450.0,1.25,Sector 77,4,0
4652,2.0,2.0,2.0,10105.0,1-5,1310.0,0.96,Sector 91,3,0
4653,2.0,2.0,2.0,7022.0,1-5,1310.0,0.92,Sector 91,3,0
4654,3.0,4.0,3.0,11812.0,0-1,1600.0,1.89,Sector 63A,4,1
4655,4.0,4.0,3.0,16203.703703703704,1-5,2160.0,3.5,Sector 82,4,0
4656,3.0,3.0,4.0,7812.0,0-1,1920.0,1.5,Sector 92,4,0
4657,3.0,3.0,2.0,14074.0,0-1,1850.0,1.9,Sector 46,2,0
4658,3.0,3.0,2.0,9716.0,0-1,2367.0,2.3,Sector 46,2,0
4659,3.0,5.0,3.0,8974.0,0-1,1950.0,1.75,Sector 70,3,1
4660,4.0,4.0,3.0,7333.0,0-1,4500.0,3.3,Sector 67,3,1
4661,3.0,4.0,4.0,11621.0,1-5,2150.0,2.15,Sector 70A,4,0
4662,1.0,1.0,1.0,15921.0,1-5,1319.0,2.1,Sector 48,3,1
4663,3.0,3.0,4.0,9933.0,0-1,1789.0,1.49,Sector-33 Sohna,4,1
4664,3.0,3.0,4.0,8529.0,5-10,1700.0,1.45,Vigyan Vihar,3,1
4665,2.0,2.0,2.0,12000.0,10+,950.0,1.14,DLF Phase 3,3,1
4666,3.0,2.0,3.0,7446.0,5-10,1880.0,1.4,Sector 109,1,0
4667,3.0,3.0,4.0,8035.0,1-5,1929.0,1.55,Sector 86,4,0
4668,3.0,3.0,3.0,8888.0,0-1,2025.0,1.8,Sector 77,6,1
4669,2.0,2.0,1.0,4569.0,1-5,743.0,0.34,Sohna,0,1
4670,4.0,4.0,1.0,8080.80808080808,1-5,990.0,0.8,New Palam Vihar Phase 1,1,1
4671,3.0,3.0,1.0,5714.0,1-5,1400.0,0.8,Sai Kunj,2,1
4672,3.0,3.0,1.0,4583.0,1-5,1200.0,0.55,Sai Kunj,2,1
4673,3.0,3.0,3.0,7214.0,5-10,1802.0,1.3,Sector 71,5,0
4674,3.0,4.0,3.0,12096.0,1-5,2095.0,2.25,Sector 109,4,1
4675,4.0,6.0,3.0,17496.0,1-5,3715.0,6.5,Sector 47,4,0
4676,3.0,3.0,3.0,9934.0,0-1,1832.0,1.82,Sector 37D,4,1
4677,3.0,3.0,3.0,8390.0,0-1,2050.0,1.72,Sector 79,3,0
4678,3.0,4.0,3.0,8279.0,0-1,2150.0,1.78,Sector 79,3,0
4679,4.0,3.0,3.0,15131.0,Under Construction,1487.0,2.25,Sector 84,4,1
4680,3.0,3.0,2.0,6944.0,5-10,2160.0,1.5,Sushant Lok Phase 2,3,1
4681,4.0,4.0,3.0,13169.0,1-5,2650.0,3.49,Sector 67,4,0
4682,3.0,5.0,3.0,17611.0,5-10,2470.0,4.35,Sector 47,4,0
4683,4.0,5.0,2.0,9592.0,0-1,2700.0,2.59,Sushant Lok Phase 3,3,1
4684,3.0,2.0,2.0,8660.0,1-5,1836.0,1.59,Sector 57,3,1
4685,4.0,4.0,2.0,9262.0,1-5,2386.0,2.21,Sector 57,3,1
4686,5.0,5.0,4.0,22916.666666666668,1-5,1440.0,3.3,Sector 57,3,1
4687,5.0,5.0,4.0,22286.821705426355,5-10,1548.0,3.45,Sushant Lok Phase 2,3,1
4688,4.0,4.0,4.0,8833.0,5-10,4200.0,3.71,Sector 56,3,1
4689,3.0,3.0,2.0,9085.0,1-5,1750.0,1.59,Sector 57,3,1
4690,3.0,3.0,2.0,4518.0,5-10,2700.0,1.22,Sushant Lok Phase 2,4,1
4691,2.0,2.0,2.0,13921.0,1-5,1020.0,1.42,Sector 65,4,1
4692,3.0,4.0,3.0,15012.0,1-5,2358.0,3.54,Sector 67,4,0
4693,4.0,4.0,4.0,25714.0,0-1,3500.0,9.0,DLF Phase 5,4,1
4694,2.0,2.0,2.0,14215.0,1-5,1020.0,1.45,Sector 65,4,1
4695,2.0,2.0,3.0,7777.0,0-1,1350.0,1.05,Sector 88B,3,1
4696,2.0,2.0,3.0,11397.0,0-1,1400.0,1.59,Sector 74,6,0
4697,2.0,2.0,2.0,16800.0,1-5,1470.0,2.1,Sector 67,4,0
4698,3.0,3.0,3.0,14540.0,1-5,1650.0,2.39,Sector 65,2,1
4699,4.0,4.0,3.0,15142.0,1-5,3150.0,4.24,Sector 65,6,1
4700,4.0,4.0,3.0,12000.0,1-5,1750.0,2.1,Sector 65,6,1
4701,3.0,3.0,3.0,12121.0,1-5,1650.0,2.0,Sector 65,2,0
4702,3.0,3.0,2.0,8986.0,0-1,1836.0,1.65,Sector 21,2,1
4703,3.0,3.0,2.0,10076.0,0-1,1836.0,1.85,Sector 22,2,1
4704,3.0,3.0,2.0,9028.0,0-1,2459.0,2.22,Palam Vihar,2,1
4705,3.0,3.0,2.0,8877.0,0-1,1836.0,1.63,Sector 22,2,1
4706,3.0,3.0,2.0,9313.0,0-1,1836.0,1.71,Sector 22,2,1
4707,3.0,3.0,2.0,13200.0,1-5,1836.0,1.65,Sector 23,2,1
4708,3.0,3.0,3.0,8125.0,10+,1600.0,1.3,Sushant Lok Phase 3,4,0
4709,3.0,3.0,0.0,10752.0,1-5,1581.0,1.7,Sector 82,2,0
4710,4.0,3.0,3.0,8000.0,10+,2000.0,1.6,Sushant Lok Phase 3,3,1
4711,3.0,4.0,4.0,8333.333333333334,10+,2700.0,2.25,DLF Phase 2,3,0
4712,4.0,4.0,4.0,8000.0,10+,4500.0,3.6,DLF Phase 1,3,1
4713,4.0,4.0,3.0,23076.0,10+,4200.0,9.0,Sector 54,3,0
4714,4.0,4.0,3.0,10888.888888888889,0-1,4500.0,4.9,DLF Phase 3,3,0
4715,4.0,3.0,2.0,14814.814814814816,0-1,2700.0,4.0,DLF Phase 1,4,0
4716,4.0,4.0,3.0,15555.555555555557,0-1,4500.0,7.0,DLF Phase 1,4,0
4717,4.0,4.0,3.0,16666.666666666668,0-1,2700.0,4.5,DLF Phase 1,4,0
4718,4.0,4.0,3.0,14444.444444444443,0-1,4500.0,6.5,DLF Phase 1,4,0
4719,4.0,6.0,4.0,21428.0,10+,3500.0,7.5,Sector 54,3,0
4720,4.0,4.0,3.0,22185.0,10+,3065.0,6.8,Sector 54,3,0
4721,4.0,6.0,3.0,27256.0,5-10,4953.0,13.4998968,Sector 54,5,0
4722,3.0,4.0,4.0,25214.0,5-10,1983.0,5.0,Sector 54,4,0
4723,4.0,4.0,4.0,6500.0,5-10,3400.0,2.55,Sector 49,2,0
4724,4.0,4.0,2.0,27131.782945736435,10+,1935.0,5.25,Sushant Lok Phase 1,3,0
4725,4.0,4.0,3.0,7072.0,1-5,2193.0,1.55,Sector 71,5,0
4726,3.0,3.0,3.0,7098.0,1-5,1620.0,1.15,Sector 71,5,0
4727,4.0,4.0,4.0,5548.0,1-5,2433.0,1.35,Sector 71,5,0
4728,3.0,4.0,2.0,6884.0,1-5,1743.0,1.2,Sector 71,5,0
4729,4.0,5.0,4.0,22919.0,0-1,3185.0,7.3,MG Road,4,1
4730,4.0,4.0,2.0,12500.0,0-1,3600.0,4.5,DLF Phase 2,2,0
4731,4.0,4.0,2.0,13888.888888888889,0-1,3600.0,5.0,DLF Phase 2,2,0
4732,4.0,5.0,2.0,12437.810945273632,0-1,3618.0,4.5,DLF Phase 2,3,0
4733,3.0,4.0,3.0,10943.0,1-5,1950.0,1.6,Sector 70,3,0
4734,3.0,3.0,4.0,7460.0,1-5,1890.0,1.41,Sector 84,5,0
4735,2.0,2.0,3.0,7720.0,1-5,1360.0,1.05,Sector 81,5,0
4736,3.0,3.0,3.0,18278.75095201828,Under Construction,1313.0,2.4,Sector 85,4,0
4737,3.0,3.0,3.0,14318.35491241432,Under Construction,1313.0,1.88,Sector 85,4,0
4738,3.0,4.0,3.0,8596.0,1-5,2408.0,2.07,Sector 85,4,0
4739,2.0,2.0,3.0,7719.0,1-5,1425.0,1.1,Sector 84,5,0
4740,4.0,4.0,4.0,10773.0,Under Construction,2600.0,2.8,Sector 85,4,0
4741,4.0,4.0,4.0,9333.0,1-5,2325.0,2.17,Sector 92,4,0
4742,4.0,4.0,4.0,9548.0,1-5,2325.0,2.22,Sector 92,4,0
4743,4.0,4.0,4.0,9247.0,1-5,2325.0,2.15,Sector 92,4,0
4744,4.0,5.0,4.0,12091.0,1-5,3060.0,3.7,Sector 86,3,0
4745,2.0,2.0,3.0,10506.0,1-5,1480.0,1.55,Sector 86,3,0
4746,4.0,4.0,4.0,8419.0,1-5,2215.0,1.87,Sector 90,3,0
4747,4.0,5.0,4.0,6024.0,1-5,2324.0,1.4,Sector 104,6,1
4748,4.0,5.0,4.0,15489.130434782608,Under Construction,1840.0,2.85,Sector 85,4,0
4749,4.0,4.0,4.0,9247.0,1-5,2325.0,2.15,Sector 92,4,0
4751,2.0,2.0,4.0,7228.0,1-5,1425.0,1.03,Sector 84,5,0
4752,3.0,3.0,4.0,10733.0,1-5,1890.0,1.42,Sector 84,5,0
4753,4.0,5.0,4.0,10773.0,Under Construction,2599.0,2.8,Sector 85,4,0
4754,4.0,4.0,4.0,9505.0,1-5,2325.0,2.21,Sector 92,4,0
4755,2.0,2.0,3.0,10472.0,1-5,1480.0,1.55,Sector 86,3,0
4756,4.0,4.0,4.0,8397.0,1-5,2215.0,1.86,Sector 90,3,0
4757,4.0,5.0,2.0,10361.0,1-5,3185.0,3.3,Sector 81,4,0
4758,4.0,5.0,4.0,12091.0,1-5,3060.0,3.7,Sector 86,3,0
4759,2.0,2.0,3.0,7719.0,1-5,1425.0,1.1,Sector 84,5,0
4760,2.0,2.0,3.0,7720.0,1-5,1360.0,1.05,Sector 81,5,0
4761,3.0,4.0,3.0,8513.0,1-5,2408.0,2.05,Sector 85,4,0
4762,3.0,3.0,4.0,7407.0,1-5,1890.0,1.4,Sector 84,5,0
4763,4.0,4.0,4.0,10619.0,Under Construction,2599.0,2.76,Sector 85,4,0
4764,4.0,4.0,4.0,9505.0,1-5,2325.0,2.21,Sector 92,1,0
4765,4.0,4.0,4.0,8352.0,1-5,2215.0,1.85,Sector 90,3,0
4766,2.0,2.0,4.0,7200.0,0-1,1385.0,0.9972,Sector 106,6,0
4767,4.0,5.0,4.0,9246.0,1-5,2812.0,2.6,Sector 85,4,0
4768,4.0,5.0,4.0,8890.0,1-5,2812.0,2.5,Sector 85,4,0
4769,3.0,4.0,4.0,6332.0,1-5,1446.0,0.98,Sector 104,6,1
4770,4.0,5.0,4.0,12258.0,1-5,3060.0,3.75,Sector 86,3,0
4771,2.0,2.0,3.0,10472.0,1-5,1480.0,1.55,Sector 86,3,0
4772,4.0,4.0,4.0,10580.0,Under Construction,2599.0,2.75,Sector 85,4,1
4773,3.0,3.0,3.0,10278.0,Under Construction,2189.0,2.25,Sector 85,4,0
4774,3.0,3.0,4.0,10114.0,Under Construction,1829.0,1.85,Sector 85,4,0
4775,2.0,2.0,1.0,9712.0,Under Construction,1390.0,1.35,Sector 85,4,1
4777,3.0,3.0,4.0,6750.0,1-5,2000.0,1.35,Sector 84,4,0
4778,3.0,4.0,4.0,8604.0,1-5,2150.0,1.85,Sector 79,3,0
4779,3.0,3.0,4.0,8684.0,1-5,2015.0,1.75,Sector 79,3,0
4780,3.0,4.0,4.0,7327.0,1-5,2320.0,1.7,Sector 91,3,0
4781,4.0,5.0,4.0,12254.0,1-5,3060.0,3.75,Sector 86,3,0
4782,3.0,3.0,1.0,8812.0,1-5,1929.0,1.7,Sector 86,4,0
4783,3.0,4.0,4.0,8490.0,1-5,2120.0,1.8,Sector 92,4,0
4784,3.0,4.0,4.0,8962.0,1-5,2120.0,1.9,Sector 92,4,0
4785,3.0,4.0,4.0,8521.0,1-5,1995.0,1.7,Sector 92,4,0
4786,3.0,3.0,3.0,10114.0,Under Construction,1829.0,1.85,Sector 85,4,0
4787,3.0,3.0,2.0,6685.0,1-5,1750.0,1.17,Sector 84,5,0
4788,4.0,5.0,2.0,10266.0,1-5,3185.0,3.27,Sector 81,4,0
4789,4.0,4.0,4.0,9032.0,1-5,2325.0,2.1,Sector 92,4,0
4790,4.0,4.0,4.0,11490.0,1-5,2215.0,1.85,Sector 90,3,0
4791,4.0,4.0,4.0,10580.0,Under Construction,2599.0,2.75,Sector 85,4,0
4792,4.0,5.0,2.0,10298.0,1-5,3185.0,3.28,Sector 81,4,0
4793,3.0,3.0,3.0,11339.0,0-1,1852.0,2.1,Sector 102,4,1
4794,4.0,4.0,3.0,8222.0,1-5,2250.0,1.85,Sector 79,3,0
4795,2.0,3.0,3.0,11880.0,1-5,2441.0,2.9,Sector 112,4,0
4796,3.0,3.0,4.0,11632.0,1-5,2450.0,2.85,Sector 104,6,0
4797,2.0,3.0,3.0,11705.0,1-5,1700.0,1.99,Sector 104,6,0
4798,2.0,2.0,2.0,11290.0,1-5,1550.0,1.75,Sector 104,6,0
4799,3.0,3.0,3.0,15363.0,Under Construction,1855.0,2.85,Sector 106,5,0
4800,3.0,5.0,3.0,7260.0,0-1,1997.0,1.45,Sector 99A,5,0
4801,2.0,2.0,3.0,10472.0,1-5,1480.0,1.55,Sector 86,3,0
4803,4.0,4.0,3.0,24640.0,5-10,3125.0,7.7,MG Road,4,0
4804,4.0,4.0,3.0,20000.0,10+,4000.0,8.0,DLF Phase 5,5,0
4805,4.0,4.0,2.0,26812.0,5-10,2704.0,7.25,Sector 54,4,0
4806,4.0,4.0,4.0,9102.0,1-5,4548.0,4.35,Sector 102,4,0
4807,2.0,2.0,3.0,8011.0,1-5,1423.0,1.14,Sector 103,4,1
4808,4.0,4.0,4.0,7558.0,1-5,2355.0,1.78,Sector 106,6,0
4809,3.0,3.0,3.0,9957.0,Under Construction,2129.0,2.12,Sector 85,4,0
4810,3.0,3.0,3.0,13498.0,1-5,1437.0,1.2,Sector 70,4,0
4811,4.0,4.0,4.0,19354.0,0-1,3355.0,6.0,Sector 72,3,0
4812,3.0,3.0,3.0,13211.678832116788,Under Construction,1370.0,1.81,Sector 85,4,0
4813,4.0,5.0,4.0,7099.0,1-5,2324.0,1.65,Sector 104,6,1
4814,3.0,4.0,2.0,9500.0,0-1,2542.0,2.41,Sector 95,2,0
4815,3.0,4.0,4.0,10178.0,0-1,1965.0,2.0,Sector 95,2,0
4816,3.0,3.0,1.0,8840.0,1-5,1923.0,1.7,Sector 86,4,0
4817,3.0,3.0,4.0,7142.0,1-5,1890.0,1.35,Sector 84,5,0
4818,3.0,3.0,2.0,6571.0,1-5,1750.0,1.15,Sector 84,5,0
4819,2.0,2.0,3.0,10270.0,1-5,1480.0,1.52,Sector 86,3,0
4820,3.0,3.0,2.0,7314.0,1-5,1750.0,1.28,Sector 84,5,0
4821,3.0,3.0,3.0,7082.0,0-1,1765.0,1.25,Sector 37C,4,0
4822,3.0,3.0,3.0,7089.0,0-1,1735.0,1.23,Sector 37C,4,0
4823,3.0,3.0,3.0,7100.0,0-1,1990.0,1.41,Sector 37C,4,0
4824,2.0,2.0,2.0,4875.0,1-5,800.0,0.39,Sector 37C,2,0
4825,2.0,2.0,2.0,6097.0,5-10,1230.0,0.75,Sector 37C,4,1
4826,2.0,2.0,1.0,6381.0,1-5,1379.0,0.88,Sector 37C,4,0
4827,2.0,2.0,1.0,6276.0,1-5,1402.0,0.88,Sector 37C,4,0
4828,3.0,3.0,2.0,7090.0,1-5,1763.0,1.25,Sector 37C,4,0
4829,4.0,4.0,3.0,5788.0,1-5,2764.0,1.6,Sector 37C,4,0
4830,3.0,3.0,3.0,6366.0,1-5,2199.0,1.4,Sector 37C,4,0
4831,3.0,3.0,2.0,7204.0,1-5,1735.0,1.25,Sector 37C,4,0
4832,3.0,3.0,2.0,7365.0,1-5,1765.0,1.3,Sector 37C,4,0
4833,2.0,2.0,1.0,6526.0,1-5,1379.0,0.9,Sector 37C,4,0
4834,3.0,3.0,2.0,7286.0,1-5,1990.0,1.45,Sector 37C,4,0
4835,3.0,3.0,2.0,7203.0,1-5,1763.0,1.27,Sector 37C,4,0
4836,2.0,2.0,1.0,6348.0,1-5,1402.0,0.89,Sector 37C,4,0
4837,3.0,3.0,2.0,6457.0,1-5,2199.0,1.42,Sector 37C,4,0
4838,3.0,3.0,2.0,7319.0,1-5,1735.0,1.27,Sector 37C,4,0
4839,4.0,4.0,3.0,5933.0,1-5,2764.0,1.64,Sector 37C,4,0
4840,3.0,3.0,2.0,7386.0,1-5,1990.0,1.47,Sector 37C,4,0
4841,3.0,3.0,2.0,7592.0,1-5,1765.0,1.34,Sector 37C,4,0
4842,3.0,4.0,3.0,9546.0,5-10,2095.0,2.0,Sector 109,4,1
4843,3.0,3.0,3.0,10024.0,0-1,2025.0,2.03,Sector 77,6,1
4844,2.0,2.0,1.0,26846.0,1-5,1300.0,3.49,Sector 66,6,1
4845,2.0,2.0,1.0,11904.0,1-5,1470.0,1.75,Sector 67,4,1
4846,2.0,2.0,2.0,8667.0,1-5,1719.0,1.49,Sector 70A,4,0
4847,3.0,3.0,1.0,10208.0,5-10,2400.0,2.45,Sector 67,4,0
4848,3.0,3.0,1.0,22695.0,Under Construction,3525.0,8.0,Sector 65,5,1
4849,2.0,2.0,1.0,8282.0,0-1,990.0,0.82,Sector 37D,4,1
4850,3.0,3.0,1.0,17190.0,0-1,3025.0,5.2,Sector 59,6,1
4851,2.0,2.0,2.0,15448.0,1-5,1508.0,2.33,Sector 62,5,0
4852,3.0,3.0,2.0,22151.0,5-10,3160.0,7.0,Sector 54,6,0
4853,3.0,3.0,1.0,13170.0,Under Construction,2680.0,3.53,DLF Phase 3,3,1
4854,3.0,5.0,4.0,21454.0,10+,2750.0,5.9,Sector 54,3,0
4855,4.0,1.0,1.0,19417.0,10+,2575.0,5.0,DLF Phase 5,4,1
4856,4.0,4.0,3.0,18848.0,10+,3979.0,7.5,DLF Phase 5,5,0
4857,4.0,4.0,3.0,22222.0,1-5,2700.0,6.0,DLF Phase 4,3,1
4858,2.0,2.0,1.0,11250.0,Under Construction,1370.0,1.54,Sector 70A,0,1
4859,2.0,2.0,1.0,11250.0,Under Construction,1370.0,1.54,Sector 70A,0,1
4860,3.0,3.0,2.0,9500.0,1-5,2150.0,2.04,Sector 79,3,1
4861,3.0,3.0,2.0,12382.0,1-5,2132.0,2.64,Sector 81,5,0
4862,4.0,4.0,3.0,13000.0,1-5,2792.0,3.63,Sector 81,5,0
4863,3.0,3.0,2.0,14362.139917695473,1-5,2430.0,3.49,DLF Phase 1,6,1
4864,3.0,3.0,2.0,9500.0,1-5,2015.0,1.91,Sector 79,3,1
4865,3.0,3.0,3.0,12715.0,1-5,2092.0,2.66,Sector 81,5,0
4866,3.0,3.0,2.0,12570.0,1-5,2132.0,2.68,Sector 81,5,0
4867,3.0,3.0,2.0,8982.0,1-5,2015.0,1.81,Sector 79,3,1
4868,4.0,4.0,3.0,12088.0,1-5,2250.0,2.72,Sector 79,3,1
4869,3.0,2.0,2.0,9512.0,1-5,2050.0,1.95,Sector 79,3,1
4870,4.0,3.0,3.0,10280.0,1-5,2675.0,2.75,Sector 79,3,1
4871,4.0,4.0,3.0,13217.0,1-5,2875.0,3.8,Sector 81,5,0
4872,4.0,4.0,3.0,13391.0,1-5,2875.0,3.85,Sector 81,5,0
4873,3.0,3.0,2.0,9268.0,1-5,2050.0,1.9,Sector 79,3,1
4874,4.0,4.0,3.0,9532.0,1-5,2675.0,2.55,Sector 79,3,1
4875,4.0,4.0,3.0,11111.0,1-5,2250.0,2.5,Sector 79,3,1
4876,4.0,4.0,3.0,12883.0,1-5,2872.0,3.7,Sector 81,5,0
4877,3.0,3.0,3.0,12906.0,1-5,2092.0,2.7,Sector 81,5,0
4878,3.0,3.0,2.0,13041.0,1-5,2032.0,2.65,Sector 81,5,0
4879,3.0,3.0,3.0,8372.0,1-5,2150.0,1.8,Sector 79,3,1
4880,4.0,4.0,3.0,12520.0,1-5,3035.0,3.8,Sector 81,5,0
4881,4.0,4.0,3.0,9158.0,1-5,2675.0,2.45,Sector 79,3,1
4882,3.0,3.0,3.0,8604.0,1-5,2150.0,1.85,Sector 79,3,1
4883,4.0,4.0,3.0,13863.0,1-5,2705.0,3.75,Sector 81,5,0
4884,3.0,3.0,2.0,12195.0,1-5,2132.0,2.6,Sector 81,5,0
4885,3.0,4.0,1.0,11650.0,1-5,2103.0,2.45,Sector 81,5,0
4886,3.0,4.0,3.0,14418.0,5-10,2358.0,3.4,Sector 67,4,1
4887,3.0,4.0,4.0,10682.0,10+,2153.0,2.3,Sector 49,4,1
4888,3.0,3.0,3.0,11860.0,1-5,2150.0,2.55,Sector 70A,4,1
4889,3.0,4.0,4.0,22916.0,5-10,3495.0,5.5,Sector 53,4,0
4890,3.0,3.0,2.0,6857.0,1-5,1750.0,1.2,Sector 84,5,1
4891,3.0,4.0,4.0,9973.0,1-5,1895.0,1.89,Sector 86,3,0
4892,3.0,3.0,4.0,15837.0,0-1,2588.0,4.1,Sector 62,5,1
4893,4.0,4.0,4.0,22331.0,0-1,2733.0,5.0,Sector 63,6,0
4894,4.0,5.0,4.0,18311.0,0-1,2321.0,4.25,Sector 63,6,0
4895,4.0,5.0,4.0,24787.0,0-1,2733.0,5.55,Sector 63,6,0
4896,3.0,4.0,4.0,13138.0,10+,3425.0,4.5,Sector 53,4,0
4897,3.0,1.0,0.0,16666.666666666668,5-10,1440.0,2.4,Sector 4,2,1
4898,4.0,4.0,4.0,13057.0,1-5,2872.0,3.75,Sector 81,5,0
4899,4.0,4.0,4.0,7716.0,1-5,3434.0,2.65,Sector 84,4,0
4900,3.0,3.0,3.0,7287.0,10+,1880.0,1.37,Sector 82,4,0
4901,3.0,3.0,3.0,10000.0,1-5,1720.0,1.72,Sector 83,4,0
4902,3.0,3.0,4.0,6629.0,5-10,1810.0,1.2,Sector 81,5,0
4903,2.0,2.0,2.0,9174.0,1-5,1199.0,1.1,Sector 68,4,0
4904,3.0,2.0,3.0,8344.0,Under Construction,1450.0,1.21,Sector 83,4,0
4905,3.0,5.0,3.0,6659.0,0-1,1997.0,1.45,Sector 99A,5,0
4906,3.0,3.0,4.0,14985.0,Under Construction,1704.0,1.55,Sector 69,6,0
4907,3.0,3.0,4.0,15082.0,Under Construction,1704.0,1.56,Sector 69,6,0
4908,4.0,4.0,2.0,13271.604938271605,1-5,3240.0,4.3,DLF Phase 1,3,1
4909,3.0,3.0,3.0,9751.0,1-5,1692.0,1.65,Sector 68,4,0
4910,4.0,4.0,4.0,6406.0,1-5,3434.0,2.2,Sector 84,4,0
4911,3.0,3.0,4.0,6062.0,1-5,1930.0,1.3,Sector 90,3,0
4912,2.0,2.0,4.0,5894.0,1-5,1425.0,0.84,Sector 84,5,0
4913,3.0,3.0,4.0,5494.0,1-5,2275.0,1.25,Sector 84,4,0
4914,3.0,3.0,2.0,8969.907407407407,0-1,1728.0,1.55,Sector 48,2,1
4915,3.0,3.0,3.0,9000.0,0-1,2000.0,1.8,Sector 48,5,1
4916,1.0,1.0,2.0,5600.0,5-10,500.0,0.28,Sector 9,2,1
4917,4.0,4.0,3.0,5221.386800334169,1-5,4788.0,2.5,Sector 9A,2,1
4918,3.0,3.0,2.0,17045.0,0-1,2802.0,3.75,Sector 112,4,0
4919,3.0,3.0,2.0,13204.0,0-1,2802.0,3.7,Sector 112,4,0
4920,3.0,3.0,2.0,14687.0,0-1,3763.0,4.7,Sector 112,4,0
4921,3.0,3.0,2.0,12622.0,0-1,3763.0,4.75,Sector 112,4,0
4922,4.0,6.0,3.0,18125.0,0-1,4848.0,5.8,Sector 112,4,0
4923,4.0,4.0,3.0,16428.0,0-1,4848.0,5.75,Sector 112,4,0
4924,2.0,2.0,1.0,7082.0,1-5,706.0,0.5,Sector 103,2,1
4925,2.0,2.0,2.0,6612.0,0-1,1361.0,0.9,Sector 103,2,0
4926,3.0,3.0,2.0,4823.15112540193,10+,2799.0,1.35,Uppals Southend,2,1
4927,5.0,5.0,4.0,23554.25601039636,1-5,3078.0,7.25,Sector 46,2,1
4928,3.0,4.0,4.0,10630.0,5-10,2587.0,2.75,Sector 57,1,1
4929,3.0,3.0,3.0,9268.0,5-10,2050.0,1.9,Sector 102,4,1
4930,3.0,3.0,3.0,7747.0,5-10,1936.0,1.5,Sector 90,3,0
4931,2.0,2.0,2.0,9696.01677148847,1-5,1908.0,1.85,Sector 63A,5,1
4932,2.0,2.0,1.0,9090.0,1-5,605.0,0.55,Sector 102,4,1
4933,3.0,4.0,3.0,23615.0,5-10,2329.0,5.5,Sector 54,4,1
4934,4.0,5.0,3.0,18750.0,0-1,3200.0,6.0,DLF Phase 1,6,1
4935,3.0,3.0,3.0,10789.0,0-1,1900.0,2.05,Sector 57,3,1
4936,4.0,5.0,4.0,6944.0,0-1,3600.0,2.5,Palam Vihar,2,0
4937,4.0,6.0,4.0,30358.0,1-5,3541.0,10.7497678,Sector 54,5,0
4938,3.0,3.0,2.0,9838.0,1-5,1423.0,1.4,Sector 70A,5,1
4939,3.0,3.0,2.0,10443.0,1-5,1149.0,1.2,Sector 70A,5,0
4940,3.0,3.0,3.0,12387.0,5-10,1776.0,2.2,Sector 48,5,0
4941,4.0,4.0,4.0,13207.0,5-10,2650.0,3.5,Sector 67,4,0
4942,3.0,3.0,2.0,9722.0,0-1,2160.0,2.1,Sushant Lok Phase 3,3,1
4943,4.0,4.0,3.0,9259.0,0-1,2700.0,2.5,Sector 57,3,1
4944,3.0,3.0,2.0,10493.0,0-1,1620.0,1.7,Sector 57,3,1
4945,3.0,3.0,2.0,11111.0,0-1,1620.0,1.8,Sector 57,3,1
4946,4.0,5.0,3.0,15226.0,0-1,2800.0,4.26,Sector 60,5,0
4947,2.0,2.0,2.0,14652.0,0-1,1365.0,2.0,Sector 60,5,0
4948,4.0,4.0,2.0,11691.0,1-5,2010.0,2.35,Sector 69,4,0
4949,3.0,4.0,2.0,9708.0,1-5,1545.0,1.5,Sector 33,5,0
4950,3.0,3.0,3.0,9254.0,10+,1945.0,1.8,Sector 48,2,0
4951,3.0,3.0,4.0,10468.0,10+,1815.0,1.9,Nirvana Country,5,0
4952,3.0,3.0,3.0,12465.0,5-10,1805.0,2.25,Sector 49,3,0
4953,3.0,3.0,3.0,9568.0,Under Construction,1829.0,1.75,Sector 85,4,0
4954,2.0,2.0,3.0,9447.0,Under Construction,1429.0,1.35,Sector 85,4,0
4955,3.0,3.0,3.0,12100.0,5-10,2066.0,2.5,Nirvana Country,4,0
4956,3.0,3.0,4.0,12012.0,5-10,1665.0,2.0,Sector 48,4,0
4957,4.0,4.0,4.0,12857.0,1-5,1750.0,2.25,Sector 65,6,0
4958,1.0,1.0,1.0,4030.0,0-1,414.0,0.1669999999999999,Sector 92,5,0
4959,3.0,4.0,4.0,8651.0,0-1,2150.0,1.86,Sector 79,3,0
4960,2.0,2.0,1.0,8591.06529209622,0-1,582.0,0.5,Sector 76,3,0
4961,2.0,2.0,2.0,3566.0,0-1,729.0,0.26,Sector 4,2,0
4962,2.0,2.0,2.0,4649.0,0-1,570.0,0.265,Sector 99A,5,0
4963,2.0,2.0,2.0,4267.0,0-1,621.0,0.265,Sector 99,4,0
4964,2.0,2.0,2.0,5065.0,0-1,691.0,0.35,Sector 67A,2,0
4965,2.0,2.0,2.0,4546.0,Under Construction,659.0,0.3,Sector 81,5,0
4966,4.0,5.0,4.0,12437.810945273632,Under Construction,3618.0,4.5,DLF Phase 1,3,1
4967,2.0,2.0,3.0,6873.977086743044,0-1,611.0,0.42,Sector 76,3,0
4968,2.0,2.0,2.0,6883.0,Under Construction,523.0,0.36,Sector 89,4,1
4969,2.0,2.0,1.0,7668.0,1-5,639.0,0.49,Sector 71,6,0
4970,2.0,2.0,2.0,4708.0,1-5,524.0,0.2,Sector 99A,5,0
4971,2.0,2.0,2.0,3539.0,0-1,725.0,0.2566,Sector 76,3,0
4972,2.0,2.0,1.0,4115.0,Under Construction,578.0,0.238,Sector 76,4,0
4973,1.0,1.0,1.0,4494.0,0-1,356.0,0.16,Kadarpur,4,0
4974,3.0,2.0,2.0,8443.0,1-5,1137.0,0.96,Sector 70,4,0
4975,2.0,2.0,2.0,5966.0,Under Construction,559.0,0.3339999999999999,Sector 81,5,0
4976,3.0,3.0,3.0,5665.0,1-5,1765.0,1.0,Sector 76,1,1
4977,2.0,2.0,3.0,4078.0,0-1,635.0,0.259,Sector 76,3,0
4978,3.0,4.0,4.0,10060.0,1-5,1650.0,1.66,Sector 102,4,0
4979,2.0,2.0,3.0,11268.0,1-5,1534.0,1.19,Sector 107,2,0
4980,3.0,3.0,1.0,9331.0,1-5,1929.0,1.8,Sector 86,4,0
4981,2.0,2.0,3.0,3981.481481481481,0-1,1620.0,0.645,Sector 83,2,1
4982,4.0,4.0,4.0,10398.0,0-1,2308.0,2.6,Sector 82A,4,0
4983,3.0,3.0,4.0,13201.0,0-1,1818.0,2.4,Sector 82A,4,0
4984,3.0,3.0,3.0,6327.16049382716,0-1,3240.0,2.05,Sector 82,2,1
4985,2.0,2.0,3.0,7037.0,0-1,1350.0,1.1,Sector 88B,3,0
4986,3.0,3.0,4.0,6172.83950617284,0-1,3240.0,2.0,Sector 82A,3,1
4987,4.0,4.0,4.0,10240.0,1-5,4548.0,4.25,Sector 102,4,0
4988,4.0,4.0,3.0,4784.0,1-5,2090.0,1.0,Sector 92,1,1
4989,3.0,3.0,2.0,4977.0,1-5,1326.0,0.66,Sector 92,1,1
4990,3.0,3.0,3.0,21759.0,1-5,2160.0,4.7,Sector 82,2,0
4991,3.0,4.0,2.0,9550.0,1-5,2000.0,1.91,Sector 102,4,0
4992,4.0,4.0,2.0,12931.0,10+,1740.0,2.3,DLF Phase 2,3,0
4993,3.0,3.0,3.0,6944.0,5-10,2160.0,1.7,Sector 82,4,0
4994,4.0,4.0,2.0,7314.0,0-1,3240.0,2.37,Palam Vihar,2,1
4995,3.0,4.0,3.0,24047.0,10+,2283.0,5.49,Sector 54,4,0
4996,3.0,4.0,4.0,7727.0,10+,2200.0,1.7,Sector 56,3,0
4997,3.0,3.0,2.0,12195.0,0-1,2050.0,2.5,Sector 63,6,1
4998,3.0,3.0,2.0,10500.0,0-1,2000.0,2.1,Sector 63,1,1
4999,4.0,4.0,2.0,7407.0,0-1,2700.0,2.0,Sector 83,6,1
5000,3.0,3.0,3.0,16460.0,0-1,3888.0,6.4,Sector 65,5,0
5001,4.0,4.0,2.0,19444.444444444445,10+,1440.0,2.8,Sector 14,3,1
5002,4.0,4.0,4.0,10000.0,5-10,2000.0,2.0,Sector 49,2,0
5003,4.0,4.0,4.0,17721.0,1-5,1975.0,3.5,Sector 65,2,1
5004,2.0,2.0,2.0,7000.0,1-5,929.0,0.65,Sector 83,6,1
5005,3.0,3.0,2.0,7175.0,0-1,2160.0,1.6,Sector 83,6,1
5006,4.0,6.0,3.0,16200.0,0-1,4165.0,6.75,Sector 26,3,1
5007,3.0,2.0,2.0,6551.0,Under Construction,1511.0,0.99,Sector 95,4,0
5008,6.0,3.0,4.0,15777.777777777776,10+,900.0,1.42,Sector 7 Extension,2,1
5009,2.0,2.0,2.0,15523.0,1-5,1385.0,2.15,Sector 60,5,0
5010,4.0,4.0,4.0,13211.0,10+,2195.0,2.9,Sector 48,4,0
5011,5.0,5.0,4.0,22222.0,1-5,4500.0,10.0,Sector 33,2,1
5012,4.0,3.0,3.0,5350.0,0-1,1870.0,1.0,Sector 92,1,1
5013,8.0,8.0,4.0,17485.613103142983,5-10,4518.0,7.9,Sector 17,4,1
5014,4.0,4.0,4.0,8348.0,0-1,2755.0,2.3,Sector 83,1,1
5015,4.0,5.0,3.0,20625.0,5-10,4000.0,8.25,Sector 48,3,1
5016,3.0,2.0,2.0,6436.0,5-10,1740.0,1.12,Sector 83,2,0
5017,4.0,4.0,2.0,8190.0,Under Construction,2808.0,2.3,Sector 84,4,1
5018,3.0,3.0,4.0,11513.0,10+,2345.0,2.7,Sector 48,5,0
5019,3.0,4.0,2.0,11931.0,0-1,1408.0,1.68,Sector 83,6,1
5020,2.0,2.0,1.0,6836.0,10+,1097.0,0.75,Valley View Estate,2,1
5021,7.0,7.0,4.0,21455.938697318008,5-10,2610.0,5.6,Sector 15 Part 2,3,1
5022,3.0,2.0,3.0,6630.0,1-5,1840.0,1.22,Sector 83,2,1
5023,5.0,5.0,2.0,14747.474747474747,10+,4950.0,7.3,Sector 17,4,1
5024,3.0,2.0,3.0,6400.0,1-5,2110.0,1.35,Sector 83,2,1
5025,3.0,2.0,2.0,6857.0,1-5,1740.0,1.2,Sector 83,2,1
5026,4.0,4.0,2.0,10513.501549358123,1-5,4518.0,4.75,Sector 54,3,0
5027,7.0,7.0,2.0,15094.926859632742,10+,3213.0,4.85,Sector 17,4,1
5028,4.0,4.0,2.0,19333.33333333333,10+,2250.0,4.35,Sector 14,3,1
5029,3.0,3.0,2.0,10335.0,0-1,1935.0,2.0,Sector 17,4,1
5030,4.0,4.0,2.0,18702.0,10+,4518.0,8.45,Sector 17B,3,1
5031,4.0,5.0,4.0,13035.0,5-10,2685.0,3.5,Sector 67,4,0
5032,4.0,5.0,4.0,16000.0,1-5,2213.0,3.55,Sector 63,2,0
5033,2.0,2.0,2.0,7899.0,0-1,1671.0,1.32,Sector 85,4,0
5034,3.0,3.0,2.0,7529.0,Under Construction,1700.0,1.28,Sector 95,4,0
5035,3.0,3.0,2.0,14322.0,0-1,2367.0,2.22,Sector 23,2,1
5036,2.0,2.0,2.0,11755.0,1-5,1276.0,1.5,Sector 113 Gurgaon,5,0
5037,2.0,2.0,2.0,10267.0,1-5,1198.0,1.23,Sector 110 A,3,0
5038,2.0,2.0,2.0,10350.0,1-5,1198.0,1.24,Sector 110 A,3,0
5039,3.0,3.0,3.0,11247.0,5-10,1867.0,2.1,Sector 50,3,0
5040,2.0,2.0,1.0,10576.0,5-10,1040.0,1.1,Sector 50,3,0
5041,2.0,2.0,2.0,12222.0,10+,980.0,1.1,Sector 43,3,0
5042,3.0,3.0,3.0,17804.0,5-10,2050.0,3.8,Sector 60,5,0
5043,4.0,4.0,4.0,17624.521072796935,5-10,2610.0,4.6,Sector 70A,3,1
5044,3.0,3.0,4.0,23333.0,0-1,1700.0,3.5,Sushant Lok Phase 1,3,1
5045,2.0,2.0,3.0,7028.0,5-10,1565.0,1.1,Palam Vihar,6,0
5046,3.0,2.0,1.0,20000.0,0-1,1550.0,3.1,Sector 88B,3,1
5047,3.0,4.0,4.0,8281.0,5-10,1920.0,1.59,Palam Vihar,6,0
5048,3.0,4.0,4.0,8072.0,5-10,1920.0,1.55,Palam Vihar,6,0
5049,2.0,2.0,3.0,7137.0,5-10,1415.0,1.04,Palam Vihar,6,0
5050,4.0,3.0,3.0,21043.771043771045,1-5,594.0,1.25,Ansal Plaza,2,0
5051,4.0,3.0,3.0,15993.265993265994,1-5,594.0,0.95,Ansal Plaza,2,0
5052,3.0,2.0,2.0,7164.0,5-10,1326.0,0.95,Sector 69,2,0
5053,2.0,2.0,1.0,10240.0,5-10,1040.0,1.07,Sector 50,3,0
5054,3.0,3.0,4.0,7921.0,5-10,1780.0,1.41,Palam Vihar,6,0
5055,3.0,4.0,4.0,8338.0,5-10,1920.0,1.6,Palam Vihar,6,0
5056,3.0,4.0,4.0,8307.0,5-10,1920.0,1.6,Palam Vihar,6,0
5057,4.0,4.0,4.0,17857.0,10+,2800.0,5.0,DLF Phase 4,2,0
5058,3.0,3.0,3.0,4888.888888888889,5-10,2250.0,1.1,Sector 67,3,1
5059,3.0,3.0,2.0,10901.0,5-10,1376.0,1.5,Sector 50,3,0
5060,2.0,2.0,1.0,10192.0,1-5,1040.0,1.06,Sector 50,3,0
5061,4.0,4.0,4.0,7525.0,0-1,2990.0,2.25,Sector 82A,5,0
5062,3.0,3.0,3.0,13333.0,0-1,1350.0,1.8,Sector 65,4,0
5063,3.0,3.0,3.0,16178.0,0-1,3363.0,5.25,Sector 65,5,0
5064,4.0,4.0,2.0,17142.0,1-5,1750.0,3.0,Sector 65,6,1
5065,4.0,6.0,4.0,20648.0,5-10,3390.0,7.0,Sector 53,4,0
5066,4.0,5.0,3.0,20682.0,10+,3868.0,8.0,DLF Phase 5,5,0
5067,4.0,4.0,4.0,16622.0,5-10,3760.0,6.25,Sector 66,2,0
5068,3.0,4.0,4.0,24962.0,10+,1983.0,4.95,Sector 54,4,0
5069,4.0,4.0,2.0,6172.83950617284,0-1,3078.0,1.9,Sector 51,3,1
5070,3.0,3.0,3.0,8650.0,10+,2000.0,1.73,Sector 56,3,1
5071,3.0,4.0,3.0,10476.0,1-5,2100.0,2.2,Sector 109,6,0
5072,3.0,3.0,3.0,7765.0,1-5,1880.0,1.46,Sector 82,4,1
5073,4.0,6.0,3.0,18169.0,10+,3715.0,6.75,Sector 47,4,0
5074,2.0,2.0,2.0,11951.0,10+,980.0,0.98,Sector 43,3,0
5075,2.0,3.0,2.0,16129.0,1-5,1550.0,2.5,Sector 60,5,0
5076,3.0,3.0,3.0,11764.0,5-10,1700.0,2.0,Sector 61,5,0
5077,3.0,3.0,4.0,6878.0,5-10,1890.0,1.3,Sector 84,5,0
5078,2.0,2.0,1.0,6965.0,0-1,603.0,0.42,Sector 112,4,1
5079,3.0,4.0,4.0,7869.0,5-10,1920.0,1.51,Palam Vihar,6,0
5080,4.0,4.0,4.0,30555.555555555555,5-10,540.0,1.65,Sushant Lok Phase 1,3,1
5081,2.0,2.0,3.0,8051.0,5-10,1565.0,1.26,Palam Vihar,6,0
5082,1.0,1.0,2.0,8632.0,5-10,651.0,0.562,Palam Vihar,6,0
5083,3.0,4.0,3.0,10909.0,1-5,1650.0,1.8,Sushant Lok Phase 3,3,1
5084,4.0,4.0,2.0,7345.0,0-1,3240.0,2.38,Palam Vihar,2,1
5085,4.0,4.0,2.0,7283.0,0-1,3240.0,2.36,Palam Vihar,2,1
5086,3.0,3.0,2.0,8824.0,0-1,2459.0,2.17,Palam Vihar,2,1
5087,3.0,3.0,2.0,8662.0,0-1,2459.0,2.13,Palam Vihar,2,1
5088,4.0,4.0,2.0,20759.0,Under Construction,3950.0,8.2,Sector 63,1,0
5089,3.0,3.0,1.0,13157.0,5-10,1406.0,1.85,DLF Phase 4,2,0
5090,3.0,3.0,3.0,9395.0,0-1,1490.0,1.4,Sector 79,5,1
5091,2.0,2.0,2.0,15251.0,0-1,1508.0,2.3,Sector 62,5,0
5092,4.0,5.0,2.0,12500.0,0-1,3600.0,4.5,Sector 49,3,0
5093,4.0,6.0,3.0,17920.0,1-5,2816.0,4.48,Sector 60,5,0
5094,3.0,4.0,3.0,13224.0,5-10,1777.0,2.35,DLF Phase 4,3,0
5095,3.0,3.0,2.0,11142.0,1-5,1750.0,1.95,South City 2,0,0
5096,3.0,3.0,2.0,12500.0,1-5,1600.0,2.0,Malibu Town,2,1
5097,4.0,5.0,4.0,19523.0,0-1,2100.0,4.1,Sector 66,4,0
5098,4.0,5.0,2.0,16956.0,0-1,2700.0,3.9,Sector 26,3,1
5099,4.0,4.0,3.0,19223.0,5-10,2800.0,5.0,DLF Phase 5,3,0
5100,3.0,3.0,3.0,10384.0,5-10,1345.0,1.35,Sector 43,3,0
5101,3.0,3.0,3.0,12612.0,5-10,1665.0,2.1,Sector 48,4,0
5102,3.0,2.0,2.0,4814.0,Under Construction,1350.0,0.65,Gwal Pahari,1,1
5103,2.0,2.0,2.0,7391.0,5-10,1150.0,0.85,Sector 56,3,1
5104,4.0,4.0,2.0,7407.407407407408,1-5,2700.0,2.0,Sector 55,3,1
5105,3.0,2.0,2.0,9032.0,1-5,1550.0,1.4,Sector 56,3,0
5106,2.0,2.0,2.0,8899.0,5-10,1045.0,0.93,Sector 56,3,1
5107,3.0,3.0,4.0,10248.0,1-5,2293.0,2.35,Sector 57,1,0
5108,5.0,6.0,4.0,27777.777777777777,5-10,2700.0,7.5,Sushant Lok Phase 3,3,1
5109,3.0,3.0,4.0,6739.0,5-10,2300.0,1.55,Sector 56,3,0
5110,3.0,3.0,4.0,7027.0,5-10,1850.0,1.3,Sector 56,3,0
5111,4.0,4.0,4.0,6913.0,5-10,2900.0,2.01,Sector 51,3,0
5112,4.0,4.0,4.0,6670.0,5-10,2900.0,2.3,Sector 51,3,0
5113,3.0,2.0,2.0,5358.15002820079,5-10,1773.0,0.95,Sector 57,3,1
5114,3.0,3.0,1.0,4814.0,Under Construction,1350.0,0.65,Gwal Pahari,1,1
5115,3.0,3.0,1.0,4888.0,Under Construction,1350.0,0.66,Gwal Pahari,1,1
5116,4.0,4.0,2.0,9465.0,1-5,2800.0,2.65,Sushant Lok Phase 1,3,1
5117,6.0,3.0,4.0,24074.0,1-5,540.0,1.3,Sushant Lok Phase 2,3,1
5118,3.0,3.0,4.0,8578.0,5-10,2040.0,1.75,Sector 56,3,0
5119,3.0,3.0,2.0,5111.0,Under Construction,1350.0,0.69,Sector 56,3,1
5120,2.0,2.0,3.0,7765.0,1-5,1481.0,1.15,Sector 103,4,0
5121,3.0,3.0,2.0,18512.0,1-5,3025.0,5.6,Sector 59,6,1
5122,3.0,4.0,4.0,11111.111111111111,0-1,2700.0,3.0,Sector 49,3,1
5123,3.0,3.0,2.0,5740.740740740741,5-10,2700.0,1.55,Sushant Lok Phase 2,0,1
5124,2.0,2.0,3.0,8101.472995090016,0-1,611.0,0.495,Sector 76,3,0
5125,2.0,2.0,2.0,5901.0,0-1,623.0,0.36,Sohna,4,0
5126,4.0,4.0,4.0,9988.0,1-5,1950.0,1.7,Sector 77,4,0
5127,3.0,2.0,3.0,6833.0,Under Construction,1522.0,1.04,Sector 95,4,0
5128,3.0,3.0,2.0,7506.0,1-5,1865.0,1.4,Sector 37D,3,0
5129,4.0,4.0,3.0,20000.0,Under Construction,2650.0,5.3,Sector 59,6,1
5130,4.0,4.0,3.0,22000.0,Under Construction,2229.0,4.91,Sector 53,3,1
5131,3.0,3.0,2.0,13125.0,Under Construction,1600.0,2.1,Sector 63,1,1
5132,3.0,4.0,4.0,13009.0,1-5,2452.0,3.19,Sector 67,4,1
5133,3.0,3.0,3.0,19444.0,Under Construction,2200.0,3.5,Sector 63A,5,0
5134,3.0,5.0,1.0,26086.0,5-10,2850.0,6.0,Sector 65,5,0
5135,3.0,3.0,3.0,21363.0,Under Construction,1470.0,2.35,Sector 63A,5,0
5136,3.0,4.0,3.0,20833.0,1-5,1717.0,2.5,Sector 63,2,0
5137,3.0,3.0,3.0,11250.0,Under Construction,1500.0,1.35,Sector 92,4,0
5138,3.0,3.0,3.0,18888.0,Under Construction,2200.0,2.55,Sector 63,6,1
5139,3.0,3.0,2.0,8461.0,Under Construction,1950.0,1.65,Sector 70,3,0
5140,4.0,4.0,4.0,20226.0,1-5,4944.0,10.0,Sector 65,5,1
5141,4.0,6.0,2.0,22151.0,1-5,3160.0,7.0,Sector 54,6,0
5142,3.0,3.0,3.0,20312.0,0-1,2047.0,3.25,Sector 67,4,0
5143,5.0,6.0,4.0,27160.49382716049,0-1,4050.0,11.0,Sushant Lok Phase 1,3,0
5144,4.0,6.0,3.0,15343.0,0-1,3715.0,6.7,Sector 47,4,0
5145,3.0,5.0,3.0,15384.0,1-5,2470.0,4.2,Sector 47,4,1
5146,3.0,4.0,3.0,16250.0,1-5,2400.0,3.25,Sector 67,4,0
5147,3.0,4.0,2.0,11658.0,0-1,3860.0,4.5,Sector 50,2,0
5148,4.0,4.0,3.0,20512.0,1-5,3900.0,8.0,Sector 28,3,0
5149,4.0,4.0,4.0,20634.0,0-1,3150.0,6.5,MG Road,4,0
5150,3.0,4.0,3.0,18055.0,0-1,2358.0,3.25,Sector 67,4,0
5151,3.0,4.0,4.0,12761.0,0-1,3918.0,5.0,Sector 65,5,0
5152,3.0,3.0,2.0,21212.0,5-10,3300.0,7.0,Sushant Lok Phase 1,3,0
5153,3.0,5.0,3.0,14450.0,0-1,2422.0,3.5,Sector 67,4,0
5154,3.0,4.0,3.0,17206.0,0-1,2470.0,4.25,Sector 47,4,0
5155,4.0,5.0,3.0,10588.0,1-5,3400.0,3.6,Sector 110,6,0
5156,2.0,2.0,2.0,10892.0,1-5,964.0,1.05,Sector 102,4,0
5157,2.0,2.0,2.0,17913.0,Under Construction,1099.0,1.23,Sector 104,5,0
5158,2.0,2.0,2.0,17840.0,Under Construction,1099.0,1.22,Sector 104,5,0
5159,2.0,2.0,2.0,17694.0,Under Construction,1099.0,1.21,Sector 104,5,1
5160,4.0,4.0,4.0,13280.212483399737,0-1,4518.0,6.0,DLF Phase 3,6,1
5161,3.0,2.0,2.0,12767.676767676769,5-10,2475.0,3.16,Sector 51,3,1
5162,5.0,6.0,4.0,31785.516860143725,1-5,3618.0,11.5,DLF Phase 3,6,1
5163,4.0,4.0,4.0,22855.133614627284,5-10,2844.0,6.5,DLF Phase 3,6,1
5164,4.0,4.0,4.0,12086.0,1-5,2416.0,2.92,Sector 47,2,0
5165,3.0,5.0,4.0,16666.0,1-5,3300.0,5.5,Sector 66,2,0
5166,4.0,6.0,3.0,21241.0,1-5,3625.0,7.7,Sector 59,6,0
5167,4.0,4.0,2.0,16428.0,0-1,3500.0,5.75,DLF Phase 1,3,1
5168,3.0,2.0,3.0,16666.0,5-10,1640.0,2.0,Sector 49,2,0
5169,4.0,4.0,4.0,30864.1975308642,5-10,3240.0,10.0,Nirvana Country,3,1
5170,3.0,2.0,3.0,9310.0,0-1,1450.0,1.35,Sector 68,5,0
5171,4.0,4.0,4.0,11994.0,1-5,2376.0,2.85,Sector 48,5,0
5172,4.0,4.0,4.0,16835.0,1-5,3267.0,5.5,Sector 67,4,0
5173,3.0,4.0,3.0,15267.0,1-5,2358.0,3.6,Sector 67,4,0
5174,4.0,5.0,3.0,18181.0,1-5,3300.0,6.0,Sector 72,3,0
5175,3.0,4.0,2.0,11904.0,5-10,2100.0,2.5,Nirvana Country,4,0
5176,3.0,4.0,4.0,21208.0,1-5,2499.0,5.3,Sector 65,3,0
5177,3.0,4.0,2.0,12160.0,1-5,2097.0,2.55,Nirvana Country,4,1
5178,4.0,4.0,4.0,11772.0,1-5,2336.0,2.75,Sector 48,5,1
5179,4.0,4.0,4.0,8853.0,1-5,4518.0,4.0,Sector 23,2,1
5180,3.0,3.0,3.0,10620.0,1-5,1836.0,1.95,Sector 23,2,1
5181,4.0,4.0,4.0,10555.0,1-5,4500.0,4.75,Palam Vihar,2,1
5182,4.0,4.0,4.0,9567.0,1-5,3240.0,3.1,Palam Vihar,2,1
5183,4.0,4.0,3.0,9595.0,1-5,2970.0,2.85,Palam Vihar,2,1
5184,3.0,3.0,3.0,12444.0,1-5,2250.0,2.8,Palam Vihar,2,1
5185,3.0,3.0,3.0,8333.0,1-5,2160.0,1.8,Palam Vihar,2,1
5186,4.0,4.0,4.0,8078.0,1-5,4518.0,3.65,Palam Vihar,2,1
5187,4.0,4.0,4.0,8024.0,1-5,3240.0,2.6,Palam Vihar,2,1
5188,4.0,4.0,4.0,7735.0,1-5,2844.0,2.2,Palam Vihar,2,1
5189,4.0,4.0,4.0,8518.0,1-5,2700.0,2.3,Sector 23,2,1
5190,4.0,4.0,4.0,7968.0,1-5,4518.0,3.6,Sector 23,2,1
5191,4.0,4.0,4.0,8447.0,1-5,3078.0,2.6,Sector 23,2,1
5192,3.0,3.0,3.0,9259.0,1-5,2430.0,2.25,Sector 23,2,1
5193,3.0,3.0,3.0,9531.0,1-5,1836.0,1.75,Sector 23,2,1
5194,3.0,3.0,3.0,7818.0,1-5,2430.0,1.9,Sector 23A,2,1
5195,4.0,4.0,4.0,7777.0,1-5,4500.0,3.5,Palam Vihar,2,1
5196,4.0,4.0,4.0,9027.0,1-5,3600.0,3.25,Palam Vihar,2,1
5197,4.0,4.0,4.0,8122.0,1-5,3078.0,2.5,Palam Vihar,2,1
5198,4.0,4.0,4.0,7222.0,1-5,2700.0,1.95,Palam Vihar,2,1
5199,3.0,3.0,3.0,6995.0,1-5,2430.0,1.7,Palam Vihar,2,1
5200,4.0,4.0,3.0,7407.0,1-5,2700.0,2.0,Sector 23,2,1
5201,4.0,4.0,3.0,7797.0,1-5,3078.0,2.4,Sector 23,2,1
5202,2.0,2.0,2.0,9722.0,Under Construction,1440.0,1.4,Sector 85,4,0
5203,3.0,3.0,3.0,14732.965009208105,1-5,1086.0,1.6,Sector 79,5,0
5204,2.0,2.0,2.0,17928.28685258964,1-5,753.0,1.35,Sector 79,5,0
5205,3.0,3.0,3.0,8399.0,1-5,2262.0,1.9,Sector 79,3,0
5206,2.0,2.0,3.0,8905.0,1-5,1572.0,1.4,Sector 79,3,0
5207,2.0,2.0,3.0,12500.0,Under Construction,1400.0,1.75,Sector 106,5,0
5208,4.0,4.0,3.0,8888.0,1-5,4500.0,4.0,South City 2,3,1
5209,3.0,3.0,3.0,10555.0,1-5,1800.0,1.9,Malibu Town,2,1
5210,2.0,2.0,2.0,11475.0,Under Construction,915.0,1.05,Sector 102,4,0
5211,3.0,3.0,4.0,7995.0,1-5,1976.0,1.58,Sector 70A,1,1
5212,3.0,3.0,2.0,16610.0,1-5,2588.0,4.3,Sector 62,5,0
5213,3.0,4.0,4.0,6236.0,1-5,1844.0,1.15,Sector 104,6,1
5214,4.0,4.0,4.0,14545.0,1-5,2750.0,4.0,Sector 106,5,1
5215,4.0,4.0,4.0,14705.0,1-5,2720.0,4.0,Sector 109,3,1
5216,4.0,4.0,4.0,19490.0,1-5,1571.0,2.45,Sector 3,5,1
5217,2.0,2.0,3.0,7963.0,Under Construction,1444.0,1.15,Sector 3,5,0
5218,3.0,3.0,3.0,13333.0,1-5,1728.0,1.8,Malibu Town,2,0
5219,3.0,3.0,2.0,9657.0,0-1,1750.0,1.69,Malibu Town,2,1
5220,3.0,3.0,3.0,12500.0,1-5,2160.0,2.7,Sector 45,2,0
5221,4.0,4.0,4.0,7472.0,0-1,3078.0,2.3,Sector 57,2,0
5222,3.0,3.0,4.0,8180.0,Under Construction,2078.0,1.7,Sector 3,5,0
5223,4.0,4.0,2.0,10000.0,0-1,2700.0,2.7,Sector 48,5,1
5224,3.0,3.0,3.0,17514.0,10+,1550.0,2.1,Sector 46,2,1
5225,3.0,2.0,2.0,11794.0,10+,1600.0,1.65,South City 1,3,1
5226,2.0,2.0,2.0,17000.0,10+,980.0,1.19,South City,3,1
5227,2.0,2.0,1.0,16111.0,10+,1220.0,1.45,Sector 41,3,0
5228,4.0,5.0,4.0,20000.0,10+,3000.0,4.5,Sector 41,3,0
5229,3.0,3.0,2.0,15427.0,10+,1902.0,2.55,Sector 41,3,0
5230,3.0,4.0,4.0,18065.0,10+,2116.0,3.25,Sector 41,3,0
5231,3.0,2.0,2.0,16444.0,10+,1648.0,2.22,Sector 41,3,0
5232,3.0,2.0,2.0,17244.0,10+,1548.0,2.24,Sector 41,3,1
5233,4.0,4.0,4.0,9444.0,5-10,4500.0,4.25,Sector 49,2,1
5234,3.0,3.0,3.0,10187.0,5-10,1816.0,1.85,Nirvana Country,5,1
5235,2.0,2.0,2.0,5405.405405405405,1-5,1665.0,0.9,Sector 49,2,1
5236,3.0,2.0,2.0,6666.666666666667,5-10,1800.0,1.2,Uppals Southend,2,1
5237,4.0,3.0,2.0,14062.0,1-5,2400.0,2.25,Sector 67A,5,1
5238,2.0,2.0,1.0,9780.0,0-1,501.0,0.49,Sector 86,3,1
5239,3.0,4.0,4.0,17090.0,10+,2112.0,2.82,Sector 41,3,0
5240,3.0,3.0,3.0,12580.0,10+,1734.0,1.76,Sector 41,3,1
5241,4.0,5.0,4.0,14736.0,0-1,2600.0,2.8,South City 1,3,1
5242,3.0,5.0,4.0,18918.0,10+,2311.0,3.5,Sector 31,3,0
5243,3.0,5.0,3.0,23783.0,10+,2470.0,4.4,Sector 47,4,0
5244,3.0,4.0,2.0,12800.0,10+,2500.0,3.2,Heritage City,3,1
5245,3.0,4.0,3.0,7777.0,Under Construction,1800.0,1.4,Sector 92,4,0
5246,3.0,3.0,3.0,14461.0,10+,1650.0,1.88,Sector 46,2,0
5247,3.0,3.0,3.0,13000.0,0-1,2000.0,2.6,Sector 41,3,0
5248,4.0,5.0,4.0,13750.0,10+,3400.0,3.3,Sector 48,5,0
5249,3.0,5.0,4.0,13235.0,10+,2112.0,2.25,Sector 41,3,1
5250,3.0,3.0,2.0,8400.0,1-5,1744.0,1.47,Sector 90,3,0
5251,3.0,2.0,2.0,5684.754521963824,5-10,1935.0,1.1,Uppals Southend,2,1
5252,3.0,2.0,3.0,8101.851851851852,0-1,2160.0,1.75,Sector 48,5,1
5253,4.0,4.0,3.0,10539.478385137549,0-1,2799.0,2.95,Uppals Southend,2,1
5254,3.0,2.0,4.0,6018.518518518518,5-10,2160.0,1.3,Uppals Southend,2,1
5255,3.0,3.0,2.0,6018.518518518518,5-10,2160.0,1.3,Uppals Southend,2,1
5257,2.0,2.0,3.0,3888.8888888888887,1-5,2700.0,1.05,Sector 56,3,1
5258,2.0,2.0,1.0,10000.0,0-1,500.0,0.5,Sector 86,3,1
5259,3.0,4.0,4.0,11823.0,1-5,2092.0,2.47,Sector 81,5,0
5260,3.0,3.0,4.0,8871.0,1-5,1702.0,1.51,Sector 90,3,0
5261,3.0,3.0,3.0,8578.0,1-5,1702.0,1.46,Sector 90,3,0
5262,3.0,3.0,3.0,8343.0,1-5,1702.0,1.42,Sector 90,3,0
5263,2.0,2.0,3.0,14285.0,0-1,1050.0,1.5,Sector 102,4,1
5264,2.0,2.0,3.0,14730.0,0-1,964.0,1.42,Sector 102,4,1
5265,2.0,2.0,2.0,12121.0,Under Construction,990.0,1.2,Sector 85,4,1
5266,4.0,6.0,3.0,5641.0,1-5,3950.0,2.2,Sector 85,4,0
5267,2.0,2.0,2.0,7078.0,0-1,1342.0,0.95,Sector 77,4,1
5268,3.0,4.0,4.0,16934.0,0-1,1950.0,2.1,Sector 83,4,1
5269,3.0,3.0,2.0,5401.234567901234,5-10,2592.0,1.4,Sector 49,2,1
5270,4.0,4.0,2.0,10555.555555555557,0-1,2700.0,2.85,Sector 48,5,1
5271,2.0,2.0,2.0,6024.0,1-5,1245.0,0.75,Sector 83,5,0
5272,4.0,4.0,3.0,14000.0,Under Construction,2750.0,3.85,Sector 106,5,1
5273,3.0,4.0,3.0,19714.0,1-5,2086.0,2.35,Sector 82A,4,0
5274,4.0,4.0,3.0,17142.0,Under Construction,1505.0,2.58,Sector 102,4,0
5275,3.0,4.0,4.0,8087.0,1-5,1929.0,1.56,Sector 86,4,0
5276,3.0,3.0,4.0,9302.32558139535,5-10,1935.0,1.8,Uppals Southend,2,1
5277,4.0,5.0,4.0,12499.0,0-1,4000.0,5.0,DLF Phase 1,3,1
5278,3.0,3.0,2.0,12000.0,0-1,2250.0,2.7,DLF Phase 2,3,1
5279,3.0,3.0,2.0,14250.0,0-1,1600.0,2.28,DLF Phase 2,2,1
5280,4.0,4.0,4.0,19776.0,1-5,2273.0,2.65,Sector 82A,4,0
5281,3.0,3.0,4.0,7700.0,1-5,1818.0,1.4,Sector 90,3,0
5282,3.0,4.0,4.0,13816.0,0-1,2895.0,4.0,Sector 53,4,0
5283,4.0,5.0,2.0,12857.0,0-1,3500.0,4.5,DLF Phase 1,3,1
5284,3.0,5.0,3.0,8307.0,1-5,1950.0,1.62,Sector 70,3,1
5285,3.0,3.0,2.0,8484.0,1-5,1744.0,1.4,Sector 90,3,1
5286,2.0,2.0,3.0,9111.0,1-5,1350.0,1.23,Sector 70,3,1
5287,3.0,5.0,3.0,8358.0,1-5,1950.0,1.63,Sector 70,3,1
5288,3.0,5.0,3.0,8384.0,1-5,1950.0,1.63,Sector 70,3,1
5289,3.0,3.0,1.0,9435.0,0-1,1950.0,1.84,Sector 70,3,0
5290,3.0,2.0,2.0,5555.555555555556,5-10,1980.0,1.1,Uppals Southend,2,1
5291,3.0,2.0,2.0,6806.0,0-1,1616.0,1.25,Sector 77,4,0
5292,4.0,5.0,3.0,7777.777777777777,0-1,4500.0,3.5,Uppals Southend,2,1
5293,2.0,2.0,3.0,9238.0,1-5,1050.0,0.97,Sector 108,4,0
5294,3.0,3.0,3.0,10394.0,5-10,1799.0,1.87,Sector 82A,4,1
5295,3.0,4.0,4.0,6896.0,1-5,2320.0,1.6,Sector 91,3,1
5296,2.0,2.0,1.0,8283.0,0-1,501.0,0.415,Sector 86,3,1
5297,4.0,4.0,4.0,10481.0,5-10,2576.0,2.7,Sector 82A,4,1
5298,4.0,4.0,4.0,12356.0,5-10,2792.0,3.45,Sector 81,5,0
5299,3.0,3.0,4.0,9625.0,1-5,1818.0,1.75,Sector 82A,4,0
5300,2.0,2.0,2.0,6641.0,1-5,1310.0,0.87,Sector 91,3,0
5301,4.0,4.0,4.0,13439.0,5-10,2753.0,3.7,Sector 81,5,1
5302,3.0,3.0,4.0,6981.0,5-10,1862.0,1.3,Sector 91,3,0
5303,2.0,2.0,1.0,7784.0,0-1,501.0,0.39,Sector 86,3,1
5304,2.0,2.0,1.0,7281.0,0-1,515.0,0.375,Sector 86,3,1
5305,3.0,4.0,4.0,11233.0,1-5,2092.0,2.35,Sector 81,5,0
5306,3.0,4.0,4.0,7554.0,1-5,2290.0,1.73,Sector 104,6,0
5307,2.0,2.0,3.0,4769.0,1-5,1300.0,0.62,Sector 90,4,1
5308,4.0,4.0,2.0,18636.0,1-5,3050.0,4.1,DLF Phase 2,3,1
5309,3.0,4.0,4.0,13281.0,10+,3200.0,4.25,DLF Phase 3,3,0
5310,3.0,3.0,4.0,7083.0,5-10,2400.0,1.7,Sector 56,3,1
5311,4.0,3.0,4.0,7550.0,5-10,2016.0,1.51,Sector 56,3,1
5312,3.0,3.0,2.0,14516.0,10+,1550.0,2.25,DLF Phase 4,3,0
5313,4.0,4.0,3.0,27000.0,5-10,2704.0,7.33,Sector 54,4,0
5314,4.0,5.0,4.0,12726.870296591413,0-1,4518.0,5.75,DLF Phase 1,3,0
5315,4.0,4.0,4.0,13833.554670208056,0-1,4518.0,6.25,DLF Phase 1,3,1
5316,4.0,4.0,3.0,27000.0,1-5,2550.0,6.95,Sector 54,4,0
5317,4.0,4.0,3.0,26000.0,5-10,2704.0,7.0,Sector 54,4,0
5318,3.0,4.0,3.0,14193.0,1-5,1889.0,2.2,Sector 102,4,1
5319,2.0,2.0,3.0,15500.0,Under Construction,1349.0,1.55,Sector 102,4,1
5320,3.0,2.0,2.0,10439.0,Under Construction,1389.0,1.45,Sector 104,5,1
5321,3.0,3.0,3.0,10306.0,1-5,1698.0,1.75,Sector 102,4,0
5322,4.0,4.0,4.0,9784.0,Under Construction,4650.0,4.55,Sector 102,4,0
5323,3.0,3.0,4.0,8250.0,1-5,2000.0,1.65,Sector 103,4,1
5324,3.0,3.0,2.0,4545.0,Under Construction,2860.0,1.3,Sector 95,4,0
5325,3.0,2.0,2.0,7692.0,Under Construction,1495.0,1.15,Sector 95,4,1
5326,3.0,2.0,2.0,7090.0,Under Construction,1495.0,1.06,Sector 95,4,0
5327,3.0,3.0,2.0,6271.0,Under Construction,1754.0,1.1,Sector 95,4,1
5328,4.0,4.0,3.0,23000.0,10+,2704.0,6.4,Sector 54,4,1
5329,3.0,4.0,4.0,25000.0,10+,1975.0,5.0,Sector 54,4,1
5330,4.0,4.0,3.0,24000.0,10+,2704.0,6.5,Sector 54,4,0
5331,3.0,4.0,3.0,25000.0,10+,2282.0,5.8,Sector 54,4,0
5332,2.0,2.0,3.0,5775.0,1-5,1264.0,0.73,Sohna,2,0
5333,2.0,2.0,2.0,7046.0,1-5,517.0,0.365,Sohna,3,0
5334,2.0,2.0,3.0,6327.0,1-5,600.0,0.38,Sohna,3,0
5335,3.0,3.0,3.0,10000.0,Under Construction,1500.0,1.5,Sector-33 Sohna,4,0
5336,2.0,2.0,2.0,9500.0,1-5,1260.0,0.76,Sector 68,4,0
5337,3.0,3.0,3.0,23699.0,1-5,1310.0,2.05,Sector 65,4,0
5338,3.0,4.0,4.0,10388.0,5-10,1877.0,1.95,Nirvana Country,5,0
5339,4.0,5.0,4.0,13049.0,5-10,3410.0,4.45,Sector 28,3,0
5340,3.0,3.0,2.0,8636.788048552755,0-1,2142.0,1.85,Sector 52,2,1
5341,3.0,3.0,3.0,8260.0,0-1,2300.0,1.9,Sector 63A,4,1
5342,3.0,3.0,2.0,9444.0,0-1,1800.0,1.7,Sector 52,2,1
5343,3.0,3.0,3.0,6590.0,5-10,2200.0,1.45,Sector 56,3,1
5344,4.0,3.0,4.0,13446.0,1-5,2350.0,3.16,Sector 67,4,0
5345,2.0,2.0,3.0,10339.0,1-5,1296.0,1.34,Sector 67A,4,0
5346,4.0,4.0,2.0,13636.0,0-1,3300.0,4.5,Sushant Lok Phase 1,3,0
5347,4.0,4.0,2.0,9716.941275876638,0-1,2367.0,2.3,Sector 57,3,1
5348,5.0,5.0,4.0,21929.824561403508,5-10,3420.0,7.5,Chakkarpur,3,0
5349,3.0,3.0,3.0,13440.0,0-1,1710.0,1.68,Sushant Lok Phase 3,3,1
5350,3.0,3.0,2.0,13440.0,0-1,1710.0,1.68,Sector 57,3,1
5351,3.0,3.0,1.0,10000.0,Under Construction,1534.0,1.5,Sector 79,5,0
5352,3.0,2.0,2.0,8551.0,Under Construction,1450.0,1.24,Sector 83,1,1
5353,3.0,3.0,2.0,7241.0,10+,1450.0,1.05,Sector 57,3,1
5354,3.0,3.0,3.0,12939.0,Under Construction,1932.0,2.5,Sector 65,5,0
5355,3.0,3.0,3.0,13402.0,Under Construction,1828.0,2.45,Sector 65,5,0
5356,2.0,2.0,3.0,13084.0,Under Construction,1261.0,1.65,Sector 65,5,0
5357,2.0,2.0,3.0,13049.0,Under Construction,1433.0,1.87,Sector 65,5,0
5358,4.0,4.0,4.0,12867.0,1-5,2685.0,3.45,Sector 67,4,0
5359,4.0,4.0,4.0,16757.0,1-5,3103.0,5.2,Sector 67,4,0
5360,4.0,5.0,4.0,14411.0,1-5,3192.0,4.6,Sector 67,4,0
5361,3.0,3.0,3.0,10917.0,Under Construction,1832.0,2.0,Sector 63A,6,0
5362,3.0,3.0,3.0,13540.0,1-5,2511.0,3.4,Sector 67,4,0
5363,4.0,4.0,3.0,16684.0,1-5,2847.0,4.75,Sector 67,4,0
5364,2.0,2.0,2.0,13057.0,1-5,1570.0,2.05,Sector 67,4,0
5365,3.0,3.0,3.0,17727.0,1-5,2821.0,3.9,Sector 67,4,0
5366,4.0,5.0,3.0,24305.555555555555,10+,1728.0,4.2,Sector 57,3,1
5367,2.0,2.0,2.0,15555.0,0-1,1356.0,1.4,Sector 67A,4,0
5368,4.0,4.0,2.0,14193.0,0-1,1550.0,2.2,Sector 57,3,1
5369,3.0,4.0,4.0,10612.0,1-5,2450.0,2.6,Sector 104,6,0
5370,3.0,3.0,3.0,10167.0,0-1,1967.0,2.0,Sector 67A,4,0
5371,3.0,3.0,2.0,17207.0,0-1,1727.0,1.75,Sector 67A,4,0
5372,3.0,3.0,3.0,13600.0,Under Construction,2290.0,3.11,Sector 76,6,0
5373,4.0,4.0,2.0,13333.0,0-1,2250.0,3.0,Sector 52,2,1
5374,4.0,4.0,2.0,12758.0,0-1,1450.0,1.85,Sector 52,2,1
5375,4.0,4.0,2.0,11212.0,0-1,1650.0,1.85,Sector 52,2,1
5376,2.0,2.0,2.0,10714.0,10+,875.0,0.75,Sector 57,3,1
5377,3.0,3.0,3.0,9257.0,1-5,1750.0,1.62,Sector 57,3,1
5378,3.0,4.0,3.0,12278.0,5-10,2370.0,2.91,Sector 57,2,1
5379,2.0,3.0,2.0,7777.0,10+,1350.0,1.05,Sector 57,3,1
5380,4.0,4.0,4.0,12139.0,5-10,2600.0,2.61,Sector 56,3,1
5381,3.0,3.0,4.0,15441.0,0-1,1878.0,2.9,Sector 63,6,0
5382,4.0,4.0,2.0,15696.0,5-10,1975.0,3.1,Sector 65,2,0
5383,3.0,3.0,2.0,13513.0,5-10,1850.0,2.5,Sector 65,2,0
5384,4.0,4.0,3.0,14062.0,Under Construction,3200.0,4.5,Sector 65,6,0
5385,4.0,5.0,3.0,11818.0,0-1,3300.0,3.9,Sector 65,6,0
5386,3.0,4.0,3.0,25000.0,5-10,3200.0,8.0,Sector 65,4,1
5387,4.0,6.0,3.0,22174.0,1-5,4690.0,10.399606,Sector 62,4,0
5388,3.0,5.0,2.0,22870.0,1-5,3498.0,8.0,Sector 62,4,1
5389,3.0,3.0,3.0,11771.0,0-1,1852.0,2.18,Sector 102,4,0
5390,5.0,7.0,4.0,17293.0,1-5,4337.0,7.5,Sector 62,4,0
5391,4.0,4.0,3.0,17994.0,1-5,3890.0,7.0,Sector 62,4,0
5392,4.0,5.0,3.0,19031.0,1-5,2995.0,5.7,Sector 62,4,1
5393,3.0,3.0,3.0,18332.0,1-5,2782.0,5.1,Sector 62,4,0
5394,4.0,4.0,3.0,8472.0,5-10,3600.0,3.05,Sector 65,6,0
5395,3.0,3.0,3.0,8739.0,5-10,2403.0,2.1,Sector 65,6,0
5396,4.0,3.0,3.0,11851.0,5-10,2700.0,3.2,Sector 65,6,0
5397,4.0,4.0,4.0,7755.0,10+,2450.0,1.9,Sector 45,3,1
5398,2.0,2.0,2.0,17238.0,0-1,1508.0,2.6,Sector 62,5,0
5399,3.0,3.0,4.0,22972.972972972973,0-1,1850.0,4.25,Sector 62,5,0
5400,3.0,3.0,0.0,11571.0,10+,1500.0,1.62,Sector 52,2,0
5401,4.0,4.0,4.0,8700.0,5-10,3434.0,2.61,Sector 84,4,0
5402,4.0,4.0,4.0,8166.0,5-10,3434.0,2.45,Sector 84,4,0
5403,4.0,4.0,3.0,8333.0,5-10,3434.0,2.5,Sector 84,4,0
5404,3.0,3.0,3.0,10437.0,5-10,2067.0,1.67,Sector 84,4,0
5405,3.0,3.0,4.0,16303.0,1-5,1650.0,2.69,Sector 65,2,0
5406,3.0,3.0,2.0,16363.0,1-5,1650.0,2.7,Sector 65,2,0
5407,3.0,3.0,3.0,8466.0,5-10,2067.0,1.75,Sector 84,4,0
5408,3.0,3.0,3.0,10125.0,5-10,1963.0,1.62,Sector 84,4,0
5409,3.0,3.0,3.0,10000.0,5-10,2244.0,1.8,Sector 84,4,1
5410,3.0,3.0,3.0,10000.0,5-10,1963.0,1.6,Sector 84,4,1
5411,2.0,2.0,3.0,9246.0,Under Construction,1406.0,1.3,Sector 85,4,0
5412,4.0,4.0,0.0,11984.0,5-10,2061.0,2.47,Sector 49,3,1
5413,3.0,3.0,2.0,9150.32679738562,0-1,1836.0,1.68,Sector 57,2,1
5414,3.0,3.0,2.0,11073.0,0-1,1490.0,1.65,Sushant Lok Phase 3,3,1
5415,3.0,3.0,4.0,11899.0,0-1,2018.0,2.4,Sector 74,6,1
5416,2.0,2.0,4.0,11657.0,0-1,1400.0,1.63,Sector 74,6,1
5417,4.0,4.0,0.0,11944.0,5-10,2000.0,2.15,Sector 50,3,0
5418,2.0,2.0,4.0,11500.0,0-1,1400.0,1.61,Sector 74,6,1
5419,3.0,2.0,4.0,10742.0,10+,1629.0,1.75,Nirvana Country,5,0
5420,3.0,2.0,4.0,10435.0,10+,1629.0,1.7,Nirvana Country,5,0
5421,2.0,2.0,2.0,11481.0,10+,1418.0,1.55,Nirvana Country,5,1
5422,2.0,2.0,4.0,11071.0,10+,1418.0,1.57,Nirvana Country,5,0
5423,2.0,2.0,2.0,18236.0,1-5,1508.0,2.75,Sector 62,5,1
5424,3.0,5.0,4.0,22142.0,10+,3222.0,7.75,Sector 48,3,0
5425,4.0,6.0,4.0,12066.0,1-5,4848.0,5.85,Sector 112,4,0
5426,4.0,5.0,4.0,20569.0,5-10,3160.0,6.5,Sector 53,5,0
5427,2.0,2.0,2.0,10117.0,Under Construction,808.0,0.8175,Sector 92,4,1
5428,4.0,4.0,2.0,17777.0,0-1,4500.0,8.0,Sector 26,3,0
5429,3.0,3.0,3.0,17995.0,Under Construction,2295.0,4.13,Sector 59,6,1
5430,3.0,3.0,3.0,14527.0,Under Construction,2595.0,3.77,Sector 59,6,1
5431,3.0,3.0,3.0,12956.0,Under Construction,1806.0,2.34,Sector 113 Gurgaon,6,0
5432,3.0,3.0,3.0,16259.0,1-5,3844.0,6.25,Sector 65,5,0
5433,3.0,4.0,4.0,8333.0,10+,2400.0,2.0,Sector 47,2,1
5434,3.0,3.0,3.0,7105.0,1-5,1900.0,1.35,Sector 106,6,0
5435,3.0,3.0,3.0,8238.0,1-5,1760.0,1.45,Sector 106,6,0
5436,2.0,2.0,2.0,7725.0,1-5,1385.0,1.07,Sector 106,6,0
5437,2.0,2.0,2.0,5000.000000000001,1-5,1620.0,0.81,Sector 82,2,0
5438,4.0,4.0,4.0,7430.0,1-5,2355.0,1.75,Sector 106,6,0
5439,3.0,4.0,4.0,11278.0,1-5,2660.0,3.0,Sector 81,4,0
5440,3.0,3.0,3.0,10504.0,1-5,2142.0,2.25,Sector 110 A,3,1
5441,3.0,3.0,3.0,9907.0,1-5,1615.0,1.6,Sector 110 A,3,1
5442,4.0,4.0,3.0,7705.0,10+,2920.0,2.25,Sector 51,3,1
5443,2.0,2.0,2.0,18181.0,5-10,1380.0,1.6,Sector 61,5,0
5444,2.0,2.0,2.0,15750.0,1-5,1365.0,2.15,Sector 60,5,0
5445,2.0,2.0,2.0,16176.0,1-5,1020.0,1.65,Sector 65,4,0
5446,2.0,2.0,3.0,10600.0,0-1,1415.0,1.5,Sector 74,6,0
5447,2.0,2.0,3.0,11735.0,0-1,1406.0,1.65,Sector 74,6,0
5448,3.0,3.0,3.0,11716.0,0-1,2074.0,2.43,Sector 74,6,0
5449,4.0,4.0,2.0,13636.0,0-1,2200.0,3.0,South City 1,3,1
5450,3.0,3.0,3.0,10500.0,10+,2000.0,2.1,Sector 56,3,1
5451,3.0,3.0,3.0,9166.0,10+,1800.0,1.65,Sector 56,3,1
5452,2.0,2.0,3.0,11516.0,0-1,1424.0,1.64,Sector 74,6,1
5453,2.0,2.0,4.0,11877.0,0-1,1406.0,1.67,Sector 74,6,1
5454,2.0,2.0,3.0,11802.0,0-1,1415.0,1.67,Sector 74,6,1
5455,4.0,4.0,2.0,9777.0,0-1,2250.0,2.2,Sector 67A,4,0
5456,3.0,3.0,2.0,12444.0,0-1,1567.0,1.95,South City 2,3,1
5457,3.0,4.0,2.0,8223.0,1-5,1970.0,1.62,Sector 99,3,1
5458,3.0,3.0,2.0,10619.0,0-1,1742.0,1.85,Sector 48,2,1
5459,3.0,3.0,2.0,12000.0,0-1,1500.0,1.8,Sushant Lok 3 Extension,3,1
5460,2.0,2.0,3.0,13600.0,Under Construction,1250.0,1.7,Sector 65,5,0
5461,3.0,2.0,2.0,12000.0,0-1,2215.0,2.58,Sector 111,4,1
5462,3.0,3.0,2.0,14000.0,0-1,2100.0,2.99,Sector 111,4,1
5463,3.0,2.0,3.0,16000.0,0-1,1810.0,2.93,Sector 111,4,1
5464,4.0,5.0,2.0,17931.03448275862,1-5,3625.0,6.5,Sector 66,2,0
5465,3.0,3.0,3.0,10000.0,10+,1550.0,1.55,Malibu Town,2,0
5466,3.0,4.0,3.0,12222.0,1-5,1800.0,2.2,South City 2,3,0
5467,3.0,3.0,3.0,10632.0,Under Construction,1672.0,1.78,Sector 76,5,1
5468,3.0,3.0,3.0,10795.0,Under Construction,1371.0,1.48,Sector 76,5,1
5469,3.0,3.0,2.0,23039.0,Under Construction,1470.0,2.35,Sector 63A,5,0
5470,4.0,4.0,1.0,22866.0,1-5,4480.0,7.1,Sector 62,4,0
5471,4.0,4.0,3.0,25851.0,1-5,2800.0,4.4,Sector 60,5,0
5472,2.0,2.0,2.0,15912.0,0-1,1508.0,2.4,Sector 62,5,0
5473,3.0,3.0,4.0,6451.0,0-1,1550.0,1.0,Sector 99A,5,0
5474,3.0,3.0,2.0,15277.0,0-1,1800.0,2.75,DLF Phase 2,2,1
5475,3.0,3.0,2.0,15133.0,0-1,1500.0,2.27,DLF Phase 2,3,1
5476,3.0,3.0,2.0,18524.0,1-5,3023.0,5.6,Sector 59,6,0
5477,3.0,3.0,2.0,10159.9654128837,0-1,2313.0,2.35,Sector 57,3,1
5478,3.0,3.0,2.0,9727.626459143969,0-1,2313.0,2.25,Sector 57,3,1
5479,2.0,2.0,2.0,9799.0,1-5,1296.0,1.27,Sector 67A,4,0
5480,4.0,4.0,3.0,14814.0,0-1,2700.0,4.0,DLF Phase 2,3,1
5481,4.0,4.0,4.0,13888.0,0-1,2700.0,3.75,DLF Phase 1,3,1
5482,3.0,4.0,4.0,19570.0,Under Construction,2095.0,4.1,Sector 59,6,1
5483,3.0,4.0,4.0,17128.0,5-10,3211.0,5.5,Sector 65,5,1
5484,3.0,3.0,4.0,19133.0,5-10,2979.0,5.7,Sector 65,5,1
5485,3.0,5.0,3.0,8012.0,0-1,1997.0,1.6,Sector 99A,5,1
5486,4.0,4.0,4.0,12356.0,5-10,2954.0,3.65,Sector 28,3,0
5487,3.0,3.0,4.0,10192.0,10+,1815.0,1.85,Nirvana Country,5,1
5488,2.0,2.0,2.0,22000.0,Under Construction,1330.0,2.9,Sector 113 Gurgaon,5,1
5489,2.0,2.0,4.0,10578.0,10+,1418.0,1.5,Nirvana Country,5,1
5490,4.0,4.0,2.0,9928.179129700042,0-1,2367.0,2.35,Sector 57,3,1
5491,3.0,4.0,3.0,13235.0,10+,2531.0,3.35,Nirvana Country,4,1
5492,2.0,2.0,3.0,9149.0,1-5,1093.0,1.0,Sector-33 Sohna,2,1
5493,3.0,3.0,2.0,11351.0,0-1,1850.0,2.1,Sector 57,3,1
5494,3.0,3.0,3.0,11645.0,0-1,2018.0,2.35,Sector 74,6,1
5495,2.0,3.0,3.0,11502.0,0-1,1424.0,1.64,Sector 74,6,1
5496,2.0,3.0,2.0,11450.0,0-1,1406.0,1.61,Sector 74,6,1
5497,3.0,4.0,3.0,12901.0,Under Construction,2054.0,2.65,Sector 65,5,1
5498,3.0,3.0,3.0,12892.0,Under Construction,2040.0,2.63,Sector 65,5,1
5499,2.0,2.0,2.0,12840.0,Under Construction,1433.0,1.84,Sector 65,5,1
5500,2.0,2.0,2.0,12926.0,Under Construction,1261.0,1.63,Sector 65,5,1
5501,3.0,3.0,4.0,8428.0,1-5,1833.0,1.18,Sector 37D,4,0
5502,3.0,3.0,3.0,10000.0,0-1,1650.0,1.59,Sector 102,4,1
5503,3.0,3.0,3.0,12000.0,0-1,1895.0,2.28,Sector 66,6,0
5504,4.0,4.0,2.0,30864.1975308642,10+,3240.0,10.0,Nirvana Country,3,1
5505,4.0,4.0,3.0,7600.0,10+,2500.0,1.9,Sector 45,1,1
5506,3.0,4.0,3.0,9750.0,1-5,1997.0,1.56,Sector 99A,5,0
5507,3.0,3.0,4.0,14545.0,Under Construction,1600.0,1.6,Sector 93,4,0
5508,3.0,2.0,3.0,12500.0,10+,1400.0,1.75,Sector 15,2,1
5509,3.0,3.0,3.0,8888.888888888889,10+,1800.0,1.6,DLF Phase 1,3,1
5510,4.0,4.0,4.0,16000.0,Under Construction,3039.0,4.86,Sector 62,5,1
5511,3.0,3.0,2.0,11500.0,Under Construction,1665.0,1.91,Sector 113 Gurgaon,5,1
5512,4.0,4.0,3.0,10210.0,Under Construction,2901.0,2.96,Sector 108,5,1
5513,3.0,3.0,3.0,17472.0,Under Construction,2295.0,4.01,Sector 59,6,1
5514,3.0,3.0,3.0,13500.0,Under Construction,1855.0,2.5,Sector 106,5,1
5515,3.0,3.0,3.0,13000.0,Under Construction,1860.0,2.42,Sector 65,5,0
5516,2.0,2.0,2.0,13000.0,Under Construction,1440.0,1.87,Sector 65,5,0
5517,2.0,2.0,1.0,8500.0,1-5,1410.0,1.2,Sector 37D,4,1
5518,3.0,4.0,2.0,7547.0,Under Construction,2120.0,1.6,Sector 85,6,1
5519,2.0,3.0,4.0,6666.0,1-5,1450.0,0.8,Sector 103,4,0
5520,3.0,3.0,3.0,10243.0,0-1,1850.0,1.89,Sector 67A,4,0
5521,3.0,3.0,3.0,9791.0,1-5,1920.0,1.88,Sector 67A,4,0
5522,2.0,2.0,3.0,10411.0,1-5,1484.0,1.54,Sector 67A,4,0
5523,2.0,2.0,3.0,10037.0,1-5,1350.0,1.36,Sector 67A,4,0
5524,2.0,2.0,3.0,10223.0,1-5,1296.0,1.33,Sector 67A,4,0
5525,3.0,3.0,2.0,8864.0,0-1,1850.0,1.64,Sushant Lok Phase 2,3,1
5526,4.0,3.0,2.0,9222.222222222224,0-1,2700.0,2.49,Sushant Lok Phase 2,3,1
5527,3.0,3.0,3.0,11764.0,5-10,1700.0,2.0,Sector 28,3,0
5528,2.0,3.0,3.0,9882.0,1-5,1700.0,1.68,Sector 104,6,1
5529,3.0,5.0,4.0,5896.0,Under Construction,2035.0,1.2,Sector 37C,3,1
5530,3.0,5.0,4.0,5950.0,Under Construction,1815.0,1.08,Sector 37C,3,1
5531,2.0,3.0,4.0,5956.0,Under Construction,1578.0,0.94,Sector 37C,3,1
5532,3.0,4.0,3.0,14177.0,10+,2116.0,3.0,Sector 41,3,1
5533,3.0,4.0,4.0,6916.0,10+,2024.0,1.4,Sector 45,3,1
5534,4.0,3.0,4.0,5959.0,10+,2450.0,1.46,Sector 39,2,1
5535,5.0,5.0,3.0,6818.0,10+,3300.0,2.25,Sector 39,2,1
5536,3.0,4.0,3.0,10740.0,10+,2700.0,2.9,Sector 47,2,1
5537,3.0,3.0,3.0,9062.0,10+,1600.0,1.45,Sector 45,3,1
5538,4.0,3.0,3.0,6138.0,10+,3030.0,1.86,Sector 45,3,1
5539,3.0,4.0,3.0,8474.0,10+,2360.0,2.0,Sector 51,3,1
5540,3.0,3.0,2.0,23758.0,1-5,2315.0,5.5,Sector 54,4,0
5541,4.0,5.0,4.0,7343.0,0-1,2560.0,1.88,Sector 85,6,0
5542,4.0,4.0,2.0,22222.222222222223,Under Construction,3150.0,7.0,DLF Phase 5,4,0
5543,4.0,5.0,4.0,20058.0,1-5,3390.0,6.8,Sector 53,4,0
5544,3.0,4.0,4.0,10873.0,5-10,2805.0,3.05,Sector 28,3,0
5545,4.0,4.0,2.0,19666.0,Under Construction,3300.0,6.49,Sushant Lok Phase 1,6,0
5546,4.0,5.0,4.0,11864.0,1-5,2950.0,3.5,Sector 111,4,1
5547,4.0,4.0,3.0,15652.0,5-10,2300.0,3.6,DLF Phase 2,3,1
5548,2.0,2.0,4.0,12545.0,5-10,1100.0,1.38,Sector 28,3,0
5549,4.0,5.0,4.0,14346.0,5-10,3764.0,5.4,Chakkarpur,3,0
5550,4.0,4.0,4.0,11000.0,5-10,3000.0,3.3,Suncity,2,1
5551,4.0,4.0,4.0,11935.0,5-10,3100.0,3.7,Chakkarpur,3,0
5552,5.0,5.0,4.0,31944.444444444445,0-1,3600.0,11.5,Sector 109,6,1
5553,4.0,6.0,4.0,11810.0,1-5,4848.0,5.75,Sector 112,4,1
5554,3.0,3.0,3.0,12234.0,Under Construction,1692.0,2.07,Sector 102,4,0
5555,3.0,5.0,2.0,17498.0,Under Construction,2343.0,4.1,Sector 108,5,1
5556,3.0,2.0,2.0,9715.0,10+,1616.0,1.57,Malibu Town,2,0
5557,4.0,6.0,4.0,25083.61204013378,0-1,2691.0,6.75,Sector 70A,1,0
5558,3.0,3.0,3.0,13740.0,1-5,2802.0,3.85,Sector 112,4,0
5559,3.0,3.0,4.0,10000.0,1-5,1750.0,1.75,Sector 109,4,0
5560,3.0,4.0,3.0,12649.0,0-1,2095.0,2.65,Sector 109,4,0
5561,3.0,3.0,2.0,13740.0,0-1,2802.0,3.85,Sector 112,4,1
5562,2.0,2.0,3.0,11037.0,0-1,1359.0,1.5,Sector 102,4,0
5563,3.0,4.0,2.0,18422.0,0-1,2003.0,3.69,Sector 108,5,1
5564,3.0,3.0,3.0,9333.333333333334,0-1,2250.0,2.1,Sector 102,5,0
5565,3.0,3.0,3.0,16890.0,0-1,1711.0,2.89,Sector 108,5,0
5566,3.0,3.0,3.0,16170.0,Under Construction,1689.0,1.75,Sector 104,5,0
5567,4.0,5.0,2.0,19148.0,1-5,2350.0,4.5,Sector 65,1,1
5568,4.0,5.0,2.0,15555.0,1-5,2250.0,3.5,Sushant Lok Phase 1,3,1
5569,4.0,5.0,2.0,18333.0,1-5,3000.0,5.5,Sushant Lok Phase 1,3,0
5570,4.0,5.0,2.0,12800.0,1-5,2500.0,3.2,Sector 67,1,1
5571,4.0,4.0,2.0,7954.0,1-5,2200.0,1.75,Sector 67,2,1
5572,3.0,3.0,2.0,13214.0,1-5,1400.0,1.85,Sector 67,1,1
5573,3.0,3.0,2.0,13235.0,1-5,1700.0,2.25,Mayfield Garden,3,1
5574,3.0,3.0,2.0,12500.0,1-5,1400.0,1.75,Sector 57,3,1
5575,3.0,3.0,2.0,17857.0,1-5,1400.0,2.5,Sector 73,2,1
5576,4.0,4.0,2.0,10689.0,0-1,1450.0,1.55,Sector 7,2,1
5577,3.0,3.0,4.0,6916.0,1-5,1735.0,1.2,Sector 83,5,0
5578,3.0,3.0,2.0,20000.0,10+,1925.0,3.1,DLF Phase 5,5,1
5579,4.0,4.0,4.0,14971.0,5-10,2438.0,3.65,Sector 61,5,0
5580,3.0,4.0,4.0,9254.0,0-1,1999.0,1.85,Sector 68,5,0
5581,3.0,3.0,2.0,16000.0,1-5,1500.0,2.4,Sushant Lok Phase 1,3,1
5582,2.0,2.0,2.0,7389.0,1-5,1245.0,0.92,Sector 83,5,0
5583,3.0,3.0,3.0,2756.0,1-5,1161.0,0.32,Sector 108,3,0
5584,3.0,4.0,4.0,14506.0,1-5,2585.0,3.75,Sector 109,4,0
5585,4.0,4.0,4.0,11217.0,0-1,2407.0,2.7,Sector-33 Sohna,4,0
5586,3.0,3.0,2.0,16180.0,10+,1885.0,3.05,DLF Phase 5,5,1
5587,4.0,5.0,4.0,15625.0,0-1,2400.0,3.75,Malibu Town,2,0
5588,4.0,5.0,4.0,17000.0,0-1,2500.0,4.25,Malibu Town,2,0
5589,3.0,4.0,2.0,5919.0,0-1,2120.0,1.25,Sector 85,6,0
5590,3.0,4.0,3.0,5471.0,1-5,1645.0,0.9,Sector 85,3,0
5591,3.0,4.0,2.0,18422.0,0-1,2003.0,3.69,Sector 108,5,0
5592,3.0,3.0,3.0,12234.0,0-1,1692.0,2.07,Sector 102,4,0
5593,3.0,4.0,3.0,19083.0,1-5,1889.0,2.29,Sector 102,4,0
5594,3.0,3.0,2.0,16949.0,0-1,1711.0,2.9,Sector 108,5,1
5595,2.0,2.0,2.0,17378.0,0-1,1381.0,2.41,Sector 108,5,1
5596,4.0,4.0,3.0,18400.0,Under Construction,2459.0,4.54,Sector 108,5,1
5597,2.0,2.0,2.0,8095.0,1-5,1050.0,0.85,Sector 83,1,1
5598,2.0,2.0,3.0,13543.0,Under Construction,1366.0,1.85,Sector 106,5,0
5599,3.0,3.0,2.0,15806.0,10+,1895.0,2.45,DLF Phase 5,5,1
5600,3.0,3.0,2.0,14333.0,10+,1895.0,2.15,DLF Phase 5,5,1
5601,4.0,4.0,3.0,14468.0,1-5,2350.0,3.4,South City 2,3,1
5602,2.0,2.0,3.0,11193.0,Under Construction,1215.0,1.36,Sector 102,4,0
5603,3.0,3.0,3.0,7927.0,1-5,1785.0,1.41,Sector 83,5,0
5604,3.0,3.0,3.0,15500.0,Under Construction,2450.0,3.8,Sector 106,1,0
5605,2.0,2.0,3.0,6883.0,1-5,1540.0,1.06,Sector 37D,5,0
5606,2.0,3.0,3.0,8106.0,1-5,1283.0,1.04,Sector 108,4,1
5607,4.0,5.0,4.0,11822.0,1-5,3045.0,3.6,Sector 109,4,0
5608,3.0,3.0,3.0,13080.0,Under Construction,2217.0,2.9,Sector 113 Gurgaon,5,1
5609,4.0,4.0,3.0,17378.0,Under Construction,2459.0,4.79,Sector 108,5,1
5610,3.0,3.0,2.0,16949.0,Under Construction,1711.0,2.9,Sector 108,5,0
5611,6.0,6.0,3.0,16888.88888888889,10+,2250.0,3.8,Sector 21,2,1
5612,3.0,4.0,2.0,5849.0,0-1,2120.0,1.24,Sector 85,6,0
5613,4.0,5.0,4.0,6074.0,0-1,2560.0,1.55,Sector 85,6,0
5614,3.0,3.0,3.0,5313.0,1-5,1675.0,0.89,Sector 85,2,0
5615,3.0,3.0,3.0,9623.0,1-5,2338.0,2.25,Sector 108,4,0
5616,3.0,4.0,3.0,16652.0,1-5,2003.0,1.9,Sector 108,4,0
5617,3.0,4.0,2.0,18722.0,0-1,2003.0,3.75,Sector 108,5,1
5618,3.0,3.0,3.0,17299.0,1-5,2802.0,3.85,Sector 112,4,1
5619,3.0,4.0,2.0,8888.888888888889,0-1,2250.0,2.0,Sector 102,5,1
5620,4.0,4.0,2.0,14047.0,0-1,2100.0,2.95,Malibu Town,2,1
5621,3.0,4.0,3.0,9750.0,1-5,2000.0,1.95,Sector 102,4,0
5622,3.0,3.0,3.0,5253.0,1-5,1675.0,0.88,Sector 85,2,0
5623,4.0,4.0,3.0,4962.0,1-5,1975.0,0.98,Sector 85,3,0
5624,3.0,3.0,2.0,5457.0,1-5,1475.0,0.805,Sector 85,3,0
5625,3.0,3.0,2.0,5491.0,1-5,1475.0,0.81,Sector 85,3,0
5626,3.0,3.0,2.0,16890.0,Under Construction,1711.0,2.89,Sector 108,5,0
5627,4.0,4.0,3.0,4911.0,1-5,1975.0,0.97,Sector 85,3,0
5628,3.0,3.0,2.0,5559.0,1-5,1475.0,0.82,Sector 85,3,0
5629,3.0,3.0,2.0,5593.0,1-5,1475.0,0.825,Sector 85,3,0
5630,3.0,3.0,3.0,5373.0,1-5,1675.0,0.9,Sector 85,2,0
5631,4.0,4.0,2.0,17500.0,1-5,2200.0,3.85,Sushant Lok Phase 1,3,1
5632,2.0,2.0,3.0,11152.0,Under Construction,1215.0,1.36,Sector 102,4,0
5633,3.0,3.0,4.0,19058.0,Under Construction,1852.0,2.15,Sector 102,4,0
5634,3.0,3.0,4.0,13477.0,Under Construction,1855.0,2.5,Sector 106,5,0
5635,3.0,4.0,3.0,10237.0,0-1,2149.0,2.2,Sector 102,6,0
5636,3.0,3.0,2.0,15579.0,0-1,1380.0,2.15,Sector 65,6,0
5637,3.0,3.0,2.0,16666.0,1-5,1650.0,2.75,Sector 65,2,0
5638,4.0,4.0,2.0,12045.0,Under Construction,2200.0,2.65,Uppals Southend,2,0
5639,4.0,4.0,2.0,10156.0,0-1,3200.0,3.25,Malibu Town,2,0
5640,4.0,4.0,2.0,10263.0,0-1,1900.0,1.95,Sector 57,3,0
5641,3.0,3.0,2.0,14705.0,0-1,1700.0,2.5,Malibu Town,2,0
5642,4.0,4.0,2.0,9736.0,0-1,1900.0,1.85,Sector 67,3,0
5643,4.0,4.0,2.0,12031.0,0-1,3200.0,3.85,Sector 48,5,0
5644,4.0,4.0,2.0,9285.0,0-1,2800.0,2.6,Sector 48,2,0
5645,4.0,4.0,2.0,9166.0,0-1,2400.0,2.2,Sector 57,3,0
5646,4.0,4.0,2.0,10625.0,0-1,2400.0,2.55,Sector 56,3,0
5647,4.0,4.0,2.0,12777.0,Under Construction,1800.0,2.3,Sector 63A,5,0
5648,3.0,3.0,3.0,13962.0,Under Construction,1855.0,2.59,Sector 106,5,0
5649,2.0,3.0,2.0,18402.777777777777,10+,1440.0,2.65,Sector 23A,2,1
5650,3.0,3.0,3.0,11012.0,1-5,1689.0,1.86,Sector 102,4,0
5651,3.0,2.0,2.0,10816.0,Under Construction,1359.0,1.47,Sector 104,5,0
5652,5.0,6.0,4.0,21912.35059760956,1-5,4518.0,9.9,Sector 33,2,0
5653,2.0,2.0,2.0,19323.671497584543,10+,1449.0,2.8,Sector 22,2,1
5654,4.0,4.0,3.0,10666.0,0-1,2250.0,2.4,Sector 22,2,1
5655,2.0,2.0,3.0,7822.0,1-5,1534.0,1.2,Sector 107,2,0
5656,3.0,4.0,4.0,8522.0,1-5,1760.0,1.5,Sector 106,6,0
5657,2.0,2.0,4.0,7581.0,1-5,1385.0,1.05,Sector 106,6,0
5658,3.0,3.0,4.0,8600.0,1-5,2000.0,1.72,Sector 103,4,0
5659,2.0,2.0,2.0,7942.0,0-1,1385.0,1.1,Sector 106,6,0
5660,3.0,2.0,2.0,10816.0,Under Construction,1359.0,1.47,Sector 104,5,0
5661,2.0,2.0,2.0,10464.0,Under Construction,1099.0,1.15,Sector 104,5,1
5662,3.0,4.0,3.0,12597.0,Under Construction,2691.0,3.39,Sector 113 Gurgaon,5,0
5663,3.0,2.0,2.0,12539.0,0-1,1579.0,1.98,Sector 113 Gurgaon,5,0
5664,3.0,3.0,3.0,11873.0,0-1,2215.0,2.63,Sector 113 Gurgaon,4,0
5665,3.0,3.0,4.0,13423.0,Under Construction,1855.0,2.49,Sector 106,5,0
5666,3.0,3.0,3.0,11555.0,0-1,1852.0,2.14,Sector 102,4,0
5667,2.0,2.0,3.0,11193.0,Under Construction,1215.0,1.36,Sector 102,4,0
5668,3.0,3.0,3.0,6628.0,1-5,1735.0,1.15,Sector 83,5,0
5669,4.0,4.0,2.0,9375.0,0-1,2400.0,2.25,Sector 67,3,0
5670,4.0,4.0,2.0,11718.0,0-1,3200.0,3.75,Malibu Town,2,0
5671,3.0,3.0,2.0,13333.0,0-1,1800.0,2.4,Sector 50,3,1
5672,3.0,3.0,2.0,5491.0,1-5,1475.0,0.81,Sector 85,3,0
5673,4.0,5.0,4.0,5937.0,0-1,2560.0,1.52,Sector 85,6,0
5674,4.0,5.0,4.0,6054.0,0-1,2560.0,1.55,Sector 85,6,1
5675,4.0,5.0,4.0,5859.0,0-1,2560.0,1.5,Sector 85,6,0
5676,3.0,4.0,2.0,5825.0,0-1,2120.0,1.24,Sector 85,6,0
5677,3.0,4.0,2.0,5990.0,0-1,2120.0,1.27,Sector 85,6,0
5678,3.0,2.0,2.0,11037.0,Under Construction,1359.0,1.5,Sector 104,5,0
5679,3.0,3.0,4.0,8361.0,1-5,1758.0,1.47,Sector 108,4,0
5680,2.0,3.0,3.0,8261.0,1-5,1283.0,1.06,Sector 108,4,0
5681,2.0,2.0,2.0,10451.0,1-5,1550.0,1.62,Sector 104,6,0
5682,3.0,3.0,3.0,9757.0,1-5,1650.0,1.61,Sector 102,4,0
5683,4.0,4.0,4.0,10114.0,1-5,4548.0,4.6,Sector 102,4,0
5684,3.0,3.0,3.0,11012.0,1-5,1689.0,1.86,Sector 102,4,0
5685,3.0,3.0,4.0,7963.0,5-10,1758.0,1.4,Sector 108,4,0
5686,2.0,2.0,2.0,12000.0,Under Construction,1400.0,1.68,Sector 106,5,0
5687,2.0,2.0,4.0,7629.0,1-5,1481.0,1.2,Sector 103,4,0
5688,3.0,4.0,2.0,13271.604938271605,0-1,1620.0,2.15,South City 1,3,1
5689,3.0,4.0,2.0,12345.67901234568,0-1,1620.0,2.0,South City 1,3,0
5690,4.0,4.0,4.0,10518.0,5-10,2567.0,2.7,Sector 48,5,0
5691,4.0,4.0,3.0,15552.0,10+,1740.0,2.49,DLF Phase 5,5,0
5692,4.0,4.0,3.0,11607.0,5-10,2800.0,3.25,Sector 43,3,1
5693,4.0,4.0,3.0,10333.0,1-5,3000.0,3.1,Sector 43,3,1
5694,3.0,3.0,2.0,5762.0,1-5,1475.0,0.85,Sector 85,3,0
5695,3.0,3.0,2.0,5423.0,1-5,1475.0,0.8,Sector 85,3,0
5696,3.0,4.0,2.0,5896.0,0-1,2120.0,1.25,Sector 85,6,0
5697,3.0,4.0,2.0,5754.0,0-1,2120.0,1.22,Sector 85,6,0
5698,2.0,2.0,2.0,12262.0,Under Construction,1366.0,1.67,Sector 106,5,0
5699,3.0,3.0,3.0,14555.0,Under Construction,1855.0,2.7,Sector 106,5,0
5700,2.0,2.0,3.0,11399.0,0-1,1215.0,1.38,Sector 102,4,0
5701,3.0,3.0,4.0,12560.0,Under Construction,2691.0,3.38,Sector 113 Gurgaon,5,0
5702,4.0,5.0,4.0,5742.0,0-1,2560.0,1.47,Sector 85,6,0
5703,3.0,4.0,2.0,5707.0,0-1,2120.0,1.21,Sector 85,6,0
5704,2.0,3.0,3.0,10411.0,1-5,1700.0,1.77,Sector 104,6,0
5705,3.0,3.0,3.0,9454.0,1-5,1650.0,1.56,Sector 102,4,0
5706,8.0,9.0,4.0,15625.0,0-1,4800.0,7.5,Uppals Southend,2,0
5707,4.0,5.0,4.0,25462.962962962964,1-5,3240.0,8.25,Sector 48,3,0
5708,4.0,4.0,3.0,10238.0,0-1,4200.0,4.3,Sushant Lok Phase 2,3,0
5709,4.0,5.0,4.0,11882.0,1-5,3198.0,3.8,Sector 102,4,0
5710,4.0,6.0,4.0,8347.0,1-5,2875.0,2.45,Sector 103,4,0
5711,3.0,3.0,3.0,10933.0,0-1,1692.0,1.85,Sector 102,4,0
5712,3.0,3.0,3.0,9393.0,1-5,1650.0,1.55,Sector 102,4,0
5713,2.0,2.0,2.0,5054.0,1-5,1365.0,0.69,Sector 108,1,0
5714,4.0,5.0,4.0,6367.0,Under Construction,2670.0,1.7,Sector 103,2,0
5715,3.0,3.0,4.0,6242.0,Under Construction,1762.0,1.1,Sector 103,2,0
5716,4.0,4.0,4.0,19632.0,5-10,2343.0,4.6,DLF Phase 5,6,0
5717,3.0,4.0,3.0,7966.457023060797,1-5,2385.0,1.9,Sector 46,2,1
5718,3.0,3.0,4.0,7238.0,0-1,1865.0,1.35,Sector 70,3,0
5719,3.0,3.0,1.0,7475.0,0-1,2000.0,1.5,Sector 70,3,0
5720,3.0,4.0,3.0,16077.0,1-5,1900.0,2.0,Sector 83,4,0
5721,3.0,4.0,3.0,7294.0,0-1,2125.0,1.55,Sector 70,3,0
5722,2.0,2.0,2.0,6500.0,5-10,1000.0,0.65,Sector 82,1,1
5723,3.0,3.0,2.0,14529.0,1-5,1996.0,2.9,Sector 62,3,0
5724,4.0,4.0,3.0,10416.0,0-1,2400.0,2.5,Sector 85,4,0
5725,3.0,3.0,4.0,18582.0,1-5,2018.0,3.0,Sector 74,6,1
5726,2.0,3.0,3.0,11564.0,Under Construction,1470.0,1.7,Sector 79,3,0
5727,2.0,2.0,2.0,8818.0,0-1,980.0,0.56,Sector 76,3,0
5728,2.0,2.0,2.0,9444.0,1-5,900.0,0.85,Sector 83,4,1
5729,3.0,3.0,2.0,9666.0,1-5,1500.0,1.45,Sector 83,5,0
5730,3.0,3.0,4.0,8000.0,0-1,2400.0,1.92,Sector 99,4,1
5731,4.0,4.0,4.0,8000.0,0-1,2835.0,2.27,Sector 99,4,0
5732,2.0,2.0,3.0,5040.0,Under Construction,634.0,0.32,Sector 104,4,0
5733,2.0,2.0,2.0,9500.0,1-5,1000.0,0.95,Sector 83,5,0
5734,3.0,4.0,3.0,13157.0,1-5,2090.0,2.75,Sector 81,4,0
5735,3.0,3.0,2.0,13306.0,1-5,1240.0,1.65,Sector 83,4,0
5736,3.0,3.0,3.0,10193.0,10+,1550.0,1.58,Malibu Town,2,1
5737,2.0,2.0,2.0,9558.0,5-10,973.0,0.93,Sector 47,2,0
5738,4.0,4.0,2.0,12538.0,0-1,2592.0,3.25,Sector 49,2,1
5739,4.0,4.0,2.0,11766.0,0-1,2592.0,3.05,Sector 49,2,1
5740,4.0,4.0,2.0,13425.0,0-1,2160.0,2.9,Sushant Lok Phase 2,3,1
5741,5.0,7.0,4.0,20599.250936329587,1-5,4806.0,9.9,Sector 33,2,1
5742,4.0,4.0,2.0,12037.0,0-1,3240.0,3.9,Sushant Lok Phase 2,3,1
5743,3.0,3.0,4.0,13435.0,5-10,2605.0,3.5,Nirvana Country,5,0
5744,4.0,4.0,2.0,13310.0,0-1,2592.0,3.45,Sector 56,3,1
5745,4.0,4.0,2.0,12962.0,0-1,2160.0,2.8,Sushant Lok Phase 3,3,1
5746,3.0,3.0,0.0,18055.555555555555,5-10,3240.0,5.85,Sector 23,2,1
5747,2.0,2.0,2.0,8666.0,10+,900.0,0.78,Uppals Southend,2,1
5748,4.0,4.0,2.0,12656.0,0-1,3200.0,4.05,Sector 65,3,1
5749,2.0,2.0,2.0,11904.0,Under Construction,1470.0,1.75,Sector 79,3,0
5750,3.0,4.0,3.0,8500.0,0-1,2150.0,1.82,Sector 79,3,1
5751,3.0,3.0,4.0,16939.0,0-1,1789.0,1.55,Sector-33 Sohna,4,1
5752,3.0,3.0,2.0,6593.0,0-1,4095.0,2.7,Malibu Town,2,0
5753,4.0,5.0,3.0,19166.0,0-1,3300.0,5.75,Sector 72,3,0
5754,2.0,2.0,2.0,19583.0,0-1,1508.0,2.35,Sector 62,5,0
5755,3.0,3.0,4.0,15841.0,0-1,2525.0,4.0,Sector 62,5,0
5756,3.0,3.0,4.0,18425.0,1-5,2985.0,5.5,Sector 59,6,0
5757,3.0,3.0,2.0,15874.0,5-10,1430.0,2.27,DLF Phase 5,5,0
5758,3.0,3.0,3.0,10062.893081761007,0-1,2385.0,2.4,Sector 51,3,1
5759,2.0,2.0,2.0,15580.0,0-1,1508.0,2.35,Sector 62,5,1
5760,3.0,3.0,4.0,16107.0,0-1,2588.0,4.17,Sector 62,5,1
5761,4.0,5.0,2.0,10888.888888888889,0-1,4500.0,4.9,South City 1,3,1
5762,2.0,2.0,2.0,11111.111111111111,10+,990.0,1.1,Ashok Vihar Phase 1,2,1
5763,3.0,3.0,4.0,12728.551336146273,Under Construction,2844.0,3.62,Sector 63A,5,1
5764,3.0,3.0,4.0,13002.0,Under Construction,2538.0,3.3,Sector 36A,6,1
5765,3.0,4.0,4.0,19197.0,5-10,3490.0,6.7,Sector 42,3,0
5766,3.0,3.0,3.0,13157.0,Under Construction,1976.0,2.6,Sector 36A,4,1
5767,2.0,2.0,3.0,13387.0,Under Construction,1479.0,1.98,Sector 36A,6,1
5768,4.0,4.0,2.0,16071.0,0-1,3940.0,4.5,Sector 65,6,1
5769,4.0,3.0,4.0,10416.0,1-5,2016.0,2.1,Sector 49,2,0
5770,2.0,2.0,2.0,11139.0,1-5,1275.0,0.88,Sohna,4,1
5771,2.0,2.0,4.0,11177.0,0-1,1210.0,0.78,Sohna,3,1
5772,1.0,1.0,1.0,4250.0,0-1,200.0,0.085,Sector 70A,4,1
5773,3.0,3.0,2.0,8860.0,1-5,1975.0,1.75,Sector 72,2,1
5774,3.0,3.0,3.0,10905.0,5-10,2430.0,2.65,Sector 65,2,0
5775,2.0,2.0,2.0,9342.0,Under Construction,1445.0,1.35,Sector 3,5,0
5776,3.0,4.0,3.0,7511.0,Under Construction,2250.0,1.69,Sector 37D,1,0
5777,3.0,3.0,3.0,10049.0,0-1,1811.0,1.82,Sector 37D,4,0
5778,3.0,3.0,3.0,9461.0,0-1,1691.0,1.6,Sector 37D,4,0
5779,8.0,7.0,4.0,29531.05196451204,1-5,2367.0,6.99,Sector 27,3,1
5780,4.0,5.0,4.0,7000.0,5-10,2450.0,1.65,Sector 37D,5,1
5781,4.0,4.0,4.0,26688.4531590414,5-10,918.0,2.45,Sector 46,2,1
5782,4.0,4.0,2.0,11725.0,0-1,3240.0,2.99,Sector 49,2,1
5783,2.0,2.0,2.0,8656.0,Under Construction,1444.0,1.25,Sector 3,5,0
5784,3.0,4.0,3.0,11510.0,1-5,2085.0,2.4,Sector 72,2,1
5785,2.0,2.0,2.0,6046.0,Under Construction,1078.0,0.39,Sector 89,4,0
5786,4.0,4.0,2.0,12222.0,1-5,4500.0,5.5,DLF Phase 2,3,1
5787,4.0,4.0,2.0,14648.0,1-5,3618.0,5.3,DLF Phase 2,3,1
5788,4.0,4.0,3.0,16433.0,Under Construction,2434.0,4.0,Sector 108,5,1
5789,3.0,3.0,4.0,10967.0,Under Construction,2365.0,2.59,Sector 33,1,0
5790,4.0,4.0,4.0,13666.0,5-10,3000.0,4.1,Nirvana Country,4,0
5791,2.0,2.0,2.0,13623.0,Under Construction,1433.0,1.93,Sector 65,5,1
5792,2.0,2.0,4.0,10819.0,0-1,1210.0,0.755,Sohna,3,1
5793,4.0,4.0,4.0,13725.0,5-10,2550.0,3.5,Sector 61,5,1
5794,3.0,4.0,1.0,17625.0,5-10,2156.0,3.8,sector 58,5,0
5795,3.0,3.0,2.0,13950.0,5-10,1362.0,1.9,DLF Phase 5,4,1
5796,2.0,2.0,4.0,11856.0,0-1,1465.0,0.99,Sohna,3,1
5797,3.0,3.0,4.0,11567.0,0-1,1730.0,1.15,Sohna,3,1
5798,1.0,1.0,1.0,4750.0,1-5,270.0,0.095,Sector 77,4,0
5799,4.0,4.0,2.0,7297.0,5-10,2124.0,1.55,Mayfield Garden,3,1
5800,4.0,5.0,4.0,14107.0,5-10,2410.0,3.4,Sector 66,4,0
5801,4.0,4.0,2.0,9629.0,1-5,2700.0,2.6,Mayfield Garden,3,1
5802,2.0,2.0,2.0,6481.0,0-1,1620.0,1.1,Sector-33 Sohna,2,1
5803,5.0,6.0,3.0,26262.62626262626,0-1,2475.0,6.5,Sector 109,6,1
5804,3.0,3.0,2.0,13888.0,0-1,2700.0,3.75,Sector 63,6,1
5805,2.0,2.0,2.0,12021.0,0-1,915.0,1.1,Sector 102,4,1
5806,2.0,2.0,2.0,10964.0,0-1,1368.0,1.5,Sector 102,4,1
5807,4.0,5.0,2.0,9074.811863656483,0-1,4518.0,4.1,Sector 51,3,0
5808,4.0,4.0,4.0,26333.0,Under Construction,1519.0,4.0,Sector 63,6,0
5809,4.0,4.0,4.0,25813.0,Under Construction,1476.0,3.81,Sector 63,6,0
5810,4.0,4.0,4.0,26451.0,Under Construction,1361.0,3.6,Sector 63,6,1
5811,4.0,5.0,4.0,13769.0,5-10,2905.0,4.0,Sector 72,3,1
5812,4.0,4.0,3.0,9333.0,0-1,3150.0,2.94,Sector 50,3,1
5813,3.0,3.0,2.0,11111.111111111111,1-5,2700.0,3.0,Mayfield Garden,3,1
5814,4.0,4.0,3.0,10000.0,0-1,2191.0,2.19,Sector 37D,4,0
5815,4.0,4.0,3.0,9900.0,0-1,4545.0,4.5,Malibu Town,2,1
5816,3.0,3.0,2.0,16774.0,10+,1777.0,2.6,DLF Phase 4,3,0
5817,3.0,3.0,2.0,12565.0,1-5,1910.0,2.4,Malibu Town,2,1
5818,3.0,3.0,3.0,16416.0,0-1,2588.0,4.25,Sector 62,4,0
5819,4.0,5.0,4.0,22222.0,0-1,1800.0,4.0,DLF Phase 1,3,1
5820,4.0,5.0,4.0,23214.0,0-1,2800.0,6.5,DLF Phase 1,3,1
5821,4.0,4.0,2.0,7764.0,0-1,3078.0,2.39,Sector 23,2,1
5822,3.0,2.0,2.0,10137.0,1-5,1450.0,1.47,Sector 31,2,1
5823,3.0,5.0,3.0,18218.0,1-5,2470.0,4.35,Sector 47,4,1
5824,4.0,6.0,3.0,17900.0,1-5,3715.0,6.65,Sector 47,4,1
5825,4.0,6.0,4.0,17838.0,5-10,2943.0,5.25,Sector 31,3,1
5826,3.0,5.0,4.0,15577.0,5-10,2311.0,3.6,Sector 31,3,1
5827,3.0,3.0,2.0,12073.0,5-10,2112.0,2.55,Sector 41,3,1
5828,2.0,2.0,1.0,11153.0,1-5,800.0,0.58,Sector 67,3,1
5829,2.0,2.0,1.0,6875.0,1-5,800.0,0.55,Sector 67,3,1
5830,3.0,3.0,1.0,4375.0,1-5,1600.0,0.7,Sector 67,1,1
5831,4.0,4.0,2.0,6111.111111111111,1-5,3600.0,2.2,Sector 67,3,1
5832,4.0,4.0,2.0,8148.148148148148,Under Construction,2700.0,2.2,Sector 67A,4,1
5833,3.0,5.0,3.0,17813.0,1-5,2470.0,4.33,Sector 47,4,1
5834,4.0,5.0,4.0,12159.0,5-10,4400.0,5.35,Sector 31,3,1
5835,4.0,4.0,3.0,13000.0,0-1,2000.0,2.6,Malibu Town,2,1
5836,2.0,2.0,4.0,7017.0,1-5,1425.0,1.0,Sector 84,5,1
5837,3.0,3.0,3.0,6878.0,1-5,1890.0,1.3,Sector 84,5,0
5838,2.0,2.0,2.0,7272.0,1-5,583.0,0.4,Sector 84,4,1
5839,4.0,5.0,4.0,15586.0,0-1,3625.0,6.9,Sector 66,6,0
5840,3.0,3.0,2.0,16487.0,1-5,1395.0,2.3,Sector 65,6,1
5841,4.0,4.0,3.0,12962.0,1-5,2700.0,3.5,Sector 65,6,1
5842,3.0,3.0,2.0,11049.0,5-10,1810.0,2.55,Sector 48,5,0
5843,3.0,3.0,2.0,13000.0,0-1,2000.0,2.6,Malibu Town,2,1
5844,3.0,3.0,3.0,14471.0,Under Construction,2004.0,2.9,Sector 65,5,0
5845,3.0,3.0,3.0,13949.0,Under Construction,1828.0,2.55,Sector 65,5,0
5846,2.0,2.0,3.0,13956.0,Under Construction,1433.0,2.0,Sector 65,5,0
5847,2.0,2.0,3.0,13957.0,Under Construction,1261.0,1.76,Sector 65,5,0
5848,3.0,3.0,3.0,16223.0,0-1,2588.0,4.2,Sector 62,5,0
5849,2.0,2.0,2.0,16044.0,0-1,1508.0,2.42,Sector 62,5,0
5850,3.0,3.0,3.0,6444.0,1-5,2250.0,1.45,Sector 84,4,1
5851,3.0,3.0,2.0,7038.0,1-5,1918.0,1.35,Sector 84,4,1
5852,4.0,3.0,3.0,7936.507936507936,1-5,3150.0,2.5,Sector 65,6,1
5853,3.0,4.0,3.0,10263.0,1-5,1900.0,1.95,Sector 106,6,1
5854,3.0,3.0,1.0,10464.0,10+,2112.0,2.21,Sector 41,3,0
5855,2.0,2.0,4.0,7326.0,1-5,1365.0,1.0,Sector 99,4,0
5856,3.0,3.0,4.0,8150.0,5-10,2000.0,1.63,Sector 103,4,0
5857,3.0,4.0,4.0,9753.0,1-5,2025.0,1.98,Sector 102,4,0
5858,3.0,3.0,3.0,9939.0,1-5,1650.0,1.64,Sector 102,4,0
5859,4.0,3.0,3.0,13428.0,1-5,1750.0,2.35,Sector 65,6,1
5860,3.0,3.0,3.0,12597.0,Under Construction,2691.0,3.39,Sector 113 Gurgaon,5,0
5861,3.0,4.0,3.0,14501.0,Under Construction,1855.0,2.69,Sector 106,5,0
5862,3.0,3.0,4.0,14150.0,Under Construction,1855.0,2.63,Sector 106,5,0
5863,3.0,4.0,3.0,10978.0,5-10,2095.0,2.3,Sector 109,4,0
5864,3.0,3.0,3.0,10035.0,Under Construction,1689.0,1.7,Sector 104,5,0
5865,2.0,2.0,4.0,7870.0,1-5,1385.0,1.09,Sector 106,6,0
5866,3.0,3.0,4.0,8300.0,1-5,2000.0,1.66,Sector 103,4,0
5867,3.0,4.0,1.0,9629.0,1-5,2025.0,1.95,Sector 102,4,0
5868,3.0,3.0,3.0,10121.0,1-5,1650.0,1.67,Sector 102,4,0
5869,3.0,4.0,3.0,11964.0,1-5,1889.0,2.26,Sector 102,4,0
5870,3.0,4.0,4.0,8711.0,1-5,2290.0,2.0,Sector 104,6,0
5871,4.0,4.0,3.0,11666.0,0-1,3600.0,4.2,Sector 65,6,1
5872,2.0,2.0,2.0,8661.0,0-1,635.0,0.55,Sector 76,5,1
5873,2.0,2.0,1.0,7354.0,1-5,516.0,0.38,Sector 37C,2,1
5874,2.0,2.0,2.0,10000.0,0-1,600.0,0.6,Sector 67A,1,0
5875,4.0,5.0,4.0,13858.0,1-5,2410.0,3.34,Sector 66,4,0
5877,3.0,3.0,3.0,10361.0,Under Construction,1689.0,1.75,Sector 104,5,0
5878,3.0,2.0,2.0,11111.0,Under Construction,1359.0,1.51,Sector 104,5,0
5879,2.0,2.0,2.0,10193.0,1-5,1550.0,1.58,Sector 104,6,0
5880,4.0,6.0,4.0,8347.0,1-5,2875.0,2.4,Sector 103,4,0
5881,3.0,4.0,2.0,16774.0,0-1,1550.0,2.6,DLF Phase 2,6,1
5882,3.0,3.0,3.0,14501.0,Under Construction,1855.0,2.69,Sector 106,5,0
5883,3.0,3.0,3.0,14123.0,Under Construction,1855.0,2.62,Sector 106,5,0
5884,3.0,3.0,3.0,10005.0,Under Construction,1689.0,1.69,Sector 104,5,0
5885,4.0,4.0,4.0,6029.0,1-5,2836.0,1.71,Sector 109,1,0
5886,3.0,3.0,4.0,8325.0,1-5,2000.0,1.66,Sector 103,4,0
5887,3.0,3.0,3.0,19166.0,Under Construction,1800.0,3.45,Sector 63A,5,1
5888,3.0,3.0,3.0,10090.0,1-5,1650.0,1.66,Sector 102,4,1
5889,3.0,4.0,3.0,11911.0,0-1,1889.0,2.25,Sector 102,4,0
5890,3.0,4.0,4.0,8820.0,1-5,2290.0,2.02,Sector 104,6,0
5891,3.0,3.0,3.0,15144.0,1-5,2047.0,3.1,Sector 67,4,1
5892,4.0,3.0,4.0,7460.31746031746,1-5,3150.0,2.35,Sector 65,6,1
5893,2.0,2.0,2.0,6633.0,Under Construction,572.0,0.38,Sector 89,4,1
5894,3.0,2.0,2.0,10706.0,Under Construction,1359.0,1.46,Sector 104,5,0
5895,3.0,4.0,3.0,9735.0,1-5,2003.0,1.95,Sector 108,4,0
5896,3.0,4.0,4.0,8733.0,5-10,2290.0,2.0,Sector 104,6,0
5897,4.0,4.0,3.0,10555.0,0-1,2700.0,2.85,Sushant Lok Phase 1,3,1
5898,4.0,4.0,3.0,11616.0,1-5,2970.0,3.45,DLF Phase 2,2,1
5899,3.0,4.0,4.0,12365.0,5-10,1860.0,2.3,Sector 48,4,0
5900,2.0,2.0,2.0,10321.0,1-5,591.0,0.61,Sector 67A,2,1
5901,3.0,4.0,1.0,9432.0,1-5,2025.0,1.91,Sector 102,4,0
5902,4.0,4.0,4.0,14090.0,1-5,2200.0,3.1,Sector 65,6,1
5903,4.0,4.0,2.0,8698.0,0-1,3150.0,2.74,Sector 50,3,1
5904,4.0,4.0,4.0,6064.0,5-10,2836.0,1.72,Sector 109,1,0
5905,4.0,4.0,2.0,15797.0,0-1,1975.0,3.12,Sector 65,6,0
5906,3.0,3.0,4.0,7771.0,1-5,1750.0,1.55,Sector 109,4,0
5907,4.0,6.0,4.0,7304.0,1-5,2875.0,2.45,Sector 103,4,0
5908,3.0,3.0,4.0,8157.0,1-5,1900.0,1.55,Sector 103,4,0
5909,3.0,4.0,4.0,13253.0,1-5,2575.0,3.15,Sector 113 Gurgaon,4,0
5910,4.0,4.0,2.0,12923.0,1-5,1950.0,2.52,Palam Vihar,2,1
5911,2.0,2.0,1.0,15111.111111111111,10+,2250.0,3.4,Sector 14,3,1
5912,3.0,3.0,3.0,20222.222222222223,10+,2250.0,4.55,Sector 14,3,1
5913,3.0,3.0,3.0,18467.220683287167,10+,3249.0,6.0,Sector 14,3,1
5914,2.0,2.0,2.0,9777.0,1-5,1125.0,1.1,Sector 33,5,1
5915,3.0,3.0,2.0,20000.0,5-10,2250.0,4.5,Sector 14,3,1
5916,1.0,2.0,2.0,6651.0,Under Construction,482.0,0.25,Sector 89,4,0
5917,3.0,3.0,4.0,10444.0,1-5,2250.0,2.35,DLF Phase 1,6,1
5918,3.0,3.0,2.0,8917.0,1-5,1570.0,1.4,Sector 33,5,1
5919,2.0,2.0,2.0,4296.0,0-1,540.0,0.2319999999999999,Sector-5 Sohna,1,0
5920,2.0,2.0,3.0,6740.0,Under Construction,1261.0,0.85,Sector 37D,1,0
5921,4.0,4.0,2.0,11666.0,1-5,3762.0,2.8,Sector 57,3,1
5922,2.0,2.0,2.0,8246.0,Under Construction,1190.0,0.8329000000000001,Sector 92,4,0
5923,3.0,3.0,2.0,13666.0,1-5,1710.0,1.64,Sector 55,3,0
5924,4.0,3.0,4.0,13058.0,1-5,2367.0,2.22,Sector 57,3,1
5925,4.0,4.0,4.0,8555.0,1-5,4500.0,3.85,Sushant Lok Phase 2,3,1
5926,3.0,3.0,2.0,12058.0,1-5,2367.0,2.05,Sector 57,3,1
5927,3.0,3.0,2.0,15625.0,1-5,2160.0,2.5,Sector 56,3,1
5928,3.0,3.0,4.0,13666.0,1-5,1800.0,1.64,Sushant Lok Phase 2,3,1
5929,3.0,3.0,2.0,13916.0,1-5,1800.0,1.67,Sector 57,3,1
5930,3.0,3.0,2.0,13360.0,1-5,1836.0,1.67,Sector 57,3,1
5931,3.0,3.0,4.0,13947.0,1-5,2700.0,2.65,Sector 56,3,0
5932,4.0,4.0,2.0,13095.0,1-5,2700.0,2.75,Sector 57,3,1
5933,3.0,3.0,4.0,10950.0,1-5,2700.0,2.19,Sushant Lok Phase 3,3,0
5934,3.0,3.0,2.0,12838.0,1-5,2140.0,1.99,Sushant Lok Phase 3,3,0
5935,3.0,3.0,4.0,13448.0,1-5,1800.0,1.95,Sushant Lok Phase 2,3,0
5936,4.0,4.0,4.0,14250.0,1-5,2700.0,2.85,Sushant Lok Phase 2,3,0
5937,4.0,4.0,4.0,13250.0,1-5,2700.0,2.65,Sector 57,3,1
5938,4.0,4.0,2.0,11250.0,1-5,2700.0,2.25,Sushant Lok Phase 2,3,1
5939,4.0,4.0,4.0,17227.0,1-5,3150.0,3.79,Sector 63A,1,1
5940,3.0,4.0,2.0,17435.0,1-5,2150.0,3.4,DLF Phase 5,5,0
5941,5.0,6.0,2.0,9722.0,1-5,3600.0,3.5,Sector 48,5,0
5942,4.0,4.0,3.0,8461.0,0-1,2600.0,2.2,Sector-33 Sohna,5,1
5943,3.0,3.0,3.0,8217.0,0-1,1789.0,1.47,Sector-33 Sohna,5,1
5944,3.0,3.0,3.0,8384.0,0-1,1789.0,1.5,Sector-33 Sohna,5,1
5945,3.0,2.0,4.0,8875.0,1-5,1200.0,1.07,Sector-33 Sohna,4,0
5946,3.0,2.0,4.0,8398.0,1-5,1274.0,1.07,Sector-33 Sohna,5,0
5947,3.0,3.0,4.0,8611.0,1-5,1800.0,1.55,Sector-33 Sohna,4,0
5948,3.0,3.0,4.0,6069.0,1-5,1730.0,1.05,Sohna,3,0
5949,3.0,2.0,3.0,9026.0,1-5,1274.0,1.15,Sector-33 Sohna,4,0
5950,4.0,4.0,4.0,17142.0,0-1,1400.0,2.4,Sector-33 Sohna,2,1
5951,3.0,3.0,4.0,6242.0,1-5,1730.0,1.08,Sohna,3,0
5952,4.0,4.0,4.0,10769.0,0-1,2600.0,2.8,Sector-33 Sohna,4,1
5953,3.0,3.0,4.0,11923.0,0-1,1300.0,1.55,Sector-33 Sohna,4,1
5954,4.0,4.0,4.0,12777.0,0-1,1800.0,2.3,Sector-33 Sohna,4,1
5955,3.0,4.0,4.0,7857.0,0-1,2255.0,1.1,Sohna,4,1
5956,4.0,4.0,4.0,13404.0,0-1,2350.0,3.15,Sohna,3,1
5957,3.0,3.0,3.0,13452.0,0-1,1115.0,1.5,Sohna,3,1
5958,2.0,2.0,2.0,12500.0,0-1,800.0,1.0,Sector-33 Sohna,2,1
5959,3.0,3.0,3.0,7937.0,0-1,1789.0,1.42,Sector-33 Sohna,4,1
5960,2.0,2.0,3.0,11875.0,0-1,800.0,0.95,Sector-33 Sohna,2,1
5961,3.0,4.0,4.0,15238.0,Under Construction,2100.0,3.2,Sector-33 Sohna,4,1
5962,4.0,5.0,4.0,8846.0,1-5,2600.0,2.3,Sector-33 Sohna,4,1
5963,3.0,3.0,3.0,8664.0,1-5,1789.0,1.55,Sector-33 Sohna,4,1
5964,4.0,5.0,4.0,18235.0,0-1,1700.0,3.1,Sector-33 Sohna,4,1
5965,3.0,3.0,4.0,13182.0,1-5,1062.0,1.4,Sector-2 Sohna,1,0
5966,2.0,2.0,2.0,7131.0,1-5,609.0,0.435,Sector-33 Sohna,0,0
5967,3.0,3.0,3.0,10757.0,1-5,3300.0,3.55,Sector 72,3,0
5968,3.0,4.0,4.0,12969.0,1-5,2452.0,3.18,Sector 67,4,0
5969,3.0,3.0,3.0,12818.0,1-5,2403.0,2.82,Sector 60,5,0
5970,3.0,3.0,3.0,12788.0,1-5,2385.0,3.05,Sector 60,5,0
5971,3.0,4.0,4.0,16050.0,1-5,2185.0,3.21,Sector 72,3,0
5972,4.0,4.0,3.0,13815.0,0-1,4700.0,5.25,DLF Phase 3,6,0
5973,5.0,5.0,2.0,29573.29953527672,1-5,2367.0,7.0,Sector 40,3,1
5974,4.0,4.0,2.0,12420.0,1-5,2214.0,2.75,Sushant Lok Phase 3,3,1
5975,3.0,4.0,1.0,14652.0,0-1,2025.0,1.84,Sector 102,4,0
5976,3.0,3.0,4.0,11084.0,0-1,1669.0,1.85,Sector 102,4,1
5977,2.0,2.0,3.0,11267.0,0-1,1349.0,1.52,Sector 102,4,1
5978,2.0,2.0,2.0,10892.0,Under Construction,964.0,1.05,Sector 102,4,1
5979,2.0,2.0,2.0,10009.0,Under Construction,1099.0,1.1,Sector 104,5,1
5980,3.0,3.0,4.0,8250.0,1-5,2000.0,1.65,Sector 103,4,1
5981,3.0,3.0,3.0,10060.0,1-5,1650.0,1.66,Sector 102,4,1
5982,2.0,2.0,2.0,7870.0,1-5,1385.0,1.09,Sector 106,6,0
5983,4.0,5.0,4.0,10006.0,1-5,3198.0,3.2,Sector 102,4,0
5984,4.0,4.0,4.0,9206.0,1-5,3150.0,2.9,Sector 104,6,1
5985,3.0,4.0,4.0,8733.0,1-5,2290.0,2.0,Sector 104,6,0
5986,3.0,3.0,3.0,11843.0,0-1,1942.0,2.3,Sector 57,4,1
5987,3.0,3.0,2.0,19093.0,Under Construction,2095.0,4.0,Sector 59,6,0
5988,3.0,4.0,2.0,20000.0,1-5,2500.0,5.0,Sector 65,3,1
5989,3.0,3.0,3.0,12000.0,Under Construction,1500.0,1.8,Sector 57,3,1
5990,4.0,4.0,4.0,11494.0,0-1,2523.0,2.9,Sector 57,3,1
5991,4.0,5.0,4.0,9880.0,0-1,3188.0,3.15,Sector 102,4,0
5992,4.0,4.0,4.0,9564.0,0-1,4548.0,4.35,Sector 102,4,0
5993,3.0,3.0,4.0,10011.0,0-1,1698.0,1.7,Sector 102,4,0
5994,3.0,4.0,3.0,10587.0,0-1,1889.0,2.0,Sector 102,4,0
5995,4.0,4.0,4.0,8730.0,0-1,3150.0,2.75,Sector 104,6,0
5996,3.0,4.0,4.0,7816.0,0-1,2290.0,1.79,Sector 104,6,0
5997,3.0,4.0,3.0,6842.0,0-1,1900.0,1.3,Sector 106,6,0
5998,3.0,4.0,4.0,7613.0,0-1,1760.0,1.34,Sector 106,6,0
5999,3.0,3.0,0.0,5879.0,0-1,1871.0,1.1,Sector 109,1,1
6000,3.0,4.0,1.0,6235.0,0-1,2165.0,1.35,Sector 109,1,1
6001,4.0,5.0,4.0,12372.0,0-1,2950.0,3.65,Sector 111,4,1
6002,6.0,6.0,4.0,25000.0,10+,900.0,2.25,Sector 40,3,1
6003,9.0,9.0,4.0,25771.01816645543,1-5,2367.0,6.1,Sector 45,3,1
6004,6.0,6.0,4.0,21968.736797634137,5-10,2367.0,5.2,Sector 40,3,1
6005,3.0,4.0,3.0,11173.1843575419,Under Construction,1611.0,1.8,Sector 63A,5,1
6006,3.0,4.0,2.0,12345.67901234568,Under Construction,1620.0,2.0,Sector 63A,4,1
6007,3.0,4.0,2.0,11365.079365079366,0-1,1575.0,1.79,Sector 63A,4,1
6008,3.0,3.0,2.0,11797.752808988764,0-1,1602.0,1.89,Sector 63A,5,1
6009,3.0,3.0,2.0,9835.390946502055,1-5,2430.0,2.39,Palam Vihar,2,1
6010,2.0,2.0,1.0,14583.0,1-5,1200.0,1.75,Sector 66,6,0
6011,3.0,4.0,3.0,13621.0,1-5,1872.0,2.55,Sector 66,3,0
6012,2.0,3.0,3.0,12449.0,1-5,1486.0,1.85,Sector 66,3,0
6013,2.0,2.0,2.0,13816.0,5-10,1158.0,1.6,Sector 66,3,1
6014,4.0,5.0,4.0,22291.0,1-5,2864.0,5.35,sector 58,5,0
6015,3.0,4.0,1.0,23076.0,1-5,2164.0,3.75,sector 58,5,0
6016,4.0,4.0,4.0,14097.0,1-5,3192.0,4.5,Sector 67,4,0
6017,4.0,5.0,4.0,20887.0,1-5,3088.0,6.45,Sector 54,5,0
6018,3.0,4.0,4.0,19238.0,1-5,2651.0,6.2,Sector 54,5,0
6019,3.0,4.0,2.0,19545.0,1-5,2686.0,6.1,Sector 54,5,0
6020,3.0,4.0,4.0,20772.0,Under Construction,2874.0,5.97,Sector 53,3,0
6021,4.0,5.0,4.0,21444.0,Under Construction,3684.0,7.9,Sector 53,3,0
6022,3.0,4.0,4.0,20702.0,Under Construction,2874.0,5.95,Sector 53,3,0
6023,3.0,3.0,2.0,9440.0,Under Construction,1430.0,1.35,Gwal Pahari,5,1
6024,3.0,3.0,2.0,9650.0,0-1,1430.0,1.38,Gwal Pahari,5,1
6025,2.0,3.0,3.0,15833.0,1-5,1463.0,1.9,Sector 66,3,0
6026,4.0,4.0,3.0,14383.2276938079,1-5,2051.0,2.95,Sector 66,3,0
6027,4.0,5.0,3.0,18518.0,1-5,4050.0,7.5,Sector 66,6,0
6028,2.0,2.0,3.0,14000.0,0-1,1250.0,1.75,Sector 65,5,1
6029,4.0,4.0,3.0,12857.0,0-1,3500.0,4.5,Sector 65,6,0
6030,4.0,5.0,4.0,16524.0,Under Construction,3395.0,5.94,Sector 59,6,0
6031,3.0,4.0,2.0,16420.0,Under Construction,2095.0,3.87,Sector 59,6,0
6032,3.0,4.0,2.0,17671.0,1-5,2156.0,3.81,sector 58,5,0
6033,4.0,4.0,2.0,17706.0,1-5,2163.0,4.0,sector 58,5,0
6034,3.0,4.0,2.0,17625.0,1-5,2156.0,3.8,sector 58,5,0
6035,3.0,4.0,1.0,15242.0,0-1,2985.0,5.22,Sector 59,6,0
6036,3.0,4.0,1.0,15075.0,0-1,2985.0,5.15,Sector 59,6,0
6037,3.0,4.0,1.0,15008.0,0-1,2985.0,5.18,Sector 59,6,0
6038,3.0,4.0,2.0,13021.0,0-1,2588.0,3.37,Sector 62,5,0
6039,3.0,3.0,2.0,12982.0,0-1,2588.0,3.36,Sector 62,5,0
6040,3.0,4.0,4.0,19155.0,Under Construction,2250.0,4.31,Sector 61,6,0
6041,4.0,5.0,4.0,19200.0,Under Construction,2750.0,5.28,Sector 61,6,0
6042,3.0,4.0,4.0,19200.0,Under Construction,2250.0,4.32,Sector 61,6,0
6043,4.0,5.0,2.0,17083.0,Under Construction,3395.0,5.7,Sector 59,6,0
6044,3.0,4.0,2.0,16531.0,Under Construction,2595.0,3.89,Sector 59,6,0
6045,3.0,4.0,2.0,16514.0,Under Construction,2295.0,3.6,Sector 59,6,0
6046,3.0,4.0,2.0,15751.0,Under Construction,2095.0,3.5,Sector 59,6,0
6047,3.0,3.0,3.0,18731.0,1-5,1388.0,2.6,Sector 65,6,1
6048,4.0,4.0,4.0,23654.0,5-10,3065.0,7.25,Sector 54,3,0
6049,4.0,4.0,4.0,27380.0,10+,4200.0,11.4996,Sector 54,3,0
6050,3.0,4.0,3.0,12529.0,Under Construction,2937.0,3.68,Sector 76,5,0
6051,4.0,4.0,4.0,21362.0,5-10,3979.0,8.5,DLF Phase 5,5,0
6052,3.0,4.0,2.0,12427.0,Under Construction,2937.0,3.65,Sector 76,5,0
6053,3.0,4.0,2.0,12581.0,Under Construction,2766.0,3.48,Sector 76,5,0
6054,4.0,5.0,4.0,12592.592592592591,0-1,2700.0,3.4,DLF Phase 2,3,0
6055,4.0,5.0,4.0,16250.0,1-5,4000.0,6.5,DLF Phase 2,3,0
6056,4.0,5.0,4.0,12500.0,1-5,4200.0,5.25,Suncity,3,0
6057,4.0,5.0,4.0,12777.0,1-5,4500.0,5.75,DLF Phase 1,3,0
6058,4.0,5.0,4.0,17045.0,0-1,2200.0,3.75,DLF Phase 2,3,0
6059,4.0,4.0,4.0,11111.0,0-1,2700.0,3.0,DLF Phase 1,3,0
6060,3.0,3.0,3.0,7407.0,1-5,1755.0,1.3,Sector 83,4,0
6061,3.0,3.0,3.0,7244.0,1-5,1960.0,1.42,Sector 82,4,0
6062,3.0,3.0,3.0,6887.0,1-5,1960.0,1.35,Sector 82,4,0
6063,3.0,3.0,3.0,8504.0,Under Construction,1705.0,1.45,Sector 68,5,0
6064,3.0,2.0,3.0,8428.0,Under Construction,1483.0,1.25,Sector 68,5,0
6065,2.0,2.0,3.0,7630.0,0-1,1245.0,0.95,Sector 68,5,0
6066,3.0,3.0,2.0,14625.0,Under Construction,1470.0,2.15,Sector 63A,5,0
6067,3.0,3.0,4.0,9060.0,1-5,1490.0,1.35,Sector 79,5,0
6068,3.0,5.0,4.0,21750.0,0-1,2470.0,4.35,Sector 47,4,0
6069,3.0,3.0,3.0,12028.0,Under Construction,1829.0,2.2,Sector 85,4,1
6070,3.0,4.0,2.0,13128.800442233278,1-5,3618.0,4.75,DLF Phase 2,3,1
6071,3.0,3.0,4.0,14516.0,1-5,2411.0,3.5,Sector 67,4,0
6072,3.0,4.0,3.0,14964.0,5-10,2906.0,4.35,Chakkarpur,3,0
6073,4.0,4.0,4.0,22102.0,1-5,2350.0,2.88,Sector 67,4,0
6074,2.0,2.0,3.0,12916.0,0-1,1400.0,1.55,Sector 74,6,0
6075,3.0,3.0,3.0,6593.0,0-1,2275.0,1.5,Sector 84,4,1
6076,3.0,3.0,3.0,5970.0,1-5,1675.0,1.0,Sector 85,2,0
6077,3.0,4.0,3.0,5349.0,1-5,1645.0,0.88,Sector 85,3,0
6078,4.0,4.0,4.0,8500.0,1-5,2425.0,2.06,Sector 99,3,0
6079,2.0,2.0,2.0,6855.0,1-5,1342.0,0.92,Sector 77,4,0
6080,4.0,4.0,3.0,11777.0,10+,2250.0,2.65,DLF Phase 1,3,0
6081,4.0,5.0,4.0,13278.0,1-5,2410.0,3.2,Sector 66,4,0
6082,4.0,4.0,4.0,14998.0,1-5,3267.0,4.9,Sector 67,4,0
6083,4.0,4.0,4.0,15625.0,1-5,3200.0,5.0,Sector 67,4,0
6084,3.0,3.0,3.0,10340.0,0-1,1789.0,1.85,Sector-33 Sohna,4,1
6085,2.0,2.0,2.0,7389.0,1-5,1245.0,0.92,Sector 83,5,1
6086,2.0,2.0,4.0,15384.0,1-5,1365.0,2.1,Sector 60,5,0
6087,2.0,2.0,3.0,13112.0,1-5,1449.0,1.9,Sector 66,3,0
6088,2.0,2.0,3.0,12422.0,1-5,1449.0,1.8,Sector 66,3,0
6089,3.0,4.0,2.0,6094.0,1-5,1805.0,0.97,Sector 93,4,0
6090,2.0,2.0,2.0,13800.0,Under Construction,1150.0,1.59,Sector 61,0,0
6091,3.0,2.0,2.0,7400.0,0-1,1081.0,0.8,Sector 36 Sohna,4,1
6092,2.0,2.0,2.0,16376.0,0-1,1508.0,2.47,Sector 62,5,0
6094,2.0,2.0,2.0,16575.0,0-1,1508.0,2.5,Sector 62,5,0
6095,3.0,3.0,3.0,8288.0,1-5,2244.0,1.86,Sector 84,4,1
6096,2.0,2.0,2.0,15912.0,0-1,1508.0,2.4,Sector 62,5,0
6097,2.0,2.0,2.0,9139.0,1-5,930.0,0.85,Sector 82,2,1
6098,2.0,2.0,2.0,3827.16049382716,1-5,1620.0,0.62,Sector 82,2,1
6099,3.0,3.0,2.0,13138.0,10+,1370.0,1.8,DLF Phase 4,2,0
6100,2.0,2.0,2.0,13053.0,10+,1762.0,2.3,Nirvana Country,5,0
6101,3.0,3.0,3.0,12810.0,5-10,2537.0,3.25,Nirvana Country,5,0
6102,3.0,3.0,2.0,9876.543209876543,1-5,1620.0,1.6,South City 1,3,1
6103,4.0,4.0,4.0,11936.0,Under Construction,2597.0,3.1,Sector 113 Gurgaon,6,0
6104,3.0,3.0,3.0,11910.0,Under Construction,2015.0,2.4,Sector 113 Gurgaon,6,0
6105,4.0,4.0,4.0,12000.0,Under Construction,2250.0,2.7,Sector 113 Gurgaon,5,0
6106,3.0,3.0,4.0,11951.0,Under Construction,1665.0,1.99,Sector 113 Gurgaon,5,0
6107,2.0,2.0,4.0,11984.0,Under Construction,1310.0,1.57,Sector 113 Gurgaon,5,0
6108,4.0,4.0,2.0,11343.0,0-1,2010.0,2.28,Sector 69,4,0
6109,3.0,3.0,4.0,11500.0,0-1,2074.0,2.39,Sector 74,6,0
6110,2.0,2.0,3.0,11587.0,0-1,1424.0,1.65,Sector 74,6,0
6111,4.0,4.0,4.0,9090.0,0-1,2475.0,2.25,Sector 92,4,1
6112,4.0,5.0,4.0,10812.0,1-5,2400.0,2.6,Sector 69,6,0
6113,4.0,5.0,4.0,10750.0,1-5,2400.0,2.58,Sector 69,6,0
6114,4.0,5.0,4.0,10833.0,1-5,2400.0,2.6,Sector 69,6,0
6115,3.0,3.0,4.0,9068.0,Under Construction,1996.0,1.81,Sector-33 Sohna,4,1
6116,3.0,3.0,4.0,9043.0,Under Construction,1996.0,1.8,Sector-33 Sohna,4,0
6117,4.0,5.0,3.0,20987.0,0-1,2025.0,4.25,DLF Phase 2,3,0
6118,4.0,4.0,1.0,25368.0,5-10,2917.0,7.4,Sector 54,3,1
6120,3.0,3.0,4.0,9068.0,Under Construction,1996.0,1.81,Sector-33 Sohna,4,1
6121,3.0,3.0,2.0,16898.14814814815,1-5,2160.0,3.65,Sector 82,1,0
6122,3.0,3.0,2.0,10000.0,1-5,1450.0,1.45,Sector 82,1,0
6123,3.0,3.0,3.0,8225.0,1-5,1702.0,1.4,Sector 90,3,0
6124,3.0,3.0,2.0,7575.0,1-5,1980.0,1.5,Sector 83,5,1
6125,3.0,4.0,4.0,5527.0,Under Construction,1990.0,1.1,Sector 37D,4,1
6126,3.0,3.0,3.0,8972.0,1-5,1995.0,1.79,Sector 92,1,1
6127,2.0,2.0,2.0,7550.0,1-5,1245.0,0.94,Sector 83,5,1
6128,3.0,3.0,3.0,6153.0,1-5,1820.0,1.12,Sector 37C,4,0
6129,2.0,2.0,2.0,6971.0,1-5,1420.0,0.99,Sector 83,5,1
6130,3.0,4.0,1.0,9526.0,1-5,1942.0,1.85,Sector 102,6,0
6131,3.0,3.0,4.0,18200.0,Under Construction,2595.0,4.72,Sector 59,6,0
6132,4.0,4.0,4.0,19440.0,Under Construction,3395.0,6.6,Sector 59,6,0
6133,3.0,3.0,3.0,8585.0,0-1,2015.0,1.73,Sector 79,3,0
6134,3.0,3.0,3.0,8536.0,0-1,2050.0,1.75,Sector 79,3,0
6135,3.0,4.0,3.0,9069.0,0-1,2150.0,1.95,Sector 79,3,0
6136,3.0,3.0,2.0,8268.7338501292,5-10,1935.0,1.6,Sushant Lok Phase 1,3,1
6137,3.0,4.0,3.0,26976.0,5-10,2150.0,5.8,Sector 54,4,0
6138,3.0,4.0,4.0,9393.0,Under Construction,1996.0,1.88,Sector-33 Sohna,4,0
6139,3.0,4.0,4.0,9293.0,Under Construction,1996.0,1.86,Sector-33 Sohna,4,1
6140,3.0,3.0,4.0,11800.0,Under Construction,2937.0,3.47,Sector 76,6,0
6141,3.0,3.0,4.0,11800.0,Under Construction,2290.0,2.7,Sector 76,6,0
6142,3.0,3.0,4.0,18100.0,Under Construction,2595.0,4.7,Sector 59,6,0
6143,3.0,3.0,4.0,17500.0,Under Construction,2295.0,4.02,Sector 59,6,0
6144,3.0,3.0,4.0,17500.0,Under Construction,2095.0,3.67,Sector 59,6,0
6145,2.0,2.0,2.0,9905.0,1-5,1260.0,1.05,Sector 68,4,0
6146,2.0,2.0,3.0,12500.0,Under Construction,1150.0,1.44,Sector 61,6,0
6147,3.0,2.0,3.0,10200.0,Under Construction,1371.0,1.4,Sector 76,5,0
6148,3.0,3.0,4.0,10200.0,Under Construction,1672.0,1.71,Sector 76,5,0
6149,4.0,5.0,4.0,10625.0,1-5,2400.0,2.55,Sector 69,6,0
6150,3.0,3.0,3.0,12500.0,Under Construction,2054.0,2.57,Sector 65,5,0
6151,2.0,2.0,3.0,12500.0,Under Construction,1261.0,1.58,Sector 65,5,0
6152,2.0,2.0,2.0,16243.0,0-1,1508.0,2.45,Sector 62,5,0
6153,3.0,3.0,4.0,16223.0,0-1,2588.0,4.2,Sector 62,5,0
6154,3.0,5.0,3.0,8974.0,0-1,1950.0,1.75,Sector 70,3,0
6155,4.0,4.0,3.0,19090.0,0-1,2750.0,5.25,Sector 61,4,0
6156,2.0,2.0,4.0,8158.0,Under Construction,1385.0,1.13,Sector-33 Sohna,4,1
6157,3.0,3.0,2.0,12254.901960784313,0-1,1836.0,2.25,Sector 27,3,1
6158,2.0,2.0,4.0,7797.0,Under Construction,1385.0,1.08,Sector-33 Sohna,4,0
6159,2.0,2.0,4.0,8158.0,Under Construction,1385.0,1.13,Sector-33 Sohna,4,0
6160,3.0,3.0,3.0,6500.0,0-1,1800.0,1.17,Sector 37D,3,1
6161,2.0,2.0,4.0,8098.0,Under Construction,1383.0,1.12,Sector-33 Sohna,4,0
6162,2.0,2.0,4.0,8156.0,Under Construction,1557.0,1.27,Sector-33 Sohna,4,0
6163,3.0,3.0,3.0,8000.0,0-1,1500.0,1.2,Sector 79,5,0
6164,3.0,3.0,3.0,17341.0,Under Construction,2595.0,4.5,Sector 59,6,0
6165,4.0,4.0,4.0,16999.0,Under Construction,3395.0,5.77,Sector 59,6,0
6166,3.0,3.0,3.0,19093.0,Under Construction,2095.0,4.0,Sector 59,6,0
6167,3.0,3.0,3.0,15773.0,Under Construction,2295.0,3.62,Sector 59,6,0
6168,4.0,5.0,4.0,18518.0,0-1,2700.0,5.0,DLF Phase 1,6,0
6169,2.0,2.0,2.0,11756.0,10+,1446.0,1.7,Sector 57,1,0
6170,3.0,3.0,4.0,18584.0,1-5,3363.0,6.25,Sector 65,5,0
6171,2.0,2.0,4.0,7942.0,Under Construction,1385.0,1.1,Sector-33 Sohna,4,0
6172,2.0,2.0,4.0,8303.0,Under Construction,1385.0,1.15,Sector-33 Sohna,4,0
6173,2.0,2.0,4.0,8220.0,Under Construction,1557.0,1.28,Sector-33 Sohna,4,1
6174,3.0,4.0,4.0,26475.0,10+,1983.0,5.25,Sector 54,4,1
6175,2.0,2.0,4.0,8519.0,Under Construction,1385.0,1.18,Sector-33 Sohna,4,1
6176,4.0,4.0,4.0,14345.0,Under Construction,2370.0,3.4,Sector-33 Sohna,4,1
6177,3.0,3.0,2.0,11153.0,1-5,1578.0,1.76,Sector 69,4,0
6178,3.0,3.0,2.0,11089.0,1-5,1578.0,1.75,Sector 69,4,0
6179,3.0,5.0,3.0,8820.0,0-1,1950.0,1.72,Sector 70,3,0
6180,4.0,6.0,4.0,10614.0,0-1,3156.0,3.35,Sector 69,4,0
6181,4.0,4.0,2.0,8609.486679662119,0-1,3078.0,2.65,Sector 57,3,1
6182,4.0,6.0,2.0,22151.0,1-5,3160.0,7.0,Sector 54,6,0
6183,4.0,5.0,4.0,14687.0,1-5,3670.0,4.7,Sector 66,4,0
6184,4.0,5.0,4.0,8125.0,1-5,2400.0,1.95,Sector 70,6,0
6185,3.0,3.0,4.0,7638.0,Under Construction,1440.0,1.1,Sohna,4,0
6186,3.0,4.0,3.0,10606.0,1-5,1650.0,1.75,Sector 92,1,1
6187,3.0,3.0,4.0,6970.0,Under Construction,1865.0,1.3,Sector 70,3,0
6188,3.0,3.0,2.0,10076.0,1-5,1578.0,1.59,Sector 69,4,0
6189,3.0,3.0,3.0,10690.0,Under Construction,1665.0,1.78,Sector 113 Gurgaon,5,0
6190,3.0,3.0,3.0,10669.0,Under Construction,2015.0,2.15,Sector 113 Gurgaon,6,0
6191,3.0,3.0,3.0,7407.0,5-10,1755.0,1.3,Sector 83,4,0
6192,3.0,3.0,2.0,8933.0,5-10,1735.0,1.55,Sector 83,5,0
6193,3.0,4.0,3.0,18484.0,10+,2164.0,4.0,sector 58,5,0
6194,4.0,4.0,4.0,8888.0,5-10,4500.0,2.8,Sector 43,3,0
6195,3.0,3.0,2.0,7550.0,0-1,1735.0,1.31,Sector 37C,4,0
6196,3.0,3.0,2.0,17739.0,Under Construction,1614.0,2.04,Sector 63A,4,0
6197,2.0,2.0,2.0,11358.0,0-1,1090.0,0.92,Sector 89,5,0
6198,4.0,4.0,2.0,12437.810945273632,0-1,3618.0,4.5,DLF Phase 2,3,1
6199,3.0,3.0,3.0,10452.0,1-5,1703.0,1.78,Sector 70A,4,0
6200,3.0,4.0,2.0,6603.0,1-5,2120.0,1.4,Sector 85,6,1
6201,4.0,4.0,4.0,15897.0,5-10,1950.0,3.1,Sector 65,2,0
6202,4.0,4.0,4.0,20900.0,10+,3110.0,6.5,Sector 53,5,0
6203,2.0,2.0,3.0,7228.0,1-5,1245.0,0.9,Sector 68,5,0
6204,4.0,5.0,4.0,15363.0,1-5,2864.0,5.45,sector 58,5,0
6205,2.0,2.0,4.0,12422.0,5-10,1449.0,1.8,Sector 66,3,0
6206,2.0,2.0,2.0,5680.0,1-5,1250.0,0.71,Sector 81,0,1
6207,3.0,3.0,4.0,16610.0,0-1,2588.0,4.3,Sector 62,5,0
6208,3.0,3.0,3.0,9736.0,1-5,1900.0,1.85,Sector 83,4,1
6209,2.0,2.0,3.0,12789.0,Under Construction,1245.0,1.16,Sector 68,5,0
6210,3.0,4.0,2.0,7039.0,1-5,1790.0,1.26,Sector 82,4,1
6211,3.0,3.0,3.0,5170.0,Under Construction,1470.0,0.76,Sector 37D,4,1
6212,3.0,3.0,2.0,11000.0,Under Construction,1672.0,1.83,Sector 76,5,1
6213,3.0,3.0,4.0,9683.0,Under Construction,1704.0,1.65,Sector 69,6,0
6214,2.0,2.0,3.0,7514.0,Under Construction,865.0,0.65,Sector 68,5,0
6215,3.0,3.0,4.0,6906.0,1-5,1448.0,1.0,Sector 70A,5,0
6216,4.0,4.0,4.0,10000.0,Under Construction,2400.0,2.4,Sector 113 Gurgaon,5,0
6217,4.0,4.0,4.0,10396.0,Under Construction,2597.0,2.7,Sector 113 Gurgaon,6,0
6218,3.0,4.0,3.0,5173.0,1-5,1875.0,0.97,Sector 90,4,1
6219,4.0,4.0,2.0,27474.0,1-5,4495.0,12.349563,Sector 65,5,0
6220,2.0,2.0,2.0,9076.0,0-1,1300.0,1.18,Sector 70,3,0
6221,3.0,4.0,2.0,13425.925925925923,0-1,2160.0,2.9,Greenwood City,3,1
6222,3.0,4.0,2.0,12731.481481481482,0-1,2160.0,2.75,Greenwood City,3,1
6223,3.0,3.0,3.0,12000.0,Under Construction,2290.0,2.75,Sector 76,6,0
6224,3.0,3.0,4.0,16030.0,0-1,2588.0,4.15,Sector 62,5,0
6225,3.0,3.0,1.0,13100.0,5-10,1519.0,1.99,DLF Phase 2,5,0
6226,3.0,4.0,3.0,9348.0,5-10,2150.0,2.01,Sector 109,4,0
6227,4.0,4.0,2.0,11961.722488038278,0-1,3762.0,4.5,Sushant Lok Phase 1,3,1
6228,3.0,3.0,3.0,6478.0,0-1,1775.0,1.15,Sector 37D,3,1
6229,5.0,7.0,4.0,22633.74485596708,1-5,2430.0,5.5,Sector 109,6,0
6230,7.0,10.0,4.0,27777.777777777777,1-5,4500.0,12.5,Sector 109,6,0
6231,2.0,2.0,3.0,8888.0,0-1,1350.0,1.2,Sector 70,3,0
6232,4.0,5.0,4.0,10750.0,5-10,2400.0,2.58,Sector 69,6,0
6233,4.0,5.0,4.0,10833.0,5-10,2400.0,2.6,Sector 69,6,0
6234,4.0,4.0,4.0,13750.0,Under Construction,2400.0,3.3,Sector-33 Sohna,4,1
6235,2.0,2.0,2.0,7485.0,Under Construction,1190.0,0.8906999999999999,Sector 92,4,0
6236,3.0,2.0,3.0,7216.0,Under Construction,1432.0,1.03,Sector 92,4,0
6237,3.0,3.0,4.0,9268.0,Under Construction,1996.0,1.85,Sector-33 Sohna,2,1
6238,3.0,3.0,4.0,9343.0,Under Construction,1996.0,1.87,Sector-33 Sohna,4,0
6239,3.0,3.0,4.0,9382.0,Under Construction,1993.0,1.87,Sector-33 Sohna,2,1
6240,5.0,6.0,4.0,9350.0,1-5,3850.0,3.6,Sector 70,6,0
6241,4.0,6.0,4.0,10773.0,0-1,3156.0,3.4,Sector 69,4,0
6242,3.0,3.0,4.0,13945.0,0-1,2438.0,3.4,Sector 67,4,0
6243,3.0,3.0,3.0,13500.0,Under Construction,2500.0,3.38,Sector 76,6,0
6244,2.0,2.0,4.0,18658.0,0-1,1516.0,2.43,Sector 65,5,1
6245,3.0,3.0,3.0,9868.0,Under Construction,1672.0,1.65,Sector 76,5,0
6246,3.0,4.0,3.0,15745.0,0-1,2985.0,4.7,Sector 59,6,0
6247,3.0,4.0,3.0,15912.0,0-1,2985.0,4.75,Sector 59,6,0
6248,3.0,4.0,3.0,16247.0,0-1,2985.0,4.85,Sector 59,6,0
6249,2.0,2.0,3.0,8258.0,0-1,1550.0,1.28,Sector 99A,5,0
6250,4.0,4.0,4.0,10370.37037037037,1-5,2700.0,2.8,Sushant Lok Phase 1,3,1
6251,4.0,4.0,4.0,23206.349206349205,Under Construction,3150.0,7.31,MG Road,4,0
6252,3.0,4.0,4.0,23128.0,Under Construction,2685.0,6.21,MG Road,4,0
6253,3.0,2.0,2.0,10406.0,0-1,1970.0,2.05,Sector 63A,4,1
6254,3.0,4.0,3.0,14583.0,1-5,2698.0,3.5,Sector 67,4,0
6255,3.0,4.0,3.0,13529.0,1-5,2100.0,2.3,Sector 70A,2,0
6256,2.0,2.0,3.0,11428.0,1-5,1600.0,1.6,Sector 70A,2,0
6257,4.0,4.0,4.0,22916.0,5-10,2800.0,5.5,DLF Phase 5,3,0
6258,4.0,5.0,2.0,21068.0,1-5,3745.0,7.89,Sector 65,5,0
6259,3.0,4.0,3.0,19495.0,0-1,2103.0,4.1,Sector 62,5,1
6260,4.0,5.0,4.0,8128.0,1-5,2768.0,2.25,Sector 107,2,0
6261,3.0,3.0,3.0,10091.0,0-1,1635.0,1.65,Sector 68,2,0
6262,3.0,3.0,4.0,7205.0,1-5,1943.0,1.4,Sector 107,2,0
6263,3.0,3.0,3.0,6388.0,0-1,1800.0,1.15,Sector 37D,3,1
6264,3.0,3.0,3.0,9663.0,0-1,1635.0,1.58,Sector 68,2,0
6265,3.0,4.0,3.0,20126.0,0-1,2217.0,3.19,Sector 113 Gurgaon,5,0
6266,4.0,5.0,3.0,12280.0,5-10,2850.0,3.5,Sector 61,5,0
6267,4.0,5.0,3.0,16317.0,10+,4290.0,7.0,Sector 30,4,0
6268,4.0,5.0,3.0,14385.0,10+,2850.0,4.1,Sector 30,4,0
6269,3.0,4.0,3.0,13617.0,10+,2350.0,3.2,Sector 30,4,0
6270,5.0,7.0,4.0,25081.0,5-10,4585.0,11.4996385,Sector 54,3,0
6271,3.0,4.0,3.0,13538.0,10+,3250.0,4.4,DLF Phase 3,3,0
6272,3.0,4.0,3.0,14044.0,10+,2670.0,3.75,DLF Phase 3,3,0
6273,3.0,3.0,3.0,16867.0,Under Construction,1245.0,2.1,Sector 63A,5,0
6274,2.0,3.0,2.0,18947.0,Under Construction,1400.0,1.8,Sector 61,0,0
6275,2.0,2.0,4.0,6222.0,1-5,1366.0,0.85,Sector 107,2,0
6276,4.0,4.0,4.0,8125.0,0-1,2400.0,1.95,Sector 67A,4,0
6277,3.0,3.0,2.0,8432.0,Under Construction,1423.0,1.2,Sector 89,0,0
6278,3.0,3.0,3.0,5671.0,0-1,1340.0,0.76,Sector 83,3,1
6279,4.0,4.0,3.0,11111.0,10+,2250.0,2.5,DLF Phase 1,3,0
6280,3.0,5.0,2.0,20816.0,5-10,2450.0,5.1,Sector 53,5,0
6281,4.0,5.0,3.0,20900.0,5-10,3110.0,6.5,Sector 53,5,0
6282,5.0,6.0,4.0,20382.0,5-10,3925.0,8.0,Sector 53,5,0
6283,3.0,3.0,2.0,13500.0,0-1,1800.0,2.43,Sector 63,6,1
6284,3.0,4.0,3.0,17271.0,5-10,2895.0,5.0,Sector 53,4,0
6285,4.0,6.0,4.0,20648.0,5-10,3390.0,7.0,Sector 53,4,0
6286,5.0,6.0,4.0,20618.0,5-10,4850.0,10.0,Sector 53,4,0
6287,4.0,5.0,3.0,17000.0,10+,3000.0,5.1,DLF Phase 2,3,0
6288,4.0,5.0,3.0,15384.0,10+,3900.0,6.0,Heritage City,3,0
6289,4.0,4.0,3.0,14769.0,10+,3250.0,4.8,Heritage City,3,0
6290,4.0,4.0,3.0,14705.0,10+,2550.0,3.75,Heritage City,3,0
6291,2.0,2.0,2.0,11755.0,0-1,1276.0,1.5,Sector 113 Gurgaon,5,0
6292,3.0,4.0,3.0,15816.0,10+,1960.0,3.1,Heritage City,3,0
6293,3.0,3.0,2.0,14545.0,10+,1650.0,2.4,Heritage City,3,0
6294,2.0,3.0,2.0,16800.0,10+,1250.0,2.1,Heritage City,3,0
6295,3.0,3.0,4.0,10810.0,Under Construction,1850.0,2.0,Sector 113 Gurgaon,6,0
6296,2.0,2.0,3.0,10893.0,Under Construction,1377.0,1.5,Sector 113 Gurgaon,6,0
6297,2.0,2.0,4.0,10687.0,Under Construction,1310.0,1.4,Sector 113 Gurgaon,5,0
6298,3.0,3.0,4.0,14525.0,Under Construction,1549.0,2.25,Sector 61,6,0
6299,3.0,3.0,4.0,12941.0,Under Construction,2060.0,2.2,Sector 113 Gurgaon,5,0
6300,2.0,2.0,3.0,9842.0,0-1,1270.0,1.25,Sector 68,2,1
6301,3.0,3.0,3.0,9785.0,0-1,1635.0,1.6,Sector 68,2,0
6302,4.0,4.0,2.0,12708.0,1-5,2872.0,3.65,Sector 81,5,1
6303,3.0,4.0,3.0,19338.0,1-5,3025.0,5.85,Sector 59,6,1
6304,3.0,3.0,2.0,12083.0,Under Construction,1555.0,1.45,Sector 79,5,0
6305,4.0,5.0,4.0,19203.0,1-5,2864.0,5.5,sector 58,5,1
6306,3.0,4.0,1.0,17625.0,1-5,2156.0,3.8,sector 58,5,1
6307,4.0,5.0,3.0,16071.0,1-5,2800.0,4.5,Sector 60,5,1
6308,3.0,4.0,2.0,14465.0,1-5,2385.0,3.45,Sector 60,5,1
6309,2.0,2.0,2.0,15750.0,1-5,1365.0,2.15,Sector 60,5,1
6310,3.0,4.0,4.0,12997.0,1-5,2385.0,3.1,Sector 60,5,0
6311,3.0,4.0,4.0,19547.0,1-5,2430.0,4.75,Sector 65,3,1
6312,3.0,3.0,3.0,22069.0,1-5,4010.0,8.85,Sector 65,5,1
6313,3.0,3.0,3.0,18193.0,1-5,3243.0,5.9,Sector 65,5,1
6314,4.0,4.0,3.0,17333.0,1-5,3750.0,6.5,Sector 66,6,1
6315,3.0,3.0,2.0,16666.0,1-5,1950.0,3.25,Sector 66,6,1
6316,4.0,4.0,3.0,7621.0,1-5,3280.0,2.5,Sector 85,4,0
6317,2.0,2.0,2.0,16246.0,0-1,1508.0,2.45,Sector 62,5,1
6318,3.0,3.0,3.0,16615.0,0-1,2588.0,4.3,Sector 62,5,1
6319,3.0,3.0,2.0,9259.25925925926,0-1,2700.0,2.5,Sector 57,3,1
6320,4.0,4.0,2.0,7959.714100064977,0-1,3078.0,2.45,Sector 57,3,1
6321,4.0,4.0,3.0,16487.0,1-5,3154.0,5.2,Sector 67,4,1
6322,3.0,3.0,2.0,15144.0,1-5,2047.0,3.1,Sector 67,4,1
6323,4.0,6.0,4.0,16989.0,5-10,2943.0,5.0,Sector 31,3,0
6324,3.0,4.0,3.0,14583.0,1-5,2400.0,3.5,Sector 67,4,1
6325,2.0,2.0,3.0,11055.0,Under Construction,995.0,1.1,Sector-33 Sohna,4,1
6326,4.0,4.0,3.0,10086.0,1-5,3470.0,3.3,Sector 81,4,0
6327,4.0,4.0,4.0,15000.0,Under Construction,2400.0,3.6,Sector-33 Sohna,4,1
6328,3.0,3.0,3.0,7122.0,1-5,1755.0,1.25,Sector 83,4,0
6329,3.0,4.0,4.0,12727.0,Under Construction,2700.0,2.8,Sector 63,6,0
6330,3.0,3.0,3.0,12585.0,Under Construction,1470.0,1.85,Sector 63A,5,0
6331,4.0,4.0,2.0,10185.185185185184,1-5,2700.0,2.75,Sushant Lok Phase 1,3,1
6332,3.0,4.0,4.0,14823.0,1-5,2550.0,3.78,Sector 72,3,0
6333,3.0,4.0,4.0,13725.0,1-5,2550.0,3.5,Sector 72,3,0
6334,2.0,2.0,3.0,12200.0,Under Construction,1150.0,1.4,Sector 61,6,0
6335,3.0,3.0,4.0,12200.0,Under Construction,1630.0,1.99,Sector 61,6,0
6336,2.0,2.0,3.0,12000.0,Under Construction,1261.0,1.51,Sector 65,5,0
6337,2.0,2.0,3.0,5942.0,1-5,1380.0,0.82,Sector 37D,4,1
6338,2.0,2.0,2.0,14254.0,0-1,1508.0,2.4,Sector 62,5,1
6339,4.0,5.0,3.0,20114.0,5-10,2610.0,5.25,DLF Phase 5,4,0
6340,4.0,6.0,3.0,20625.0,5-10,4000.0,8.25,DLF Phase 5,5,0
6341,3.0,3.0,3.0,9022.0,1-5,1995.0,1.8,Sector 92,1,1
6342,4.0,5.0,3.0,24404.0,5-10,4200.0,10.24968,Sector 54,3,0
6343,4.0,5.0,3.0,23333.0,5-10,3000.0,7.0,Sector 54,3,0
6344,4.0,5.0,3.0,25714.0,5-10,3500.0,9.0,Sector 54,3,0
6345,4.0,5.0,4.0,17307.0,1-5,2847.0,4.5,Sector 67,4,0
6346,3.0,3.0,4.0,9393.0,Under Construction,1996.0,1.88,Sector-33 Sohna,2,0
6347,2.0,2.0,4.0,8498.0,Under Construction,1365.0,1.16,Sector 99,4,1
6348,3.0,3.0,2.0,12414.649286157666,0-1,1611.0,2.0,Sector 63A,4,0
6349,4.0,5.0,3.0,10273.046769397137,0-1,3699.0,3.8,Sector 63,6,1
6350,2.0,1.0,2.0,8034.0,Under Construction,865.0,0.695,Sector 68,5,0
6351,3.0,4.0,2.0,15175.0,1-5,2985.0,4.53,Sector 59,6,0
6352,3.0,4.0,2.0,19932.0,1-5,2985.0,4.95,Sector 59,6,0
6353,3.0,4.0,2.0,17148.0,Under Construction,2595.0,4.45,Sector 59,6,0
6354,3.0,4.0,2.0,18431.0,Under Construction,2295.0,4.23,Sector 59,6,0
6355,2.0,2.0,2.0,7228.0,0-1,1245.0,0.9,Sector 83,5,1
6356,3.0,4.0,4.0,20714.0,0-1,2380.0,4.1,Sector 65,3,0
6357,3.0,3.0,2.0,8531.0,0-1,1430.0,1.43,Gwal Pahari,5,0
6358,4.0,5.0,3.0,21693.0,1-5,2858.0,6.2,Sector 54,3,0
6359,4.0,5.0,4.0,7645.0,0-1,2812.0,2.15,Sector 85,4,0
6360,3.0,4.0,2.0,21153.0,0-1,2600.0,5.5,MG Road,4,0
6361,4.0,5.0,3.0,14285.0,10+,3850.0,5.5,Chakkarpur,3,0
6362,4.0,5.0,3.0,24025.0,5-10,3850.0,9.25,DLF Phase 2,3,0
6363,4.0,4.0,2.0,14857.0,10+,1750.0,2.6,DLF Phase 2,5,0
6364,4.0,4.0,2.0,14000.0,10+,1750.0,2.45,DLF Phase 2,3,0
6365,4.0,5.0,3.0,15555.0,10+,2250.0,3.5,DLF Phase 2,3,0
6366,4.0,5.0,3.0,25454.0,5-10,2750.0,7.0,Sector 54,4,0
6367,4.0,5.0,3.0,18683.0,10+,2810.0,5.25,DLF Phase 5,3,0
6368,4.0,5.0,3.0,18390.0,10+,2610.0,4.8,DLF Phase 5,3,0
6369,3.0,4.0,3.0,18048.0,10+,2050.0,3.7,DLF Phase 4,3,0
6370,3.0,3.0,3.0,16200.0,0-1,1358.0,2.2,Sector 102,4,1
6371,3.0,3.0,3.0,10000.0,1-5,1900.0,1.9,Sector 83,4,1
6372,3.0,4.0,3.0,20911.0,Under Construction,2874.0,6.01,Sector 53,3,0
6373,4.0,4.0,4.0,12826.0,5-10,2383.0,2.8,Sector 49,4,0
6374,3.0,4.0,3.0,5167.0,1-5,1645.0,0.85,Sector 85,3,0
6375,2.0,2.0,2.0,5829.0,1-5,1115.0,0.65,Sector 85,3,0
6376,3.0,3.0,4.0,12500.0,Under Construction,2040.0,2.55,Sector 65,5,0
6377,3.0,3.0,4.0,12417.0,5-10,2112.0,2.25,Sector 41,3,0
6378,3.0,3.0,4.0,12500.0,Under Construction,1828.0,2.29,Sector 65,5,0
6380,3.0,3.0,3.0,11229.0,Under Construction,1692.0,1.9,Sector 102,4,1
6381,4.0,6.0,4.0,16309.0,5-10,2943.0,4.8,Sector 31,3,0
6382,3.0,3.0,3.0,14705.0,5-10,2550.0,3.75,Sector 31,3,0
6383,3.0,4.0,3.0,9099.0,5-10,2066.0,1.88,Nirvana Country,4,0
6384,3.0,4.0,3.0,10076.0,5-10,1836.0,1.85,Nirvana Country,5,0
6385,4.0,3.0,2.0,15020.576131687243,0-1,2430.0,3.65,DLF Phase 1,3,1
6386,3.0,3.0,3.0,10758.0,5-10,1859.0,2.0,Sector 49,4,0
6387,4.0,5.0,4.0,10555.0,0-1,4500.0,4.75,DLF Phase 1,3,0
6388,3.0,4.0,4.0,12103.0,1-5,1859.0,2.25,Sector 49,4,1
6389,3.0,3.0,2.0,14814.814814814816,5-10,2430.0,3.6,Bissar,0,0
6390,4.0,4.0,4.0,13906.0,1-5,4548.0,4.45,Sector 102,4,0
6391,3.0,3.0,2.0,13991.769547325102,5-10,2430.0,3.4,Bissar,0,0
6392,8.0,8.0,4.0,23456.79012345679,1-5,4050.0,9.5,DLF Phase 2,3,0
6393,3.0,3.0,2.0,10288.0658436214,5-10,2430.0,2.5,Bissar,0,0
6394,3.0,3.0,2.0,12345.67901234568,5-10,2430.0,3.0,Bissar,0,0
6395,3.0,3.0,2.0,13374.485596707818,5-10,2430.0,3.25,Bissar,0,0
6396,4.0,5.0,4.0,12881.0,1-5,2950.0,3.8,Sector 111,4,1
6397,3.0,2.0,1.0,5384.0,1-5,1690.0,0.7,Sector 86,2,1
6398,5.0,5.0,4.0,9444.0,0-1,4500.0,4.25,Sushant Lok Phase 2,3,0
6399,3.0,3.0,4.0,11369.0,0-1,1935.0,2.2,Sushant Lok Phase 1,3,0
6400,4.0,4.0,2.0,8012.394864984506,1-5,4518.0,3.62,Sushant Lok Phase 2,1,1
6401,2.0,2.0,2.0,14321.0,5-10,1187.0,1.7,Sector 66,6,0
6402,3.0,3.0,4.0,14167.0,1-5,2047.0,2.9,Sector 67,4,0
6403,4.0,6.0,4.0,11555.0,0-1,4500.0,5.2,Sector 43,3,0
6404,3.0,3.0,4.0,11989.0,0-1,1960.0,2.35,Sector 43,3,0
6405,3.0,5.0,3.0,18218.0,5-10,2470.0,4.5,Sector 47,4,0
6406,3.0,3.0,2.0,9819.121447028425,1-5,1935.0,1.9,Sushant Lok Phase 1,3,1
6407,3.0,4.0,3.0,22309.0,Under Construction,2685.0,5.99,MG Road,4,0
6408,3.0,3.0,2.0,7716.0,0-1,1620.0,1.25,Sector 37D,4,1
6409,2.0,2.0,2.0,6491.0,1-5,570.0,0.37,Sector 37C,2,0
6410,2.0,2.0,3.0,7415.0,Under Construction,620.0,0.4,Sector 93,6,0
6411,2.0,2.0,3.0,3645.0,Under Construction,785.0,0.2862,Sector 81,3,0
6412,2.0,2.0,1.0,4923.0,Under Construction,650.0,0.32,Sector 90,5,0
6413,2.0,2.0,2.0,5000.0,Under Construction,650.0,0.325,Sector 90,0,1
6414,3.0,3.0,3.0,4601.0,Under Construction,2384.0,1.1,Sector 37D,4,0
6415,2.0,2.0,2.0,6962.0,Under Construction,1050.0,0.731,Sector 37D,4,0
6416,2.0,2.0,2.0,3720.0,Under Construction,605.0,0.2251,Sector 104,4,0
6417,2.0,2.0,2.0,7619.0,Under Construction,648.0,0.413,Sector 88A,4,0
6418,2.0,2.0,2.0,4385.0,0-1,570.0,0.25,Sohna,1,0
6419,2.0,2.0,1.0,5438.0,1-5,570.0,0.31,Sector 37C,2,0
6420,2.0,2.0,2.0,7007.0,Under Construction,740.0,0.445,Sector 76,3,0
6421,2.0,2.0,3.0,3395.0,Under Construction,701.0,0.238,Sector 81,3,0
6422,3.0,2.0,3.0,5770.0,Under Construction,1421.0,0.82,Sector 81,2,0
6423,3.0,2.0,3.0,7907.0,Under Construction,1825.0,1.01,Sector 92,4,0
6424,2.0,2.0,3.0,5191.0,Under Construction,1197.0,0.6214,Sector 92,4,0
6425,2.0,2.0,2.0,4695.0,Under Construction,575.0,0.27,Sector 108,5,0
6426,2.0,2.0,3.0,5891.0,1-5,645.0,0.38,Sector 108,5,1
6427,2.0,2.0,4.0,8999.0,1-5,1365.0,1.23,Sector 99,4,1
6428,4.0,5.0,4.0,12852.0,1-5,2835.0,2.55,Sector 99,4,0
6429,3.0,3.0,3.0,6485.0,Under Construction,1619.0,1.05,Sector 37D,1,0
6430,2.0,2.0,3.0,3532.0,Under Construction,792.0,0.2798,Sector 104,6,1
6431,2.0,2.0,2.0,6365.0,Under Construction,1190.0,0.7975,Sector 92,4,0
6432,3.0,3.0,3.0,6518.0,Under Construction,1841.0,1.2,Sector 37D,1,0
6433,3.0,3.0,3.0,5037.0,Under Construction,2561.0,1.29,Sector 37D,1,0
6434,2.0,2.0,2.0,7228.0,Under Construction,668.0,0.42,Sector 89,6,1
6435,2.0,2.0,2.0,7286.0,Under Construction,668.0,0.43,Sector 89,6,0
6436,2.0,2.0,1.0,3346.0,Under Construction,692.0,0.2316,Sector 81,5,1
6437,3.0,4.0,2.0,13500.0,Under Construction,1600.0,2.16,Sector 61,6,0
6438,3.0,4.0,2.0,8279.0,Under Construction,2150.0,1.78,Sector 79,3,0
6439,3.0,5.0,3.0,12880.0,Under Construction,3090.0,3.98,Sector 22,6,0
6440,4.0,4.0,3.0,11304.0,0-1,1725.0,1.95,Sector 67A,4,0
6441,3.0,4.0,4.0,12428.0,1-5,2092.0,2.6,Sector 81,5,1
6442,3.0,3.0,4.0,13062.0,5-10,1799.0,2.35,Sector 82A,4,1
6443,2.0,2.0,3.0,7500.0,1-5,1000.0,0.75,Sector 90,4,1
6444,3.0,3.0,3.0,5493.0,1-5,1875.0,1.03,Sector 90,4,1
6445,2.0,2.0,3.0,5615.0,1-5,1300.0,0.73,Sector 90,4,1
6446,4.0,4.0,3.0,8518.518518518518,1-5,2700.0,2.3,Sector 52,2,1
6447,3.0,5.0,3.0,8820.0,0-1,1950.0,1.72,Sector 70,3,1
6448,4.0,4.0,4.0,15740.0,0-1,2700.0,4.25,Sushant Lok Phase 1,3,1
6449,5.0,6.0,4.0,31897.92663476874,5-10,3762.0,12.0,Sushant Lok Phase 1,3,1
6450,2.0,2.0,2.0,11176.0,10+,850.0,0.95,Sector 56,3,1
6451,3.0,3.0,3.0,5740.740740740741,10+,2700.0,1.55,Sector 52,2,1
6453,4.0,4.0,4.0,15648.0,5-10,3355.0,5.25,Sector 72,3,1
6454,3.0,4.0,3.0,8717.0,0-1,1950.0,1.7,Sector 70,3,1
6455,3.0,3.0,4.0,14004.0,Under Construction,1828.0,2.56,Sector 65,5,1
6456,3.0,3.0,2.0,11935.0,0-1,1550.0,1.85,Sector 63A,6,1
6457,4.0,4.0,3.0,11000.0,0-1,3500.0,3.85,Sushant Lok,1,1
6458,4.0,4.0,3.0,11111.0,0-1,2700.0,3.0,Sushant Lok,1,1
6459,4.0,4.0,3.0,9516.0,0-1,3100.0,2.95,Sushant Lok,1,1
6460,3.0,3.0,4.0,8423.0,0-1,2137.0,1.8,Sector 70A,1,1
6461,4.0,4.0,3.0,10363.0,1-5,2750.0,2.85,Sushant Lok,1,1
6462,3.0,3.0,2.0,11212.0,1-5,1650.0,1.85,Sushant Lok,1,1
6463,3.0,4.0,4.0,9812.0,5-10,2293.0,2.25,Sector 57,1,1
6464,2.0,2.0,3.0,10202.0,1-5,1480.0,1.51,Sector 86,3,1
6465,3.0,3.0,2.0,9972.0,0-1,1800.0,1.79,Sector 46,2,0
6466,5.0,5.0,2.0,15200.0,0-1,3000.0,3.8,Sector 67,3,0
6467,3.0,3.0,2.0,9166.0,0-1,3000.0,2.75,Sector 40,3,1
6468,2.0,2.0,1.0,10096.0,10+,1040.0,1.05,Sector 50,3,0
6469,3.0,3.0,2.0,9347.0,Under Construction,2300.0,2.15,Sector 31,2,1
6470,3.0,3.0,2.0,13846.0,0-1,1850.0,1.8,Sector 46,2,1
6471,4.0,4.0,2.0,10521.885521885522,1-5,4752.0,5.0,Sushant Lok,1,1
6472,4.0,4.0,2.0,10555.555555555557,0-1,2700.0,2.85,Sushant Lok Phase 1,3,1
6473,3.0,3.0,4.0,9841.0,Under Construction,1829.0,1.8,Sector 85,4,1
6474,4.0,4.0,4.0,10185.185185185184,1-5,2160.0,2.2,Sector 52,2,1
6475,2.0,2.0,2.0,4629.62962962963,10+,1728.0,0.8,Sector 52,2,1
6476,4.0,3.0,4.0,6296.2962962962965,10+,2700.0,1.7,Sector 52,2,1
6477,3.0,3.0,4.0,6018.518518518518,5-10,2160.0,1.3,Sector 52,2,1
6478,4.0,4.0,4.0,9400.0,10+,1575.0,1.41,Sector 52,2,1
6479,2.0,2.0,3.0,9957.0,Under Construction,1406.0,1.4,Sector 85,4,1
6480,4.0,4.0,4.0,7528.0,1-5,3055.0,2.3,Sector 109,1,0
6481,4.0,4.0,4.0,10333.0,10+,1575.0,1.55,Sector 52,2,1
6482,5.0,5.0,4.0,10253.0,5-10,3950.0,4.05,Sector 70,6,1
6483,4.0,4.0,4.0,8825.0,5-10,3150.0,2.9,Sector 104,6,0
6484,5.0,5.0,2.0,11111.111111111111,0-1,4950.0,5.5,Sector 63A,6,1
6485,3.0,3.0,2.0,10493.827160493827,0-1,1620.0,1.7,Sector 63A,6,1
6486,3.0,3.0,2.0,11725.768321513002,0-1,2115.0,2.48,Sector 63A,5,1
6487,3.0,3.0,2.0,12962.962962962964,Under Construction,1620.0,2.1,Sector 63A,6,1
6488,3.0,3.0,2.0,10874.704491725768,0-1,2115.0,2.3,Sector 63A,5,1
6489,3.0,3.0,2.0,12962.962962962964,0-1,1620.0,2.1,Sector 63A,6,1
6490,3.0,4.0,4.0,8553.0,1-5,1929.0,1.65,Sector 86,4,1
6491,4.0,4.0,4.0,8433.0,10+,1660.0,1.4,Ardee City,3,1
6492,3.0,3.0,4.0,16361.511492014024,0-1,2567.0,4.2,Sector 62,5,1
6493,5.0,6.0,4.0,15670.0,5-10,4850.0,7.6,Sector 60,5,1
6494,4.0,5.0,3.0,15714.0,5-10,2800.0,4.5,Sector 60,5,1
6495,3.0,4.0,4.0,15647.0,5-10,2045.0,3.2,Sector 60,5,1
6496,3.0,3.0,3.0,6444.444444444444,10+,2250.0,1.45,Sector 51,2,1
6497,4.0,4.0,4.0,11000.0,10+,1575.0,1.65,Sector 52,2,1
6498,3.0,3.0,2.0,11304.0,0-1,2300.0,2.6,Sector 31,2,1
6499,4.0,5.0,4.0,7467.0,0-1,2812.0,2.1,Sector 85,4,0
6500,3.0,3.0,2.0,10173.0,0-1,2310.0,2.35,Sector 40,3,0
6501,3.0,3.0,2.0,11904.0,5-10,2100.0,2.5,Sector 41,3,1
6502,4.0,4.0,4.0,10666.0,10+,1575.0,1.6,Sector 52,2,1
6503,3.0,3.0,4.0,5672.926447574335,10+,2556.0,1.45,Sector 47,2,1
6504,3.0,3.0,3.0,16363.0,5-10,2200.0,3.6,Sector 66,6,1
6505,4.0,4.0,4.0,8333.0,0-1,2800.0,2.0,Sector 67,3,1
6506,3.0,3.0,2.0,12250.0,0-1,1600.0,1.96,Sector 63A,6,1
6507,3.0,4.0,3.0,14631.0,1-5,2358.0,3.45,Sector 67,4,0
6508,3.0,3.0,3.0,13934.0,1-5,2440.0,3.4,Sector 67,4,0
6509,4.0,4.0,2.0,13913.0,0-1,2300.0,3.2,Sector 51,3,1
6510,3.0,3.0,2.0,12692.0,0-1,1300.0,1.65,Sector 51,3,1
6511,4.0,4.0,3.0,5980.861244019139,0-1,3762.0,2.25,Sector 67,1,1
6512,3.0,3.0,2.0,9166.666666666666,0-1,1800.0,1.65,Sector 57,3,1
6513,4.0,4.0,2.0,10538.0,0-1,2230.0,2.35,Sector 31,2,1
6514,6.0,5.0,4.0,19011.406844106463,5-10,2367.0,4.5,Sector 40,0,1
6515,5.0,4.0,4.0,12600.0,5-10,2500.0,3.15,Sector 7,2,1
6516,4.0,4.0,2.0,5116.279069767442,1-5,3870.0,1.98,Sushant Lok Phase 2,3,1
6517,3.0,4.0,2.0,9117.0,0-1,1700.0,1.55,Sector 10A,1,0
6518,4.0,4.0,2.0,10217.0,0-1,2300.0,2.35,Sector 30,4,1
6519,3.0,3.0,2.0,8611.111111111111,0-1,1800.0,1.55,Sector 57,3,1
6520,3.0,3.0,2.0,12162.0,0-1,1850.0,2.25,Sector 31,2,1
6521,3.0,3.0,2.0,9189.0,0-1,1850.0,1.7,Sector 57,3,1
6522,3.0,3.0,2.0,7055.3443177017325,0-1,2367.0,1.67,Sector 57,3,1
6523,3.0,3.0,3.0,29000.0,Under Construction,3200.0,9.28,Sector 48,0,0
6524,3.0,3.0,2.0,6666.0,10+,1800.0,1.2,Sector 10A,1,1
6525,3.0,3.0,2.0,6970.84917617237,0-1,2367.0,1.65,Sector 57,3,1
6526,4.0,4.0,3.0,13888.0,Under Construction,3600.0,5.0,Sector 37D,4,1
6527,4.0,4.0,3.0,8595.0,0-1,2443.0,2.1,Sector 37D,4,1
6528,4.0,4.0,4.0,15526.0,1-5,3800.0,5.9,Sector 66,2,1
6529,3.0,3.0,2.0,15000.0,1-5,2700.0,4.05,DLF Phase 1,3,1
6530,4.0,4.0,2.0,12849.0,0-1,3580.0,4.6,Sushant Lok Phase 1,3,1
6531,3.0,3.0,3.0,9677.41935483871,5-10,2790.0,2.7,DLF Phase 1,3,1
6532,3.0,3.0,3.0,8888.888888888889,5-10,2700.0,2.4,DLF Phase 2,3,1
6533,4.0,4.0,2.0,13905.0,0-1,3308.0,4.6,Sector 63,6,0
6534,5.0,5.0,2.0,13834.0,0-1,3794.0,5.25,Sector 63,6,0
6535,4.0,4.0,2.0,15073.0,0-1,3794.0,5.72,Sector 63,6,1
6536,4.0,4.0,2.0,14753.0,0-1,2778.0,4.1,Sector 63,6,0
6537,4.0,4.0,2.0,14033.0,0-1,2778.0,3.9,Sector 63,6,0
6538,4.0,4.0,2.0,14935.0,0-1,2778.0,4.15,Sector 63,6,0
6539,5.0,5.0,4.0,10567.0,1-5,3880.0,4.25,Sector 110,6,0
6540,5.0,6.0,4.0,10443.0,1-5,3830.0,4.15,Sector 110,6,0
6541,4.0,5.0,3.0,10735.0,1-5,3400.0,3.65,Sector 110,6,0
6542,4.0,5.0,4.0,10447.0,1-5,3350.0,3.58,Sector 110,6,0
6543,3.0,4.0,4.0,11955.0,1-5,2802.0,3.75,Sector 112,4,0
6544,4.0,4.0,4.0,10458.0,1-5,2180.0,2.5,Sector 102,4,0
6545,3.0,3.0,3.0,13584.0,Under Construction,1855.0,2.52,Sector 106,5,0
6546,2.0,2.0,4.0,7167.0,5-10,1423.0,1.1,Sector 103,4,0
6547,2.0,2.0,3.0,7600.0,5-10,1250.0,1.05,Sector 103,4,0
6548,2.0,2.0,3.0,8296.0,1-5,1350.0,1.12,Sector 70,3,0
6549,3.0,5.0,3.0,8461.0,1-5,1950.0,1.65,Sector 70,3,0
6550,3.0,3.0,4.0,18596.0,Under Construction,2124.0,3.95,sector 62,0,0
6551,4.0,2.0,2.0,7407.407407407408,0-1,540.0,0.4,Farrukh Nagar,1,1
6552,3.0,3.0,3.0,7840.0,1-5,1811.0,1.42,Sector 37D,4,0
6553,2.0,2.0,4.0,9255.0,0-1,1385.0,0.87,Sector 106,6,0
6554,3.0,3.0,3.0,7087.0,1-5,1665.0,1.18,Sector 106,6,0
6555,2.0,3.0,3.0,7370.0,1-5,1289.0,0.95,Sector 108,4,0
6556,3.0,3.0,4.0,6666.0,1-5,1800.0,1.2,Sector 37D,3,0
6557,3.0,4.0,4.0,7860.0,1-5,2290.0,1.8,Sector 104,6,0
6558,2.0,2.0,4.0,7184.0,1-5,1385.0,0.995,Sector 106,6,1
6559,4.0,4.0,4.0,11084.0,Under Construction,2650.0,2.35,Sector 3,5,0
6560,3.0,3.0,4.0,8500.0,1-5,2015.0,1.71,Sector 79,3,0
6561,3.0,4.0,4.0,9767.0,1-5,2150.0,2.1,Sector 79,3,0
6562,3.0,3.0,4.0,15064.0,1-5,1720.0,1.65,Sector 83,4,0
6563,4.0,5.0,4.0,10377.0,1-5,2650.0,2.75,Sector 79,5,0
6564,3.0,3.0,2.0,9444.0,0-1,1620.0,1.53,Sector 79,5,0
6565,3.0,4.0,3.0,9641.0,0-1,1815.0,1.75,Sector 79,5,0
6566,3.0,3.0,3.0,16436.0,0-1,1490.0,1.42,Sector 79,5,0
6567,3.0,3.0,3.0,9261.0,0-1,1490.0,1.38,Sector 79,5,0
6568,3.0,3.0,3.0,9395.0,0-1,1490.0,1.4,Sector 79,5,1
6569,3.0,3.0,2.0,8500.0,0-1,2015.0,1.71,Sector 79,3,1
6570,3.0,3.0,3.0,7887.0,1-5,1775.0,1.4,Sector 83,2,0
6571,3.0,3.0,4.0,13457.0,Under Construction,1932.0,2.6,Sector 65,5,0
6572,4.0,5.0,4.0,8357.0,0-1,2812.0,2.35,Sector 85,4,0
6573,4.0,5.0,4.0,9383.0,0-1,3570.0,3.35,Sector 82A,5,0
6574,2.0,2.0,3.0,7179.0,1-5,1741.0,1.25,Sector 85,4,0
6575,3.0,3.0,3.0,11700.0,0-1,1450.0,1.17,Sector 83,5,0
6576,3.0,3.0,3.0,10000.0,0-1,1850.0,1.45,Sector 83,5,0
6577,3.0,3.0,3.0,8108.0,Under Construction,1850.0,1.5,Sector 83,5,0
6578,3.0,3.0,3.0,11900.0,Under Construction,1000.0,1.19,Sector 83,4,0
6579,4.0,5.0,4.0,10377.0,1-5,2650.0,2.75,Sector 79,5,0
6580,3.0,3.0,2.0,5639.097744360903,1-5,2394.0,1.35,Sector 82,5,1
6581,4.0,4.0,2.0,8357.0,1-5,2812.0,2.35,Sector 85,4,1
6582,4.0,4.0,4.0,17259.0,1-5,2868.0,4.95,Sector 54,3,0
6583,3.0,3.0,2.0,16666.0,10+,1260.0,2.1,Sector 54,3,1
6584,4.0,4.0,4.0,28525.0,1-5,4645.0,13.2498625,Sector 54,3,0
6585,4.0,4.0,4.0,8819.0,1-5,2812.0,2.48,Sector 85,4,1
6586,4.0,4.0,3.0,19118.0,1-5,2610.0,4.99,DLF Phase 5,3,0
6587,2.0,2.0,2.0,6333.0,1-5,1342.0,0.85,Sector 77,4,1
6588,3.0,4.0,3.0,15909.0,1-5,2200.0,3.5,Sector 54,3,0
6589,4.0,4.0,3.0,19157.0,1-5,2610.0,5.0,DLF Phase 5,3,0
6590,3.0,3.0,3.0,9876.0,0-1,2025.0,2.0,Sector 77,6,1
6591,3.0,4.0,3.0,8620.0,1-5,1450.0,1.25,Sector 77,4,1
6592,2.0,2.0,3.0,7278.0,1-5,1470.0,1.07,Sector 79,3,1
6593,4.0,4.0,2.0,7500.0,1-5,2800.0,2.1,Sector 84,4,1
6594,5.0,5.0,4.0,10984.0,5-10,4115.0,4.52,Sector 49,3,1
6595,4.0,4.0,4.0,13983.0,Under Construction,3075.0,4.55,Sector 106,1,0
6596,3.0,4.0,4.0,14444.0,Under Construction,2700.0,4.35,Sector 106,1,0
6597,3.0,4.0,3.0,13510.0,Under Construction,2450.0,3.75,Sector 106,1,0
6598,3.0,3.0,3.0,14081.0,5-10,2450.0,3.45,Sector 67,4,0
6599,4.0,5.0,4.0,14097.0,5-10,3192.0,4.5,Sector 67,4,0
6600,4.0,3.0,3.0,14127.0,5-10,3433.0,4.85,Sector 67,4,1
6601,2.0,3.0,3.0,12576.0,1-5,1471.0,1.85,Sector 66,3,0
6602,2.0,3.0,3.0,12244.0,5-10,1470.0,1.8,Sector 66,3,0
6603,3.0,4.0,3.0,13896.0,5-10,1871.0,2.6,Sector 66,3,0
6604,2.0,3.0,3.0,12728.0,1-5,1257.0,1.6,Sector 66,3,0
6605,4.0,4.0,4.0,13487.0,5-10,3077.0,4.15,Sector 66,3,0
6606,3.0,4.0,4.0,13995.0,5-10,1872.0,2.62,Sector 66,3,0
6607,3.0,4.0,4.0,14325.0,1-5,1815.0,2.6,Sector 66,3,0
6608,4.0,6.0,3.0,12675.0,5-10,3629.0,4.6,Sector 66,3,0
6609,3.0,3.0,2.0,11001.0,0-1,1727.0,1.9,Sector 67A,4,0
6610,3.0,4.0,2.0,10150.0,1-5,1921.0,1.95,Sector 67A,4,0
6611,9.0,7.0,4.0,24390.243902439022,1-5,1845.0,4.5,Sector 45,3,1
6612,10.0,10.0,4.0,20512.82051282051,5-10,2340.0,4.8,Sector 40,3,1
6613,1.0,1.0,3.0,27091.90672153635,1-5,1458.0,3.95,Sector 31,2,1
6614,4.0,4.0,4.0,25641.02564102564,5-10,702.0,1.8,Sector 30,4,1
6615,3.0,3.0,4.0,5365.0,1-5,585.0,1.1,Malibu Town,2,1
6616,3.0,4.0,4.0,18888.0,1-5,900.0,1.8,Sector 39,2,1
6617,3.0,3.0,4.0,18518.0,5-10,540.0,1.1,Malibu Town,2,1
6618,4.0,4.0,4.0,25000.0,5-10,540.0,1.35,South City 1,3,1
6619,3.0,3.0,4.0,18888.0,5-10,954.0,1.9,Sector 40,3,1
6620,8.0,6.0,4.0,17743.979721166033,5-10,2367.0,4.2,Sector 40,3,1
6621,1.0,1.0,1.0,10858.0,5-10,350.0,0.35,Sector 39,2,1
6622,4.0,5.0,3.0,15000.0,1-5,2800.0,4.2,Sector 60,5,0
6623,3.0,3.0,3.0,15403.0,0-1,2045.0,3.15,Sector 60,5,0
6624,3.0,4.0,4.0,15311.0,1-5,2090.0,3.2,Sector 60,5,1
6625,2.0,2.0,3.0,12635.0,5-10,1472.0,1.86,Sector 66,3,0
6626,2.0,3.0,3.0,13159.0,1-5,1421.0,1.87,Sector 66,3,0
6627,3.0,3.0,3.0,14155.0,5-10,1872.0,2.65,Sector 66,3,0
6628,3.0,4.0,4.0,14435.0,1-5,1815.0,2.62,Sector 66,3,0
6629,4.0,4.0,3.0,14132.0,5-10,2052.0,2.9,Sector 66,3,0
6630,4.0,4.0,3.0,14146.0,1-5,2050.0,2.9,Sector 66,3,0
6631,4.0,4.0,4.0,13487.0,1-5,3077.0,4.15,Sector 66,3,0
6632,3.0,4.0,4.0,13888.0,1-5,1872.0,2.6,Sector 66,3,0
6633,2.0,3.0,3.0,12567.0,1-5,1472.0,1.85,Sector 66,3,0
6634,3.0,3.0,4.0,21000.0,Under Construction,2299.0,4.83,Sector 53,3,0
6635,3.0,3.0,4.0,11000.0,Under Construction,1672.0,1.84,Sector 76,5,1
6636,2.0,2.0,3.0,10000.0,1-5,1480.0,1.48,Sector 86,3,1
6637,3.0,4.0,4.0,8726.0,1-5,2120.0,1.85,Sector 92,4,1
6638,3.0,3.0,2.0,9761.0,Under Construction,1530.0,1.49,Sector 93,6,1
6639,2.0,2.0,2.0,5054.0,Under Construction,1668.0,0.8432,Sector 92,4,1
6640,4.0,4.0,4.0,20000.0,Under Construction,2229.0,4.46,Sector 53,3,1
6641,4.0,4.0,4.0,15000.0,Under Construction,4454.0,6.68,Sector 76,6,1
6642,4.0,4.0,4.0,9444.444444444443,Under Construction,4500.0,4.25,Sector 65,6,1
6643,4.0,4.0,3.0,14130.0,Under Construction,2300.0,3.25,Sector 63A,6,1
6644,4.0,4.0,3.0,14403.29218106996,0-1,2430.0,3.5,DLF Phase 1,3,0
6645,4.0,4.0,4.0,13500.0,Under Construction,3680.0,4.97,Sector 76,5,1
6646,3.0,3.0,4.0,13500.0,Under Construction,2937.0,3.96,Sector 76,5,0
6647,4.0,4.0,2.0,9567.901234567902,0-1,3240.0,3.1,Sector 50,3,0
6648,4.0,4.0,4.0,5946.79186228482,0-1,3195.0,1.9,Sector 52,2,1
6649,4.0,4.0,3.0,12121.212121212122,0-1,2475.0,3.0,South City 1,3,0
6650,2.0,2.0,3.0,15916.0,0-1,1200.0,1.91,Sector 113 Gurgaon,5,1
6651,5.0,5.0,4.0,4848.0,1-5,4950.0,2.4,Sector 104,6,0
6652,5.0,5.0,4.0,5595.0,1-5,4200.0,2.35,Sector 104,6,0
6653,3.0,2.0,4.0,6571.0,1-5,1400.0,0.92,Sector 104,6,0
6654,3.0,3.0,4.0,6982.0,1-5,1647.0,1.15,Sector 104,6,0
6655,3.0,4.0,4.0,6388.0,1-5,1800.0,1.15,Sector 104,6,0
6656,3.0,3.0,3.0,5833.0,1-5,1800.0,1.05,Sector 104,6,0
6657,2.0,2.0,3.0,6080.0,1-5,1250.0,0.76,Sector 104,6,0
6658,2.0,2.0,4.0,6000.0,1-5,1400.0,0.84,Sector 104,6,0
6659,2.0,2.0,2.0,5831.0,1-5,1269.0,0.74,Sector 104,6,0
6660,4.0,5.0,4.0,5800.0,1-5,2400.0,1.55,Sector 104,6,0
6661,3.0,4.0,4.0,5888.0,1-5,1800.0,1.06,Sector 104,6,0
6662,3.0,3.0,3.0,6750.0,1-5,1600.0,1.08,Sector 104,6,0
6663,2.0,2.0,4.0,9642.0,0-1,1400.0,1.35,Sector 70A,1,1
6664,3.0,3.0,3.0,9976.0,0-1,1704.0,1.7,Sector 69,6,0
6665,3.0,3.0,3.0,9683.0,0-1,1704.0,1.65,Sector 69,6,0
6666,3.0,3.0,4.0,9210.0,0-1,1900.0,1.75,Sector 70A,0,0
6667,3.0,3.0,4.0,8423.0,0-1,2137.0,1.8,Sector 70A,0,0
6668,3.0,3.0,3.0,6479.0,5-10,1821.0,1.18,Sector 80,1,0
6669,2.0,2.0,1.0,5502.0,1-5,836.0,0.46,Sector 70A,4,1
6670,3.0,3.0,2.0,16451.0,10+,1550.0,2.55,DLF Phase 5,5,0
6671,3.0,3.0,2.0,20967.0,10+,1550.0,3.25,DLF Phase 5,5,0
6672,3.0,3.0,2.0,16354.0,10+,1333.0,2.18,DLF Phase 5,4,0
6673,3.0,3.0,2.0,16129.0,10+,1395.0,2.25,DLF Phase 5,5,0
6674,2.0,2.0,2.0,8592.783505154639,0-1,582.0,0.5001,Sector 76,3,1
6675,2.0,2.0,2.0,8591.06529209622,0-1,582.0,0.5,Sector 76,3,1
6676,4.0,3.0,2.0,13333.0,Under Construction,1500.0,2.0,Sector 84,4,1
6677,3.0,5.0,4.0,8358.0,0-1,1950.0,1.63,Sector 70,3,1
6678,2.0,2.0,3.0,8592.0,0-1,1350.0,1.16,Sector 70,3,1
6679,2.0,2.0,3.0,8428.805237315875,Under Construction,611.0,0.515,Sector 76,3,1
6680,2.0,2.0,1.0,10033.0,0-1,598.0,0.6,Sector 67A,2,1
6681,3.0,5.0,3.0,8871.0,0-1,1950.0,1.03,Sector 70,3,1
6682,2.0,2.0,2.0,15228.0,0-1,1300.0,1.2,Sector 70,3,1
6683,2.0,2.0,3.0,9259.0,0-1,1350.0,1.25,Sector 70,3,1
6684,2.0,2.0,2.0,8466.453674121405,0-1,626.0,0.53,Sector 76,3,1
6685,2.0,2.0,3.0,9328.968903436988,0-1,611.0,0.57,Sector 76,3,1
6687,3.0,2.0,3.0,7918.0,1-5,1326.0,1.05,Sector 69,2,1
6688,3.0,3.0,3.0,9135.0,Under Construction,1423.0,1.3,Sector 89,4,1
6689,2.0,2.0,1.0,3888.0,0-1,900.0,0.35,Dayanand Colony,2,1
6690,2.0,2.0,2.0,13788.0,0-1,834.0,1.15,Sector-33 Sohna,4,1
6691,3.0,5.0,2.0,12755.0,5-10,3763.0,4.8,Sector 112,4,0
6692,3.0,3.0,2.0,12669.0,5-10,2802.0,3.75,Sector 112,4,0
6693,2.0,2.0,2.0,12290.0,5-10,2441.0,3.0,Sector 112,4,0
6694,3.0,3.0,3.0,11347.0,1-5,1692.0,1.92,Sector 102,4,0
6695,2.0,2.0,2.0,5666.0,5-10,1500.0,0.85,Sector 54,3,1
6696,2.0,2.0,2.0,10038.0,5-10,518.0,0.52,Sector 102,4,0
6697,3.0,3.0,2.0,15612.0,10+,1550.0,2.42,DLF Phase 5,5,0
6698,3.0,3.0,2.0,13984.0,10+,1752.0,2.45,DLF Phase 5,5,0
6699,5.0,4.0,2.0,31481.48148148148,5-10,2700.0,8.5,Sushant Lok Phase 1,3,1
6700,3.0,4.0,4.0,6277.0,5-10,2262.0,1.42,Sector 80,1,0
6701,2.0,2.0,2.0,5777.0,1-5,1125.0,0.65,Sector 84,2,1
6702,3.0,3.0,3.0,6586.0,1-5,1822.0,1.2,Sector 77,4,0
6703,3.0,3.0,3.0,7761.0,0-1,1997.0,1.55,Sector 99A,5,1
6704,4.0,5.0,2.0,9722.0,Under Construction,3600.0,3.5,Sector 49,2,1
6705,3.0,3.0,2.0,4444.444444444444,5-10,2700.0,1.2,Sector 67,3,1
6706,2.0,3.0,2.0,7319.0,1-5,929.0,0.68,Sector 83,1,0
6707,2.0,3.0,2.0,8031.0,0-1,940.0,0.755,Sector 83,2,0
6708,3.0,2.0,3.0,6481.481481481482,5-10,2160.0,1.4,Sector 49,2,1
6709,3.0,4.0,2.0,11631.0,0-1,1900.0,2.21,Sector 45,3,1
6710,4.0,5.0,4.0,22222.222222222223,5-10,2700.0,6.0,Sushant Lok Phase 3,3,1
6711,3.0,4.0,3.0,15151.0,5-10,2061.0,2.5,Sector 49,3,0
6712,4.0,4.0,4.0,28703.703703703704,0-1,2700.0,7.75,Sector 63,1,0
6713,4.0,4.0,2.0,9259.25925925926,0-1,3078.0,2.85,Sector 57,3,1
6714,3.0,3.0,3.0,13000.0,Under Construction,2705.0,3.52,Sector 76,6,0
6715,3.0,4.0,3.0,8720.0,10+,2408.0,2.1,Sector 85,4,0
6716,2.0,2.0,2.0,14588.0,0-1,1508.0,2.7,Sector 62,5,0
6717,3.0,3.0,2.0,8888.888888888889,5-10,1800.0,1.6,DLF Phase 1,4,0
6718,2.0,2.0,2.0,18899.0,0-1,1508.0,2.85,Sector 62,5,0
6719,3.0,3.0,3.0,13100.0,Under Construction,2937.0,3.85,Sector 76,6,0
6720,4.0,4.0,4.0,14909.0,Under Construction,2750.0,4.1,Sector 106,5,0
6721,5.0,6.0,4.0,24444.444444444445,0-1,4500.0,11.0,Sector 33,1,0
6722,4.0,5.0,2.0,10101.0101010101,0-1,4059.0,4.1,Sushant Lok Phase 2,3,1
6723,4.0,5.0,2.0,9104.93827160494,0-1,3240.0,2.95,DLF Phase 4,3,1
6724,3.0,4.0,4.0,14655.0,5-10,2900.0,4.25,MG Road,3,0
6725,3.0,3.0,3.0,20716.0,Under Construction,2766.0,4.01,Sector 76,6,0
6726,4.0,4.0,3.0,11379.0,0-1,2900.0,3.3,South City 1,3,0
6727,2.0,3.0,3.0,7666.0,Under Construction,1500.0,1.15,Gwal Pahari,5,0
6728,4.0,4.0,3.0,8703.0,0-1,2700.0,2.35,Sushant Lok Phase 2,3,0
6729,3.0,3.0,3.0,9790.0,0-1,1650.0,1.4,Gwal Pahari,5,1
6730,3.0,3.0,3.0,13437.0,0-1,1600.0,2.15,Sector 52,2,0
6731,3.0,3.0,3.0,16333.0,0-1,1500.0,2.45,Sushant Lok Phase 1,3,0
6732,4.0,4.0,3.0,15172.0,0-1,2900.0,4.4,Sushant Lok Phase 1,3,0
6733,3.0,3.0,3.0,7794.0,0-1,1950.0,1.52,Sector 70,3,0
6734,3.0,3.0,3.0,14333.0,0-1,1500.0,2.15,Sushant Lok Phase 1,3,0
6735,3.0,4.0,3.0,6936.0,5-10,1802.0,1.25,Sector 71,5,0
6736,4.0,4.0,4.0,12045.0,5-10,2200.0,2.65,DLF Phase 1,3,0
6737,3.0,3.0,2.0,10689.0,0-1,1450.0,1.55,Phase 2 Sushant Lok 3,4,0
6738,3.0,4.0,3.0,15625.0,0-1,1900.0,2.5,DLF Phase 2,3,1
6739,2.0,3.0,3.0,8296.0,0-1,1350.0,1.12,Sector 70,3,0
6740,3.0,3.0,2.0,16666.0,0-1,1350.0,2.25,Sector 27,3,0
6741,3.0,3.0,2.0,11190.0,0-1,2100.0,2.35,Sector 27,3,0
6742,3.0,3.0,2.0,12480.0,1-5,1250.0,1.56,Sector 26,3,0
6743,3.0,3.0,3.0,10150.0,0-1,1921.0,1.95,Sector 67A,4,0
6744,4.0,5.0,3.0,8138.020833333333,0-1,4608.0,3.75,DLF Phase 3,3,1
6745,3.0,3.0,2.0,12755.0,Under Construction,1372.0,1.75,Sector 76,5,0
6746,3.0,3.0,2.0,10825.0,Under Construction,1672.0,1.81,Sector 76,5,0
6747,3.0,2.0,2.0,11151.0,Under Construction,1372.0,1.53,Sector 76,5,0
6748,4.0,4.0,3.0,10227.0,10+,2200.0,2.35,DLF Phase 1,3,0
6749,4.0,5.0,3.0,9982.293050022134,0-1,4518.0,4.51,DLF Phase 3,3,0
6750,4.0,4.0,4.0,7071.0,5-10,2800.0,2.1,Sector 43,3,0
6751,4.0,5.0,3.0,9318.282425852149,0-1,4518.0,4.21,DLF Phase 3,3,1
6752,3.0,3.0,3.0,10810.0,10+,2035.0,2.2,Ardee City,3,0
6753,3.0,3.0,2.0,9611.111111111111,1-5,1800.0,1.73,DLF Phase 1,4,0
6754,4.0,4.0,2.0,14375.0,1-5,3200.0,4.6,Sector 65,6,0
6755,3.0,3.0,3.0,4854.0,Under Construction,2937.0,1.43,Sector 76,6,0
6756,3.0,4.0,4.0,10810.0,10+,2035.0,2.2,Ardee City,3,0
6757,2.0,2.0,4.0,12162.0,10+,1210.0,1.35,Chakkarpur,3,0
6758,4.0,4.0,2.0,12654.32098765432,0-1,3240.0,4.1,Nirvana Country,3,0
6759,3.0,4.0,2.0,8260.0,5-10,2300.0,1.9,Ardee City,3,0
6760,3.0,3.0,2.0,30666.666666666664,10+,1800.0,5.52,DLF Phase 1,4,0
6761,3.0,3.0,3.0,14100.0,Under Construction,2795.0,3.94,Sector 76,6,0
6762,4.0,4.0,4.0,20818.0,10+,2810.0,5.85,DLF Phase 5,4,0
6763,2.0,2.0,2.0,11708.0,10+,1153.0,1.35,DLF Phase 4,3,0
6764,2.0,2.0,2.0,12440.0,10+,1270.0,1.58,DLF Phase 1,3,0
6765,2.0,2.0,2.0,12217.0,10+,1105.0,1.35,DLF Phase 1,3,0
6766,3.0,3.0,3.0,13500.0,Under Construction,2937.0,3.96,Sector 76,6,0
6767,3.0,3.0,3.0,13493.0,Under Construction,2290.0,3.09,Sector 76,6,0
6768,4.0,4.0,4.0,7363.0,5-10,2200.0,1.62,Sector 56,3,0
6769,4.0,4.0,4.0,7762.253271235307,0-1,4509.0,3.5,DLF Phase 3,3,0
6770,3.0,3.0,2.0,10277.0,1-5,1800.0,1.85,Sector 67A,4,0
6771,4.0,4.0,2.0,9977.324263038548,Under Construction,4410.0,4.4,Sector 63,1,1
6772,4.0,4.0,2.0,11111.111111111111,0-1,4500.0,5.0,Sector 63,6,1
6773,4.0,5.0,4.0,15560.0,0-1,2410.0,3.75,Sector 66,4,0
6774,4.0,5.0,4.0,16741.0,0-1,4480.0,7.5,Sector 65,5,0
6775,4.0,4.0,2.0,20640.0,10+,2810.0,5.8,DLF Phase 5,4,0
6776,4.0,4.0,3.0,19157.0,10+,2610.0,5.0,DLF Phase 5,3,0
6777,4.0,4.0,3.0,10454.0,5-10,2200.0,2.3,DLF Phase 1,3,0
6778,4.0,4.0,4.0,7873.142603681525,0-1,4509.0,3.55,DLF Phase 2,3,0
6779,2.0,2.0,2.0,8078.0,10+,1671.0,1.35,Sector 85,4,0
6780,2.0,2.0,2.0,5431.0,10+,1473.0,0.8,Sector 108,1,0
6781,2.0,2.0,3.0,7743.0,10+,1640.0,1.27,Sector 85,4,0
6782,2.0,2.0,2.0,7692.0,10+,1300.0,1.0,Sector 83,4,1
6783,3.0,3.0,2.0,19387.0,10+,2450.0,4.75,Sector 53,5,0
6784,3.0,3.0,3.0,6993.0,10+,1430.0,1.0,Sector 82,4,1
6785,3.0,3.0,3.0,7122.0,10+,1755.0,1.25,Sector 83,4,1
6786,3.0,3.0,3.0,6632.0,10+,1960.0,1.3,Sector 82,4,1
6787,3.0,4.0,3.0,7000.0,10+,1960.0,1.38,Sector 82,4,1
6788,4.0,4.0,2.0,7407.0,0-1,2700.0,2.0,Sector 46,2,1
6789,4.0,4.0,4.0,22222.222222222223,5-10,2700.0,6.0,Sushant Lok Phase 3,4,1
6790,2.0,2.0,2.0,4888.888888888889,5-10,2250.0,1.1,Sushant Lok Phase 1,3,1
6791,3.0,3.0,3.0,11851.0,5-10,1350.0,1.6,Sector 52,3,0
6792,4.0,4.0,3.0,4629.62962962963,5-10,2700.0,1.25,Sector 52,2,0
6793,4.0,4.0,3.0,9523.809523809525,0-1,2520.0,2.4,Sushant Lok Phase 1,3,1
6794,3.0,3.0,3.0,11627.906976744183,0-1,1935.0,2.25,Sushant Lok Phase 1,3,0
6795,2.0,2.0,3.0,12244.0,5-10,980.0,1.2,Sector 52,3,0
6796,2.0,2.0,3.0,12653.0,5-10,980.0,1.24,Sector 52,3,0
6797,2.0,2.0,2.0,7251.0,1-5,524.0,0.38,Sector 99A,5,0
6798,2.0,2.0,2.0,8709.0,1-5,524.0,0.37,Sector 99A,5,0
6799,6.0,6.0,4.0,12222.222222222224,5-10,4500.0,5.5,Sector 17,4,1
6800,3.0,3.0,3.0,10962.0,5-10,1350.0,1.48,Sector 52,3,0
6801,4.0,4.0,4.0,11666.666666666666,5-10,4500.0,5.25,Sector 17C,4,1
6802,3.0,3.0,3.0,11185.0,5-10,1350.0,1.51,Sector 52,3,0
6803,1.0,1.0,2.0,9876.0,5-10,729.0,0.72,Sector 52,3,0
6804,1.0,1.0,2.0,8504.0,5-10,729.0,0.62,Sector 52,3,0
6805,4.0,4.0,4.0,20740.74074074074,5-10,2700.0,5.6,Sushant Lok Phase 3,4,1
6806,3.0,4.0,4.0,10500.0,10+,2300.0,2.1,Sector 56,3,0
6807,4.0,3.0,3.0,8800.0,1-5,2443.0,2.15,Sector 37D,4,1
6808,4.0,5.0,2.0,12000.0,1-5,3750.0,4.5,Sector 66,4,0
6809,4.0,6.0,3.0,22247.0,5-10,3034.0,6.75,Sector 54,4,1
6810,4.0,4.0,4.0,17241.0,1-5,2610.0,4.5,DLF Phase 5,3,1
6811,3.0,3.0,2.0,15416.0,1-5,1200.0,1.85,Sector 37D,4,1
6812,4.0,3.0,3.0,10000.0,1-5,1800.0,1.8,Sector 37D,4,1
6813,3.0,3.0,2.0,8027.0,0-1,2367.0,1.9,Sector 46,2,0
6814,3.0,4.0,3.0,8000.0,1-5,2150.0,1.72,Sector 79,3,1
6815,3.0,3.0,3.0,14166.0,0-1,1200.0,1.7,Sector-33 Sohna,4,1
6816,3.0,2.0,3.0,12032.0,0-1,1230.0,1.48,Sector-33 Sohna,4,1
6817,3.0,2.0,4.0,8477.0,1-5,1274.0,1.08,Sector-33 Sohna,5,0
6819,3.0,2.0,4.0,8437.0,1-5,1274.0,1.08,Sector-33 Sohna,4,0
6820,3.0,4.0,3.0,8903.0,1-5,2134.0,1.9,Sector-33 Sohna,4,1
6821,4.0,4.0,4.0,11489.0,0-1,2350.0,2.7,Sector-33 Sohna,6,1
6822,3.0,3.0,4.0,15359.0,Under Construction,2129.0,3.27,Sector-33 Sohna,0,1
6823,3.0,3.0,4.0,5895.0,5-10,1730.0,1.02,Sohna,3,0
6824,3.0,3.0,4.0,6069.0,5-10,1730.0,1.05,Sohna,3,0
6825,3.0,3.0,4.0,6235.0,5-10,1700.0,1.06,Sohna,3,0
6826,2.0,2.0,4.0,6143.0,5-10,1465.0,0.9,Sohna,3,0
6827,3.0,3.0,4.0,6184.0,1-5,1730.0,1.07,Sohna,3,0
6828,9.0,9.0,4.0,6740.0,0-1,2700.0,1.82,Sushant Lok Phase 1,3,0
6829,10.0,10.0,4.0,7636.0,0-1,2750.0,2.1,Sushant Lok Phase 1,3,0
6830,10.0,10.0,4.0,7167.0,0-1,2860.0,2.05,Sushant Lok Phase 1,3,0
6831,3.0,4.0,2.0,13266.0,0-1,2072.0,3.35,Sector 108,5,0
6832,4.0,4.0,4.0,15625.0,Under Construction,2720.0,4.25,Sector 106,5,0
6833,2.0,2.0,3.0,13543.0,Under Construction,1366.0,1.85,Sector 106,5,0
6834,4.0,4.0,4.0,19052.0,Under Construction,2913.0,5.55,Sector 108,5,0
6835,4.0,4.0,4.0,18995.098039215685,Under Construction,2448.0,4.65,Sector 108,5,0
6836,3.0,3.0,4.0,13746.0,Under Construction,1855.0,2.55,Sector 106,5,0
6837,3.0,3.0,4.0,14016.0,Under Construction,1855.0,2.6,Sector 106,5,0
6838,4.0,6.0,3.0,22247.0,0-1,3034.0,6.75,Sector 54,4,0
6839,3.0,4.0,3.0,9905.0,1-5,2120.0,2.1,Sector 92,4,0
6840,4.0,4.0,3.0,12765.0,0-1,1645.0,2.1,DLF Phase 5,5,0
6841,3.0,3.0,3.0,16783.0,0-1,1430.0,2.4,DLF Phase 5,5,0
6842,2.0,2.0,2.0,19607.0,Under Construction,1479.0,2.9,Sector 36A,6,1
6843,4.0,5.0,4.0,19923.0,1-5,2675.0,2.6,Sector 79,3,0
6844,3.0,3.0,2.0,13541.0,0-1,2400.0,3.25,South City 1,3,0
6845,3.0,3.0,4.0,8682.0,1-5,2050.0,1.78,Sector 79,3,0
6846,3.0,4.0,2.0,8790.0,1-5,2150.0,1.89,Sector 79,3,0
6847,3.0,3.0,3.0,9000.0,Under Construction,2085.0,1.88,Sector 89 A,4,1
6848,3.0,3.0,2.0,13986.0,Under Construction,2002.0,2.8,Sector 106,5,1
6849,3.0,4.0,3.0,8720.0,0-1,2408.0,2.1,Sector 85,4,0
6850,4.0,4.0,4.0,15648.0,0-1,3355.0,5.25,Sector 72,3,0
6851,2.0,2.0,2.0,6420.0,1-5,623.0,0.4,Sohna,4,0
6852,2.0,2.0,1.0,10058.0,Under Construction,1193.0,1.2,Sector 79,5,1
6853,2.0,2.0,2.0,7843.0,0-1,1410.0,1.0,Sector 37D,4,0
6854,3.0,3.0,2.0,9716.0,Under Construction,1580.0,1.2,Sector 79,4,0
6855,3.0,2.0,2.0,8000.0,Under Construction,1470.0,0.952,Sector 92,4,0
6856,3.0,3.0,2.0,8097.0,Under Construction,1235.0,1.0,Sector 81,2,1
6857,3.0,3.0,2.0,7911.0,Under Construction,1580.0,1.25,Sector 79,4,1
6858,3.0,3.0,2.0,9493.0,Under Construction,1580.0,1.5,Sector 93,5,1
6859,4.0,5.0,4.0,13425.0,1-5,2905.0,3.9,Sector 72,3,0
6860,4.0,4.0,4.0,21000.0,Under Construction,1900.0,4.2,Sector 63A,5,1
6861,3.0,3.0,3.0,10000.0,1-5,2200.0,2.2,Sector 77,6,0
6862,4.0,4.0,4.0,26257.0,Under Construction,4429.0,5.9,Sector 36A,6,0
6863,3.0,3.0,3.0,12666.0,0-1,3240.0,3.8,Sector 54,3,1
6864,3.0,3.0,3.0,10505.0,0-1,2475.0,2.6,South City 1,1,1
6865,3.0,3.0,3.0,10879.0,0-1,2160.0,2.35,Sushant Lok Phase 3,3,1
6866,3.0,3.0,3.0,9722.0,0-1,2160.0,2.1,Sushant Lok Phase 3,3,1
6867,3.0,4.0,4.0,11449.0,Under Construction,2795.0,3.2,Sector 76,1,0
6868,3.0,3.0,3.0,9166.0,0-1,1800.0,1.65,Sector 57,3,1
6869,4.0,4.0,3.0,14444.0,0-1,4500.0,6.5,Suncity,3,1
6870,3.0,3.0,2.0,9953.0,0-1,2160.0,2.15,Sector 46,2,1
6871,4.0,4.0,3.0,13374.0,0-1,2430.0,3.25,DLF Phase 4,3,1
6872,4.0,4.0,3.0,11111.0,0-1,3600.0,4.0,DLF Phase 3,3,1
6873,4.0,4.0,3.0,11111.0,0-1,2700.0,3.0,Sector 57,3,1
6874,4.0,4.0,3.0,14943.0,0-1,2844.0,4.25,DLF Phase 2,3,1
6875,3.0,4.0,3.0,10000.0,0-1,1800.0,1.8,Sushant Lok Phase 2,3,1
6876,4.0,4.0,3.0,12962.0,0-1,3240.0,4.2,Nirvana Country,3,1
6877,3.0,3.0,3.0,11111.0,0-1,2250.0,2.5,Mayfield Garden,3,1
6878,3.0,3.0,2.0,9953.0,0-1,2160.0,2.15,Sushant Lok Phase 2,3,1
6879,3.0,3.0,3.0,10555.0,0-1,1800.0,1.9,Sector 47,2,1
6880,3.0,4.0,2.0,10555.0,0-1,1800.0,1.9,Sector 47,2,1
6881,4.0,4.0,3.0,12037.0,0-1,2700.0,3.25,Sector 28,3,1
6882,3.0,4.0,2.0,12268.0,0-1,2160.0,2.65,Sector 27,3,1
6883,4.0,4.0,3.0,7634.0,1-5,3078.0,2.35,Sector 46,2,1
6884,4.0,4.0,3.0,14000.0,1-5,1750.0,2.45,DLF Phase 2,3,1
6885,4.0,4.0,3.0,12977.0,1-5,3976.0,5.16,Sector 22,6,0
6886,3.0,4.0,4.0,12980.0,1-5,2781.0,3.61,Sector 22,6,1
6887,3.0,3.0,2.0,13915.0,5-10,3090.0,4.3,Sector 22,6,1
6888,4.0,4.0,3.0,20000.0,5-10,4360.0,8.72,DLF Phase 3,3,1
6889,3.0,3.0,3.0,11972.0,5-10,2656.0,3.18,DLF Phase 3,3,1
6890,4.0,4.0,3.0,11166.0,0-1,3000.0,3.35,Sushant Lok Phase 1,3,1
6891,3.0,3.0,2.0,10879.0,0-1,2160.0,2.35,Sector 57,3,1
6892,3.0,4.0,3.0,14444.0,0-1,1800.0,2.6,DLF Phase 1,3,1
6893,3.0,3.0,4.0,15785.0,Under Construction,1305.0,2.06,Sector 63A,5,0
6894,5.0,5.0,4.0,21111.11111111111,0-1,2250.0,4.75,Sector 108,3,0
6895,3.0,4.0,3.0,12127.0,1-5,2350.0,2.85,Sector 70A,4,0
6896,2.0,2.0,3.0,10337.0,1-5,1480.0,1.53,Sector 86,3,0
6897,3.0,3.0,2.0,16981.0,1-5,1325.0,2.25,Sector 65,6,1
6898,3.0,3.0,3.0,15277.0,0-1,2217.0,2.75,Sector 113 Gurgaon,5,0
6899,3.0,4.0,4.0,13280.0,5-10,2033.0,2.7,Sector 49,3,0
6900,4.0,5.0,2.0,11718.0,0-1,3200.0,3.75,South City 1,3,1
6901,3.0,3.0,1.0,14887.0,10+,1377.0,2.05,DLF Phase 4,2,0
6902,4.0,4.0,4.0,15648.0,0-1,3355.0,5.25,Sector 72,3,0
6903,3.0,3.0,3.0,18518.0,Under Construction,2295.0,4.25,Sector 59,6,0
6904,6.0,5.0,2.0,18888.88888888889,1-5,4500.0,8.5,Sector 51,3,1
6905,3.0,3.0,2.0,16223.0,0-1,2588.0,4.2,Sector 62,5,0
6906,3.0,3.0,3.0,13768.0,Under Construction,1689.0,1.49,Sector 104,5,0
6907,3.0,3.0,2.0,11793.0,Under Construction,1235.0,1.19,Sector 93,5,0
6908,3.0,4.0,1.0,15312.0,5-10,3672.0,4.9,Sector 50,2,0
6909,4.0,5.0,1.0,16500.0,5-10,4400.0,6.6,Sector 50,2,0
6910,3.0,2.0,2.0,10000.0,5-10,1250.0,1.25,Sector 57,3,1
6911,2.0,2.0,4.0,12500.0,1-5,1400.0,1.75,Sector 74,6,0
6912,3.0,3.0,2.0,12388.0,Under Construction,1235.0,1.25,Sector 93,5,1
6913,3.0,4.0,4.0,8651.0,Under Construction,2150.0,1.86,Sector 89 A,4,0
6914,3.0,3.0,3.0,10102.0,0-1,1811.0,1.58,Sector 37D,4,0
6915,3.0,4.0,3.0,20930.0,Under Construction,2150.0,4.5,Sector 59,6,0
6916,2.0,2.0,2.0,6260.0,1-5,623.0,0.39,Sohna,4,0
6917,3.0,3.0,2.0,6845.0,1-5,1081.0,0.74,Sector 36 Sohna,4,1
6918,2.0,2.0,3.0,6678.0,1-5,1153.0,0.77,Sohna,4,0
6919,3.0,4.0,3.0,8184.0,1-5,1845.0,1.51,Sohna,2,0
6920,2.0,2.0,2.0,9606.0,1-5,1093.0,1.05,Sector-33 Sohna,2,0
6921,2.0,2.0,2.0,12465.0,Under Construction,1264.0,0.91,Sohna,2,0
6922,2.0,2.0,4.0,6757.0,1-5,1465.0,0.99,Sohna,3,0
6923,2.0,2.0,4.0,12180.0,1-5,1210.0,0.85,Sohna,3,0
6924,2.0,2.0,3.0,11917.0,1-5,1264.0,0.87,Sohna,2,0
6925,3.0,3.0,4.0,16223.0,0-1,2588.0,4.2,Sector 62,5,0
6926,3.0,4.0,3.0,8464.0,Under Construction,1423.0,1.02,Sector 89,4,1
6927,3.0,3.0,3.0,12180.0,Under Construction,1371.0,1.67,Sector 76,5,0
6928,3.0,5.0,4.0,22408.0,5-10,2450.0,5.49,Sector 53,5,0
6929,3.0,5.0,4.0,22448.0,5-10,2450.0,5.5,Sector 53,5,0
6930,3.0,3.0,4.0,16223.0,0-1,2588.0,4.2,Sector 62,5,0
6931,3.0,3.0,2.0,14166.0,0-1,1800.0,2.55,DLF Phase 1,3,0
6932,5.0,6.0,4.0,28888.88888888889,5-10,4500.0,13.0,South City 1,3,1
6933,4.0,5.0,4.0,12542.0,1-5,2950.0,3.7,Sector 111,4,0
6934,3.0,4.0,2.0,16974.538192710934,1-5,2003.0,3.4,Sector 108,5,0
6935,3.0,3.0,4.0,12612.0,5-10,1665.0,2.1,Sector 48,4,0
6936,4.0,4.0,4.0,10580.0,Under Construction,2599.0,2.75,Sector 85,4,0
6937,3.0,4.0,4.0,12684.0,Under Construction,1955.0,1.9,Sector 109,6,0
6938,4.0,5.0,3.0,19666.0,0-1,3976.0,5.9,Sector 22,6,1
6939,3.0,3.0,3.0,16593.0,5-10,2061.0,3.6,Sector 60,5,1
6940,3.0,3.0,2.0,9223.0,1-5,1735.0,1.2,Sector 83,5,0
6941,3.0,3.0,2.0,11944.0,0-1,1800.0,2.15,DLF Phase 1,3,0
6942,4.0,4.0,2.0,11717.0,0-1,2475.0,2.9,Mayfield Garden,3,0
6943,4.0,4.0,2.0,8888.0,0-1,2700.0,2.4,Mayfield garden,3,0
6944,4.0,4.0,2.0,11000.0,0-1,3240.0,3.3,South City 2,3,0
6945,3.0,3.0,2.0,8430.0,0-1,1720.0,1.45,Sector 48,2,0
6946,2.0,2.0,2.0,16575.0,0-1,1508.0,2.5,Sector 62,5,0
6947,3.0,3.0,3.0,9978.0,1-5,1854.0,1.85,Sector 83,4,1
6948,3.0,3.0,3.0,13611.0,Under Construction,1800.0,2.45,Sector 63A,5,0
6949,3.0,3.0,4.0,9368.0,1-5,1900.0,1.78,Sector 83,4,0
6950,3.0,3.0,4.0,9368.0,1-5,1900.0,1.78,Sector 83,4,0
6951,3.0,3.0,3.0,9240.0,Under Construction,1829.0,1.69,Sector 85,4,0
6952,5.0,5.0,4.0,11597.0,1-5,3880.0,4.5,Sector 110,6,0
6953,6.0,6.0,2.0,19753.086419753086,5-10,2430.0,4.8,Palam Vihar,2,1
6954,3.0,4.0,4.0,12667.0,1-5,2092.0,2.65,Sector 81,5,0
6955,6.0,4.0,2.0,13071.8954248366,5-10,3825.0,5.0,Palam Vihar,2,1
6956,4.0,4.0,2.0,20202.0202020202,5-10,1485.0,3.0,Sector 23,2,1
6957,3.0,2.0,1.0,15972.222222222224,10+,1440.0,2.3,Sector 4,2,1
6958,2.0,2.0,3.0,8864.0,1-5,1610.0,1.07,Sector 84,4,0
6959,3.0,3.0,1.0,8553.0,1-5,1929.0,1.65,Sector 86,4,0
6960,2.0,2.0,1.0,5750.0,1-5,1360.0,0.69,Sector 86,2,1
6961,3.0,3.0,2.0,8500.0,0-1,2050.0,1.74,Sector 79,3,0
6962,2.0,2.0,3.0,10054.0,Under Construction,915.0,0.99,Sector 102,4,0
6963,3.0,4.0,4.0,12990.0,Under Construction,2040.0,2.65,Sector 65,5,0
6964,3.0,3.0,2.0,10628.0,0-1,2070.0,2.2,Mayfield Garden,3,0
6965,4.0,5.0,2.0,11574.074074074077,1-5,3240.0,3.75,Greenwood City,3,0
6966,4.0,4.0,2.0,10771.604938271605,1-5,3240.0,3.49,Greenwood City,3,0
6967,3.0,3.0,2.0,12901.234567901234,1-5,1620.0,2.09,Greenwood City,3,0
6968,3.0,3.0,2.0,12283.95061728395,1-5,1620.0,1.99,Greenwood City,3,1
6969,4.0,5.0,2.0,12777.777777777776,1-5,4500.0,5.75,DLF Phase 4,3,0
6970,4.0,4.0,2.0,12200.0,1-5,4500.0,5.49,DLF Phase 4,3,0
6971,4.0,5.0,2.0,14783.95061728395,1-5,3240.0,4.79,DLF Phase 1,3,0
6972,4.0,4.0,4.0,12186.0,1-5,2872.0,3.5,Sector 81,5,0
6973,3.0,3.0,2.0,16030.0,0-1,2588.0,4.15,Sector 62,5,0
6974,4.0,5.0,3.0,19734.0,Under Construction,3395.0,6.7,Sector 59,6,0
6975,3.0,3.0,2.0,15454.0,1-5,2200.0,3.4,Sector 66,6,0
6976,4.0,5.0,2.0,12422.0,5-10,2415.0,3.0,Sector 66,3,0
6977,2.0,2.0,2.0,12291.0,Under Construction,1261.0,1.55,Sector 65,5,0
6978,3.0,3.0,2.0,10000.0,1-5,1500.0,1.5,Sector 57,3,1
6979,4.0,4.0,4.0,15294.0,1-5,4250.0,6.5,Sector 72,3,0
6980,4.0,4.0,4.0,10518.0,5-10,2567.0,2.7,Sector 48,5,1
6981,4.0,4.0,4.0,10408.0,1-5,2450.0,2.55,Sector 104,6,1
6982,3.0,3.0,4.0,10464.0,1-5,2300.0,2.32,Sector 113 Gurgaon,5,0
6983,3.0,3.0,4.0,11500.0,1-5,2217.0,2.3,Sector 113 Gurgaon,5,0
6984,3.0,4.0,4.0,16363.0,1-5,2217.0,2.7,Sector 113 Gurgaon,5,1
6985,3.0,3.0,4.0,11300.0,10+,2345.0,2.65,Sector 48,5,0
6986,4.0,4.0,4.0,13425.0,1-5,2905.0,3.9,Sector 72,3,1
6987,4.0,5.0,4.0,24169.98671978752,1-5,2259.0,5.46,Sector 67,3,1
6988,3.0,3.0,4.0,11627.0,1-5,2150.0,2.5,Sector 70A,4,0
6989,4.0,4.0,2.0,8300.0,0-1,4518.0,3.75,South City 2,3,0
6990,4.0,4.0,2.0,7922.0,0-1,4986.0,3.95,Malibu Town,2,0
6991,4.0,4.0,2.0,12808.0,0-1,3240.0,4.15,DLF Phase 4,3,0
6992,4.0,4.0,2.0,9722.0,0-1,2160.0,2.1,South City 2,3,0
6993,4.0,4.0,2.0,9110.0,0-1,2799.0,2.55,Uppals Southend,2,0
6994,4.0,4.0,2.0,8518.0,0-1,2700.0,2.3,Sector 48,2,0
6995,4.0,4.0,2.0,8038.0,1-5,2799.0,2.25,Uppals Southend,2,0
6996,4.0,4.0,2.0,7044.0,0-1,3762.0,2.65,Sushant Lok Phase 2,3,0
6997,4.0,4.0,2.0,12812.0,0-1,3200.0,4.1,South City 2,3,0
6998,3.0,3.0,2.0,8611.0,1-5,1800.0,1.55,Uppals Southend,2,0
6999,4.0,4.0,2.0,12777.0,0-1,4626.0,5.75,Cyber City,3,0
7000,4.0,4.0,2.0,11437.0,0-1,3060.0,3.5,DLF Phase 2,3,0
7001,4.0,4.0,2.0,8478.0,0-1,4986.0,3.9,Malibu Town,2,0
7002,4.0,4.0,2.0,11574.0,0-1,3240.0,3.75,Sector 45,2,0
7003,4.0,4.0,2.0,6851.0,0-1,2700.0,1.85,Sector 67A,1,0
7004,4.0,4.0,2.0,11111.0,0-1,3150.0,3.5,South City 2,3,0
7005,3.0,4.0,4.0,22702.0,0-1,2530.0,4.2,Sector 62,5,0
7006,4.0,4.0,4.0,26190.47619047619,1-5,3150.0,8.25,Sector 48,3,0
7007,3.0,3.0,3.0,17581.0,1-5,2588.0,4.55,Sector 62,5,0
7008,4.0,4.0,4.0,15454.0,Under Construction,2750.0,4.25,Sector 106,5,0
7009,3.0,3.0,3.0,14016.0,Under Construction,1855.0,2.6,Sector 106,5,0
7010,3.0,4.0,4.0,10243.0,5-10,2587.0,2.65,Sector 57,1,1
7011,3.0,4.0,3.0,8615.0,1-5,1950.0,1.68,Sector 70,3,1
7012,3.0,3.0,3.0,13846.0,Under Construction,1625.0,2.25,Sector 106,5,0
7013,2.0,2.0,2.0,12857.0,Under Construction,1400.0,1.8,Sector 106,5,0
7014,4.0,4.0,3.0,11686.0,5-10,2567.0,3.0,Sector 48,5,0
7015,3.0,3.0,3.0,17581.0,1-5,2588.0,4.55,Sector 62,5,0
7016,4.0,4.0,3.0,16282.0,5-10,3900.0,6.35,Sector 66,2,0
7017,4.0,4.0,3.0,16153.0,5-10,3900.0,6.3,Sector 66,2,0
7018,3.0,4.0,4.0,15555.555555555557,0-1,2250.0,3.5,DLF Phase 2,3,1
7019,3.0,3.0,3.0,17387.0,1-5,2588.0,4.5,Sector 62,5,0
7020,3.0,4.0,4.0,12043.0,10+,2491.0,3.0,Nirvana Country,5,0
7021,3.0,3.0,3.0,12183.0,10+,2093.0,2.55,Nirvana Country,5,0
7022,4.0,4.0,2.0,11851.0,0-1,2700.0,3.2,Sushant Lok Phase 1,3,1
7023,4.0,5.0,4.0,10833.0,0-1,2400.0,2.6,Sector 69,6,0
7024,4.0,5.0,4.0,9375.0,5-10,2400.0,2.25,Sector 70,6,0
7025,4.0,4.0,4.0,6839.0,5-10,2193.0,1.5,Sector 71,5,0
7026,3.0,4.0,3.0,7214.0,5-10,1802.0,1.3,Sector 71,5,0
7027,3.0,4.0,2.0,7377.0,5-10,1762.0,1.3,Sector 71,5,0
7028,3.0,4.0,2.0,7171.0,5-10,1743.0,1.25,Sector 71,5,0
7029,2.0,2.0,2.0,7095.0,5-10,1198.0,0.85,Sector 71,5,0
7030,4.0,4.0,3.0,9075.0,1-5,2325.0,2.11,Sector 92,4,0
7031,4.0,4.0,4.0,11297.0,10+,2567.0,2.9,Sector 48,5,0
7032,2.0,2.0,1.0,13942.0,5-10,1040.0,1.45,Sector 50,3,0
7033,2.0,2.0,2.0,13913.0,5-10,1450.0,1.6,Nirvana Country,5,0
7034,4.0,5.0,3.0,16666.0,5-10,4200.0,7.0,Sector 66,6,0
7035,4.0,4.0,4.0,16710.0,5-10,3800.0,6.35,Sector 66,6,0
7036,3.0,3.0,3.0,15227.0,5-10,2200.0,3.35,Sector 66,6,0
7037,3.0,3.0,2.0,17391.0,1-5,1350.0,2.0,Sector 65,4,0
7038,2.0,2.0,2.0,16842.0,1-5,1020.0,1.6,Sector 65,4,0
7039,3.0,4.0,4.0,14500.0,0-1,2781.0,4.03,Sector 22,6,0
7040,3.0,4.0,1.0,19834.0,1-5,3025.0,6.0,Sector 59,6,1
7041,3.0,3.0,2.0,20871.0,1-5,2156.0,4.5,sector 58,5,0
7042,3.0,3.0,3.0,16397.0,0-1,1860.0,3.05,Sector 22,6,0
7043,3.0,4.0,4.0,14922.0,0-1,2781.0,4.15,Sector 22,6,0
7044,4.0,4.0,4.0,11492.0,10+,2567.0,2.95,Sector 48,5,0
7045,3.0,3.0,3.0,13676.0,Under Construction,1828.0,2.5,Sector 65,5,1
7046,3.0,5.0,3.0,8974.0,0-1,1950.0,1.75,Sector 70,3,0
7047,4.0,4.0,4.0,13188.0,5-10,4360.0,5.75,DLF Phase 3,3,1
7048,4.0,4.0,3.0,19540.0,10+,2610.0,5.1,DLF Phase 5,3,0
7049,3.0,4.0,2.0,11728.0,0-1,2430.0,2.85,DLF Phase 4,3,1
7050,4.0,5.0,3.0,29715.0,10+,1935.0,5.75,Sushant Lok Phase 1,3,1
7052,2.0,2.0,2.0,7301.0,Under Construction,1260.0,0.92,Sector 37D,4,1
7053,3.0,3.0,2.0,7407.0,5-10,2160.0,1.6,Nirvana Country,3,0
7054,4.0,4.0,2.0,13888.0,0-1,2700.0,3.75,DLF Phase 1,3,1
7055,4.0,6.0,1.0,14765.0,10+,2946.0,4.35,Nirvana Country,5,0
7056,4.0,4.0,3.0,14800.0,10+,2939.0,4.35,Nirvana Country,5,0
7057,2.0,2.0,3.0,6818.0,1-5,1540.0,1.05,Sector 37D,5,0
7058,2.0,2.0,2.0,8664.0,0-1,1385.0,1.2,Sector-33 Sohna,4,0
7059,4.0,4.0,1.0,14596.0,10+,2946.0,4.3,Nirvana Country,5,0
7060,2.0,2.0,1.0,11848.0,10+,1688.0,2.0,Sector 41,3,0
7061,3.0,3.0,3.0,11944.0,10+,2093.0,2.5,Nirvana Country,5,0
7062,3.0,2.0,2.0,8834.0,0-1,1811.0,1.6,Sector 37D,4,1
7063,3.0,4.0,3.0,6666.0,1-5,1875.0,1.25,Sector 90,4,0
7064,3.0,4.0,3.0,13106.0,5-10,2060.0,2.7,Sector 61,5,0
7065,3.0,4.0,3.0,10578.0,5-10,2127.0,2.25,Sector 41,3,0
7066,4.0,4.0,3.0,14843.0,5-10,3200.0,4.75,DLF Phase 3,3,1
7067,2.0,2.0,3.0,8666.0,0-1,1350.0,1.17,Sector 70,3,0
7068,4.0,5.0,4.0,12183.0,10+,4268.0,5.2,Nirvana Country,4,0
7069,4.0,5.0,4.0,13947.0,10+,4268.0,5.3,Nirvana Country,4,0
7070,3.0,3.0,3.0,12667.0,10+,2605.0,3.3,Nirvana Country,5,0
7071,4.0,4.0,3.0,11297.0,5-10,2567.0,2.9,Sector 48,5,0
7072,4.0,4.0,4.0,21764.0,0-1,1700.0,3.7,DLF Phase 1,3,1
7073,3.0,3.0,4.0,9989.0,0-1,1852.0,2.0,Sector 102,4,1
7074,4.0,4.0,4.0,12500.0,0-1,2800.0,3.5,South City 2,3,1
7075,4.0,4.0,3.0,15263.0,0-1,1900.0,2.9,Sector 56,3,1
7076,3.0,3.0,3.0,16421.0,0-1,2588.0,4.25,Sector 62,5,1
7077,2.0,2.0,2.0,17572.0,1-5,1508.0,2.65,Sector 62,5,0
7078,3.0,3.0,3.0,12647.0,1-5,1700.0,2.15,Sector 61,5,1
7079,4.0,4.0,3.0,17647.0,0-1,1700.0,3.0,Sushant Lok Phase 1,3,1
7080,2.0,2.0,2.0,17241.0,1-5,1508.0,2.6,Sector 62,5,0
7081,4.0,3.0,4.0,10512.0,1-5,2325.0,2.05,Sector 92,4,1
7082,3.0,4.0,4.0,13448.0,5-10,2491.0,3.35,Nirvana Country,4,0
7083,3.0,3.0,3.0,11944.0,5-10,2093.0,2.5,Nirvana Country,5,0
7084,3.0,3.0,3.0,12183.0,5-10,2093.0,2.55,Nirvana Country,5,0
7085,3.0,3.0,3.0,16000.0,1-5,2588.0,4.35,Sector 62,5,0
7086,3.0,4.0,2.0,6464.646464646465,1-5,2475.0,1.6,Palam Vihar,2,1
7087,3.0,4.0,2.0,8115.468409586057,1-5,1836.0,1.49,Sector 22,2,1
7088,3.0,4.0,2.0,8238.2762991128,1-5,2367.0,1.95,Sector 22,2,1
7089,4.0,4.0,4.0,15166.0,5-10,3000.0,4.55,Nirvana Country,4,0
7090,4.0,4.0,3.0,15000.0,5-10,3000.0,4.5,Nirvana Country,4,0
7091,3.0,3.0,2.0,5680.0,1-5,1285.0,0.73,Sector 37D,2,1
7092,3.0,3.0,3.0,16803.0,1-5,2588.0,4.35,Sector 62,5,0
7093,3.0,3.0,3.0,11589.0,0-1,1812.0,2.1,Sector 69,4,0
7094,5.0,7.0,4.0,7391.0,5-10,4600.0,3.4,Sector 70,6,0
7095,3.0,3.0,3.0,12417.0,0-1,1812.0,2.25,Sector 69,4,0
7096,5.0,6.0,4.0,8831.0,5-10,3850.0,3.4,Sector 70,6,0
7097,5.0,7.0,4.0,7608.0,5-10,4600.0,3.5,Sector 70,6,0
7098,7.0,7.0,4.0,26315.78947368421,5-10,3420.0,9.0,Sector 70,6,0
7099,4.0,4.0,2.0,15277.777777777776,0-1,3240.0,4.95,Nirvana Country,3,0
7100,4.0,4.0,3.0,11467.0,0-1,2180.0,2.5,Sector 102,4,1
7101,4.0,4.0,3.0,16666.666666666668,1-5,1800.0,3.0,Patel Nagar,3,1
7102,4.0,3.0,2.0,9541.0,1-5,2200.0,2.1,Sector 49,2,1
7103,3.0,3.0,2.0,10152.0,1-5,1773.0,1.8,Sector 49,2,1
7104,2.0,2.0,3.0,11291.0,1-5,1720.0,1.25,Sector 49,2,1
7105,2.0,2.0,1.0,15000.0,0-1,1000.0,1.5,Sector 57,3,1
7106,3.0,4.0,2.0,21875.0,0-1,1600.0,3.5,DLF Phase 4,3,1
7107,3.0,3.0,2.0,8171.0,0-1,1285.0,1.05,Sector 37D,2,0
7108,2.0,2.0,2.0,11342.0,0-1,1296.0,1.47,Sector 67A,4,0
7109,2.0,2.0,2.0,10579.0,0-1,1484.0,1.57,Sector 67A,4,0
7110,4.0,4.0,4.0,14064.697609001409,0-1,2844.0,4.0,DLF Phase 1,3,1
7111,3.0,4.0,4.0,17400.0,5-10,2895.0,4.35,Sector 53,4,0
7112,4.0,5.0,4.0,9333.0,10+,4500.0,4.2,Sector 48,5,0
7113,4.0,5.0,4.0,8095.0,10+,4200.0,3.4,Sector 49,2,0
7114,7.0,7.0,4.0,20940.17094017094,1-5,2340.0,4.9,Sector 48,2,1
7115,3.0,3.0,3.0,24539.0,1-5,2282.0,5.6,Sector 54,4,0
7116,3.0,4.0,4.0,16580.0,5-10,2895.0,4.8,Sector 53,4,1
7117,3.0,4.0,4.0,12408.0,5-10,3425.0,4.25,Sector 53,4,1
7118,3.0,4.0,4.0,13644.0,5-10,2895.0,3.95,Sector 53,4,1
7119,3.0,3.0,4.0,7047.0,5-10,1802.0,1.27,Sector 71,5,1
7120,3.0,3.0,4.0,7160.0,5-10,1620.0,1.16,Sector 71,5,1
7121,3.0,4.0,4.0,18181.0,1-5,2895.0,4.0,Sector 53,4,0
7122,3.0,3.0,4.0,12294.0,1-5,1643.0,2.02,South City 1,3,0
7123,3.0,4.0,4.0,7865.0,1-5,2085.0,1.64,Sector 72,2,1
7124,5.0,7.0,4.0,20576.1316872428,0-1,4860.0,10.0,Sector 33,2,1
7125,3.0,4.0,4.0,12977.0,5-10,1965.0,2.55,Sector 67,4,0
7126,4.0,4.0,4.0,12756.0,10+,2195.0,2.8,Sector 48,4,0
7127,3.0,4.0,4.0,12401.0,10+,1895.0,2.35,Sector 48,4,0
7128,3.0,3.0,4.0,12312.0,10+,1665.0,2.05,Sector 48,4,0
7129,3.0,3.0,4.0,11176.0,5-10,2550.0,2.85,Sector 48,2,0
7130,3.0,3.0,4.0,11276.0,5-10,2350.0,2.65,Sector 48,2,0
7131,4.0,6.0,4.0,17280.0,1-5,3125.0,5.4,Sector 47,4,0
7133,3.0,3.0,4.0,11626.0,10+,2305.0,2.68,Sector 48,5,0
7134,4.0,4.0,4.0,11986.0,10+,2336.0,2.8,Sector 48,5,0
7135,3.0,3.0,4.0,12048.0,10+,2075.0,2.5,Sector 48,5,0
7136,3.0,3.0,4.0,11542.0,10+,1776.0,2.05,Sector 48,5,0
7137,4.0,5.0,4.0,9960.0,10+,2560.0,2.55,Sector 49,2,0
7138,3.0,4.0,4.0,9365.0,10+,2082.0,1.95,Sector 49,2,0
7139,4.0,5.0,4.0,11959.0,10+,2383.0,2.85,Sector 49,4,0
7140,3.0,4.0,4.0,11565.0,10+,1859.0,2.15,Sector 49,4,0
7141,3.0,3.0,3.0,9523.0,10+,1785.0,1.7,Sector 48,2,0
7142,3.0,4.0,4.0,7883.0,10+,2410.0,1.9,Sector 48,2,0
7143,3.0,3.0,4.0,8515.0,10+,2055.0,1.75,Sector 48,2,0
7144,3.0,3.0,4.0,8974.0,1-5,1950.0,1.75,Sector 68,3,0
7145,3.0,3.0,4.0,9163.0,1-5,1746.0,1.6,Sector 68,4,0
7146,2.0,2.0,2.0,9202.0,1-5,1304.0,1.2,Sector 68,4,0
7147,2.0,2.0,3.0,9133.0,1-5,1478.0,1.35,Sector 68,4,0
7148,2.0,2.0,3.0,9001.0,0-1,1222.0,1.1,Sector 68,4,0
7149,5.0,5.0,4.0,24358.97435897436,1-5,2340.0,5.7,Uppals Southend,2,1
7150,7.0,7.0,4.0,21367.521367521367,1-5,2340.0,5.0,Sector 48,2,1
7151,6.0,6.0,4.0,15631.60118293198,1-5,2367.0,3.7,Sector 9A,2,1
7152,4.0,4.0,4.0,27006.172839506173,1-5,3240.0,8.75,Sector 46,2,1
7153,5.0,6.0,4.0,24691.35802469136,1-5,3240.0,8.0,Sector 48,3,1
7154,3.0,4.0,4.0,9090.0,1-5,2200.0,2.0,Sector 46,2,1
7155,4.0,5.0,4.0,15000.0,Under Construction,2400.0,3.6,Sector-33 Sohna,4,1
7156,5.0,4.0,3.0,11667.0,10+,3557.0,4.15,Sector 49,3,0
7157,3.0,3.0,3.0,11369.509043927648,1-5,1935.0,2.2,Sushant Lok Phase 1,3,1
7158,3.0,3.0,2.0,12757.201646090534,5-10,2430.0,3.1,Bissar,0,1
7159,3.0,3.0,2.0,11316.87242798354,5-10,2430.0,2.75,Bissar,0,1
7160,4.0,5.0,4.0,12553.0,5-10,2350.0,2.95,Sector 48,5,1
7161,3.0,3.0,3.0,21666.0,1-5,1500.0,3.25,Sector 60,5,0
7162,2.0,2.0,2.0,13533.0,5-10,1330.0,1.8,Heritage City,3,0
7163,2.0,2.0,2.0,15853.0,5-10,1230.0,1.95,Heritage City,3,0
7164,3.0,4.0,4.0,12765.0,5-10,1645.0,2.1,Sector 28,3,1
7165,3.0,4.0,4.0,20930.0,Under Construction,2150.0,4.5,Sushant Lok Phase 1,6,0
7166,3.0,4.0,3.0,12777.0,5-10,1800.0,2.3,DLF Phase 4,3,0
7167,4.0,5.0,4.0,24047.0,0-1,4200.0,10.09974,MG Road,4,0
7168,4.0,5.0,4.0,13636.0,5-10,3850.0,5.25,Heritage City,3,0
7169,4.0,5.0,4.0,10937.0,5-10,3200.0,3.5,Sector 28,3,0
7170,3.0,4.0,4.0,11338.0,5-10,2734.0,3.1,Sector 28,3,0
7171,3.0,3.0,3.0,8350.0,1-5,1437.0,1.2,Sector 70,4,1
7172,4.0,5.0,4.0,19696.0,Under Construction,3300.0,6.5,Sushant Lok Phase 1,6,0
7173,3.0,4.0,4.0,22325.0,Under Construction,2150.0,4.8,Sushant Lok Phase 1,6,0
7174,4.0,6.0,4.0,19444.0,5-10,3600.0,7.0,Sector 28,3,0
7175,4.0,4.0,3.0,7452.0,Under Construction,3690.0,2.75,Sector 67A,1,0
7176,4.0,4.0,4.0,9318.0,0-1,2200.0,2.05,Sector 67A,4,0
7177,3.0,5.0,3.0,8871.0,1-5,1950.0,1.73,Sector 70,3,0
7178,4.0,4.0,4.0,3988.603988603989,5-10,3510.0,1.4,Sector 57,1,1
7179,3.0,3.0,4.0,8333.333333333334,0-1,1620.0,1.35,Sector 56,3,1
7180,4.0,3.0,2.0,6739.0,0-1,2300.0,1.55,Sector 67,1,0
7181,3.0,3.0,2.0,12403.0,0-1,1935.0,2.4,Greenwood City,3,0
7182,4.0,4.0,2.0,10610.0,0-1,3770.0,4.0,Sushant Lok Phase 1,3,0
7183,4.0,4.0,2.0,10606.0,0-1,3300.0,3.5,Malibu Town,2,0
7184,4.0,4.0,2.0,9393.0,0-1,3300.0,3.1,Malibu Town,1,0
7185,4.0,4.0,2.0,8853.0,0-1,4518.0,4.0,South City 2,3,0
7186,3.0,3.0,2.0,8169.0,0-1,1836.0,1.5,Sector 57,3,0
7187,4.0,4.0,2.0,10210.0,0-1,3330.0,3.4,Sector 47,2,0
7188,4.0,4.0,2.0,7500.0,0-1,2800.0,2.1,Sector 49,2,0
7189,3.0,3.0,2.0,16666.0,10+,1680.0,2.8,DLF Phase 4,3,1
7190,4.0,4.0,3.0,15357.0,1-5,2800.0,4.3,Sector 60,5,1
7191,5.0,7.0,4.0,22500.0,5-10,4600.0,10.35,Sector 54,3,0
7192,3.0,5.0,4.0,12916.0,1-5,2400.0,3.65,Sector 67,4,0
7193,4.0,4.0,4.0,22125.0,5-10,4000.0,8.85,DLF Phase 5,5,0
7194,3.0,4.0,4.0,15480.0,5-10,2164.0,3.79,sector 58,5,0
7195,3.0,4.0,4.0,15000.0,10+,3000.0,4.81,DLF Phase 2,3,0
7196,4.0,6.0,4.0,13591.0,5-10,2943.0,4.45,Sector 31,3,0
7197,4.0,4.0,2.0,10400.0,1-5,2700.0,2.6,DLF Phase 2,3,0
7198,3.0,2.0,2.0,10312.0,5-10,1600.0,1.65,DLF Phase 2,3,1
7199,5.0,5.0,3.0,26547.11673699016,1-5,2844.0,7.55,DLF Phase 3,3,1
7200,3.0,3.0,2.0,10000.0,0-1,2200.0,2.2,Sector 57,3,1
7201,4.0,4.0,2.0,23148.14814814815,1-5,2160.0,5.0,Sushant Lok Phase 3,3,1
7202,3.0,4.0,4.0,10050.0,1-5,2587.0,2.6,Sector 57,1,0
7203,4.0,4.0,2.0,10000.0,0-1,3000.0,3.0,Sector 57,3,1
7204,4.0,4.0,2.0,23148.14814814815,1-5,2160.0,5.0,Sushant Lok 3 Extension,3,1
7205,4.0,4.0,2.0,9259.0,0-1,3500.0,2.85,Sector 57,3,1
7206,4.0,5.0,4.0,19000.0,1-5,2500.0,4.75,Sector 59,4,0
7207,3.0,3.0,3.0,12773.0,10+,1644.0,2.1,Sector 43,3,0
7208,4.0,4.0,4.0,7402.0,1-5,2364.0,1.75,Sector 91,5,0
7209,4.0,4.0,3.0,6818.0,1-5,3300.0,2.5,Sector 86,5,1
7210,4.0,4.0,4.0,7536.0,1-5,3450.0,2.6,Sector 86,5,1
7211,2.0,3.0,4.0,10000.0,5-10,1615.0,1.2,Sector 90,3,1
7212,2.0,2.0,2.0,7780.0,Under Construction,1050.0,0.8170000000000001,Sector 92,4,1
7213,4.0,4.0,2.0,12272.0,0-1,2700.0,2.7,Sector 55,1,1
7214,3.0,3.0,4.0,17818.0,Under Construction,1650.0,2.94,Sector 113 Gurgaon,5,1
7215,3.0,3.0,3.0,11920.0,Under Construction,1359.0,1.62,Sector 106,2,1
7216,3.0,3.0,4.0,7463.0,0-1,1735.0,1.29,Sector 37C,4,0
7217,2.0,2.0,3.0,7120.0,1-5,1264.0,0.9,Sohna,2,0
7218,4.0,4.0,4.0,12191.35802469136,0-1,3240.0,3.95,DLF Phase 1,3,1
7219,3.0,3.0,3.0,8667.0,Under Construction,1902.0,1.65,Sector 79,0,0
7220,3.0,3.0,3.0,12500.0,Under Construction,2050.0,2.56,Sector 113 Gurgaon,6,1
7221,2.0,2.0,2.0,9416.0,Under Construction,1200.0,1.13,Sector 79,5,0
7222,4.0,4.0,4.0,15853.0,Under Construction,4100.0,6.5,Sector 106,1,0
7223,4.0,4.0,4.0,12950.0,Under Construction,2597.0,3.36,Sector 113 Gurgaon,6,0
7224,2.0,2.0,1.0,5882.0,1-5,629.0,0.37,Sohna,6,0
7225,3.0,3.0,2.0,7777.0,5-10,3000.0,1.4,Sector 67,3,0
7226,2.0,2.0,2.0,10892.0,0-1,964.0,1.05,Sector 102,4,0
7227,3.0,3.0,4.0,12166.666666666666,0-1,1800.0,2.19,DLF Phase 1,3,0
7228,3.0,3.0,3.0,6876.0,Under Construction,1421.0,0.9772,Sector 81,2,0
7229,3.0,3.0,3.0,12647.0,Under Construction,1605.0,2.03,Sector 111,2,0
7230,3.0,3.0,2.0,8400.0,Under Construction,1826.0,1.41,Sector 93,5,0
7231,2.0,2.0,2.0,4600.0,1-5,576.0,0.265,Sohna,1,0
7232,2.0,2.0,3.0,11301.0,1-5,1264.0,0.825,Sohna,2,1
7233,2.0,2.0,2.0,5731.0,1-5,554.0,0.3175,Sector 107,4,1
7234,2.0,2.0,2.0,8122.0,1-5,554.0,0.45,Sector 107,4,1
7235,1.0,1.0,2.0,6071.0,1-5,350.0,0.2125,Sector 107,4,1
7236,1.0,1.0,2.0,5785.0,1-5,350.0,0.2025,Sector 107,4,1
7237,1.0,1.0,2.0,6285.0,1-5,350.0,0.22,Sector 107,4,1
7238,2.0,2.0,1.0,6478.0,1-5,602.0,0.39,Sector 107,4,1
7239,2.0,2.0,2.0,5505.0,1-5,554.0,0.305,Sector 107,4,1
7240,2.0,2.0,1.0,6644.0,1-5,602.0,0.4,Sector 107,4,1
7241,2.0,2.0,2.0,5685.0,1-5,554.0,0.315,Sector 107,4,1
7242,2.0,2.0,4.0,16620.0,0-1,1210.0,1.2,Sector-33 Sohna,3,1
7243,4.0,5.0,4.0,25586.0,1-5,4690.0,11.999834,Sector 62,4,0
7244,4.0,4.0,3.0,20985.0,5-10,3979.0,8.35,DLF Phase 5,5,0
7245,3.0,3.0,4.0,17100.0,Under Construction,1671.0,1.71,Sector-33 Sohna,4,1
7246,3.0,4.0,4.0,13303.0,Under Construction,1845.0,1.49,Sohna,2,1
7247,1.0,1.0,1.0,5583.0,0-1,394.0,0.22,Sohna,4,1
7248,2.0,2.0,2.0,6443.0,1-5,950.0,0.385,Sohna,4,1
7249,2.0,2.0,1.0,11844.0,0-1,591.0,0.7,Sector 67A,2,1
7250,3.0,3.0,3.0,16331.0,1-5,1650.0,1.67,Sector 102,4,0
7251,1.0,1.0,1.0,5025.0,1-5,394.0,0.198,Sohna,4,1
7252,4.0,4.0,4.0,22399.0,0-1,2407.0,2.95,Sector-33 Sohna,4,1
7253,3.0,4.0,2.0,21875.0,1-5,2200.0,3.5,Sector 82,2,0
7254,3.0,3.0,3.0,11764.0,1-5,1700.0,2.0,Sector 70A,4,0
7255,2.0,2.0,4.0,10958.0,Under Construction,1264.0,0.8,Sohna,2,1
7256,2.0,2.0,4.0,11232.0,Under Construction,1264.0,0.82,Sohna,2,1
7257,2.0,2.0,3.0,11506.0,1-5,1264.0,0.84,Sohna,2,1
7258,3.0,3.0,2.0,14558.0,Under Construction,1527.0,1.45,Sohna,4,1
7259,3.0,3.0,4.0,11616.0,0-1,1440.0,1.15,Sohna,4,1
7260,3.0,2.0,4.0,11168.0,0-1,1210.0,0.86,Sohna,4,1
7261,3.0,2.0,4.0,10571.0,0-1,1081.0,0.74,Sohna,4,1
7262,2.0,2.0,4.0,10675.0,0-1,1153.0,0.79,Sohna,4,1
7263,2.0,2.0,4.0,10000.0,0-1,745.0,0.55,Sohna,4,1
7264,3.0,3.0,4.0,16939.0,0-1,1789.0,1.55,Sector-33 Sohna,4,1
7265,3.0,3.0,4.0,18579.0,0-1,1789.0,1.7,Sector-33 Sohna,4,1
7266,2.0,2.0,2.0,12025.0,1-5,1275.0,0.95,Sohna,4,1
7267,2.0,2.0,3.0,11917.0,1-5,1264.0,0.87,Sohna,2,1
7268,2.0,2.0,1.0,4233.0,1-5,744.0,0.315,Sohna,0,1
7269,2.0,2.0,1.0,4368.0,1-5,744.0,0.325,Sohna,0,1
7270,3.0,3.0,3.0,10489.0,Under Construction,1430.0,1.5,Gwal Pahari,5,0
7271,2.0,2.0,2.0,14750.0,Under Construction,1130.0,1.18,Gwal Pahari,5,1
7272,2.0,2.0,1.0,13654.0,1-5,1245.0,1.7,Sector 53,2,0
7273,2.0,2.0,2.0,12911.0,1-5,1275.0,1.02,Sohna,4,1
7274,2.0,2.0,2.0,11518.0,1-5,1275.0,0.91,Sohna,4,1
7275,3.0,3.0,3.0,5995.0,Under Construction,2035.0,1.22,Sector 37C,3,1
7276,3.0,3.0,3.0,6005.0,Under Construction,1815.0,1.09,Sector 37C,3,1
7277,5.0,5.0,4.0,13333.0,0-1,4500.0,6.0,Sector 49,3,0
7278,4.0,4.0,4.0,17105.0,0-1,5000.0,6.5,Gwal Pahari,5,0
7279,2.0,2.0,3.0,12328.0,Under Construction,1264.0,0.9,Sohna,2,1
7280,2.0,2.0,3.0,12602.0,Under Construction,1264.0,0.92,Sohna,2,1
7281,3.0,4.0,4.0,13303.0,0-1,1845.0,1.49,Sohna,2,1
7282,3.0,4.0,4.0,13392.0,0-1,1845.0,1.5,Sohna,2,1
7283,3.0,4.0,4.0,13482.0,0-1,1845.0,1.51,Sohna,2,1
7284,2.0,2.0,4.0,10266.0,0-1,1153.0,0.77,Sohna,4,1
7285,2.0,2.0,4.0,10890.0,0-1,1210.0,0.76,Sohna,3,1
7286,2.0,2.0,1.0,4697.0,1-5,585.0,0.275,Sohna,6,1
7287,1.0,1.0,1.0,4264.0,1-5,469.0,0.2,Sohna,4,1
7288,1.0,1.0,1.0,4371.0,0-1,469.0,0.205,Sohna,4,1
7289,2.0,2.0,2.0,6275.0,1-5,950.0,0.375,Sohna,4,1
7290,2.0,2.0,2.0,6443.0,1-5,950.0,0.385,Sohna,4,1
7291,2.0,2.0,4.0,11377.0,0-1,1465.0,0.95,Sohna,3,1
7292,3.0,3.0,2.0,12037.037037037036,10+,1620.0,1.95,South City 1,3,1
7293,3.0,2.0,3.0,9146.0,10+,1640.0,1.5,Sector 56,3,1
7294,3.0,3.0,3.0,12037.037037037036,10+,1620.0,1.95,South City 1,3,1
7295,2.0,2.0,2.0,6923.0,10+,1300.0,0.9,Sector 54,3,1
7296,2.0,2.0,2.0,13924.0,1-5,1275.0,1.1,Sohna,4,1
7297,2.0,2.0,3.0,11369.0,1-5,1264.0,0.83,Sohna,2,1
7298,3.0,3.0,3.0,11590.727418065548,10+,2502.0,2.9,Sector 46,2,1
7299,3.0,3.0,2.0,10391.686650679456,5-10,2502.0,2.6,Sector 46,2,1
7300,3.0,3.0,4.0,11265.0,0-1,1730.0,1.12,Sohna,3,1
7301,3.0,3.0,2.0,10391.686650679456,10+,2502.0,2.6,Sector 46,2,1
7302,3.0,2.0,4.0,10714.0,0-1,1081.0,0.75,Sohna,4,1
7303,3.0,3.0,4.0,12000.0,Under Construction,1440.0,1.08,Sohna,4,1
7304,2.0,2.0,4.0,10800.0,0-1,745.0,0.54,Sohna,4,1
7305,2.0,2.0,3.0,11506.0,1-5,1264.0,0.84,Sohna,2,1
7306,2.0,2.0,2.0,6694.0,1-5,950.0,0.4,Sohna,4,1
7307,3.0,2.0,3.0,14750.0,1-5,1230.0,1.18,Sector-33 Sohna,2,1
7308,2.0,2.0,3.0,10958.0,Under Construction,1264.0,0.8,Sohna,2,1
7309,3.0,2.0,3.0,10500.0,0-1,1081.0,0.735,Sohna,4,1
7310,4.0,5.0,4.0,11827.956989247312,5-10,4185.0,4.95,Sushant Lok Phase 1,3,1
7311,4.0,4.0,4.0,15555.0,0-1,2250.0,3.5,Sector 63,6,0
7312,4.0,3.0,4.0,6122.0,1-5,2450.0,1.5,Sector 95,1,1
7313,2.0,2.0,2.0,8260.0,5-10,1150.0,0.95,Sector 56,3,0
7314,3.0,4.0,4.0,12244.0,1-5,2450.0,3.0,Sector 104,6,1
7315,3.0,4.0,4.0,14920.0,1-5,1575.0,2.35,Sector 51,5,0
7316,2.0,2.0,2.0,10322.0,1-5,1550.0,1.6,Sector 104,6,1
7317,3.0,3.0,4.0,7045.0,5-10,2200.0,1.55,Sector 54,3,1
7318,3.0,3.0,4.0,10204.0,1-5,2450.0,2.5,Sector 54,3,1
7319,4.0,3.0,4.0,6250.0,5-10,2400.0,1.5,Sector 56,3,1
7320,2.0,2.0,3.0,7486.0,1-5,1536.0,1.15,Sector 107,2,1
7321,2.0,2.0,3.0,6844.0,1-5,1534.0,1.05,Sector 107,2,1
7322,2.0,2.0,1.0,10192.0,1-5,800.0,0.53,Sector 67,3,0
7323,4.0,3.0,4.0,7441.0,1-5,2150.0,1.6,Sector 95,1,1
7324,4.0,4.0,4.0,5833.333333333333,5-10,3600.0,2.1,Sector 82A,3,0
7325,3.0,3.0,3.0,4629.62962962963,1-5,3240.0,1.5,Sector 82A,3,0
7326,3.0,3.0,3.0,5555.555555555556,1-5,3240.0,1.8,Sector 82A,3,0
7327,3.0,2.0,3.0,3395.061728395062,1-5,3240.0,1.1,Sector 82A,3,0
7328,4.0,4.0,4.0,7835.0,1-5,2425.0,1.9,Sector 82,4,0
7329,3.0,3.0,1.0,23391.812865497075,1-5,3078.0,7.2,Sector 46,2,1
7330,3.0,3.0,4.0,10424.0,5-10,1650.0,1.72,Sector 102,4,0
7331,4.0,4.0,4.0,5959.0,5-10,2836.0,1.69,Sector 109,1,0
7332,4.0,4.0,3.0,11688.0,5-10,3850.0,4.5,Sector 110,6,0
7333,3.0,3.0,3.0,11963.0,5-10,2215.0,2.65,Sector 113 Gurgaon,4,0
7334,3.0,3.0,4.0,13817.0,Under Construction,1802.0,2.49,Sector 106,5,0
7335,3.0,3.0,4.0,10361.0,Under Construction,1689.0,1.75,Sector 104,5,0
7336,3.0,4.0,4.0,10612.0,5-10,2450.0,2.6,Sector 104,6,0
7337,3.0,3.0,4.0,7105.0,5-10,2505.0,1.78,Sector 109,1,0
7338,4.0,4.0,2.0,12500.0,1-5,2000.0,2.5,Palam Vihar,2,1
7339,4.0,4.0,2.0,10000.0,1-5,2000.0,2.0,Palam Vihar,2,1
7340,4.0,4.0,4.0,10833.0,1-5,3000.0,3.25,Palam Vihar,2,1
7341,4.0,4.0,2.0,11000.0,1-5,3000.0,3.3,Palam Vihar,2,1
7342,5.0,5.0,3.0,20312.0,5-10,3200.0,6.5,Palam Vihar,2,1
7343,6.0,6.0,4.0,20179.0,5-10,2230.0,4.5,Palam Vihar,2,1
7344,4.0,4.0,3.0,11500.0,0-1,2000.0,2.3,Palam Vihar,2,1
7345,4.0,4.0,4.0,13235.0,10+,3400.0,4.5,Palam Vihar,2,1
7346,4.0,4.0,3.0,9821.0,0-1,2800.0,2.75,Palam Vihar,2,1
7347,7.0,7.0,4.0,22916.0,5-10,2400.0,5.5,Palam Vihar,2,1
7348,4.0,4.0,2.0,10000.0,1-5,2200.0,2.2,Palam Vihar,2,1
7349,6.0,6.0,3.0,17094.0,5-10,4680.0,8.0,Palam Vihar,2,1
7350,9.0,9.0,4.0,23000.0,10+,2500.0,5.75,Palam Vihar,2,1
7351,4.0,4.0,2.0,13266.666666666666,0-1,4500.0,5.97,Sector 54,3,1
7352,3.0,3.0,2.0,15000.0,0-1,1800.0,2.7,DLF Phase 2,3,1
7353,4.0,4.0,2.0,11604.93827160494,0-1,3240.0,3.76,DLF Phase 4,3,1
7354,3.0,3.0,2.0,13540.051679586564,0-1,1935.0,2.62,DLF Phase 2,3,1
7355,4.0,4.0,2.0,12345.67901234568,0-1,3240.0,4.0,DLF Phase 4,3,1
7356,4.0,4.0,2.0,11719.1818684356,0-1,3618.0,4.24,DLF Phase 2,3,1
7357,4.0,4.0,2.0,15625.0,10+,3200.0,5.0,Palam Vihar,2,1
7358,4.0,4.0,3.0,11111.111111111111,0-1,3240.0,3.6,Sushant Lok Phase 1,3,1
7359,5.0,6.0,4.0,18750.0,10+,3200.0,6.0,Palam Vihar,2,1
7360,3.0,3.0,2.0,8600.0,5-10,1744.0,1.5,Sector 90,3,1
7361,3.0,3.0,2.0,8772.0,5-10,1744.0,1.53,Sector 90,3,1
7362,4.0,4.0,2.0,10945.0,1-5,2010.0,2.2,Sector 69,4,0
7363,3.0,3.0,4.0,11875.0,0-1,1890.0,1.9,Sector-33 Sohna,5,0
7364,2.0,2.0,4.0,8905.0,1-5,1572.0,1.4,Sector 79,3,0
7365,3.0,3.0,3.0,9375.0,10+,1870.0,1.5,Sector 56,3,1
7366,1.0,1.0,0.0,15625.0,5-10,1344.0,2.1,Sector 48,5,0
7367,3.0,4.0,4.0,12906.0,0-1,2092.0,2.7,Sector 81,5,0
7368,3.0,3.0,2.0,16000.0,0-1,2000.0,3.2,Sector 66,6,1
7369,3.0,3.0,4.0,13333.0,1-5,1500.0,2.0,Sector 86,4,0
7370,4.0,4.0,4.0,9932.0,1-5,2215.0,2.2,Sector 90,3,0
7371,4.0,6.0,3.0,27631.0,1-5,3800.0,10.49978,Sector 48,5,1
7372,3.0,3.0,4.0,7752.0,5-10,1550.0,0.99,Ramgarh,1,0
7373,3.0,4.0,2.0,6983.0,1-5,1790.0,1.25,Sector 82,4,0
7374,4.0,4.0,3.0,16818.0,0-1,2700.0,3.7,Nirvana Country,3,1
7375,4.0,4.0,4.0,8216.0,1-5,2215.0,1.75,Sector 90,3,0
7376,3.0,3.0,4.0,8250.0,1-5,1818.0,1.5,Sector 90,3,0
7377,3.0,3.0,1.0,8916.0,1-5,1929.0,1.72,Sector 86,4,0
7378,4.0,4.0,2.0,7472.384665367122,0-1,3078.0,2.3,Sector 57,3,1
7379,3.0,3.0,2.0,13605.0,Under Construction,1470.0,2.0,Sector 63A,5,0
7380,3.0,3.0,3.0,15557.0,1-5,1600.0,2.15,Sector 65,2,0
7381,3.0,3.0,3.0,12911.0,Under Construction,1549.0,2.0,Sector 61,6,0
7382,3.0,3.0,2.0,16216.0,0-1,1812.0,2.4,Sector 63,6,0
7383,4.0,4.0,3.0,10454.0,10+,2200.0,2.3,DLF Phase 1,3,0
7384,4.0,4.0,4.0,15555.555555555557,0-1,4500.0,7.0,Sector 26,3,1
7385,4.0,4.0,3.0,12654.32098765432,0-1,3240.0,4.1,DLF Phase 4,3,1
7386,4.0,4.0,3.0,16666.666666666668,0-1,2700.0,4.5,Sushant Lok Phase 1,3,1
7387,4.0,4.0,2.0,11877.394636015326,0-1,2610.0,3.1,Mayfield garden,3,1
7388,3.0,3.0,2.0,11522.633744855968,0-1,2430.0,2.8,Sector 50,3,1
7389,5.0,5.0,4.0,15555.555555555557,0-1,4500.0,7.0,DLF Phase 1,3,1
7390,2.0,2.0,2.0,4697.0,1-5,745.0,0.35,Sohna,0,1
7391,3.0,3.0,2.0,15625.0,5-10,1376.0,2.15,DLF Phase 5,5,0
7392,4.0,4.0,2.0,13620.0,5-10,1762.0,2.4,DLF Phase 2,3,0
7393,4.0,4.0,3.0,11666.666666666666,0-1,3600.0,4.2,DLF Phase 2,3,1
7394,3.0,4.0,4.0,24810.0,5-10,1975.0,4.9,Sector 54,4,1
7395,2.0,2.0,2.0,3934.0,0-1,737.0,0.29,Sohna,0,1
7396,4.0,5.0,2.0,11777.777777777776,0-1,4500.0,5.3,DLF Phase 1,3,1
7397,4.0,4.0,3.0,12962.962962962964,0-1,2700.0,3.5,Sushant Lok Phase 1,3,1
7398,4.0,4.0,2.0,10370.37037037037,Under Construction,2700.0,2.8,Sector 48,2,1
7399,3.0,3.0,2.0,12222.222222222224,0-1,1800.0,2.2,Malibu Town,2,1
7400,4.0,4.0,3.0,15555.555555555557,0-1,4500.0,7.0,DLF Phase 1,3,1
7401,4.0,5.0,2.0,12037.037037037036,0-1,2700.0,3.25,Sushant Lok Phase 1,3,1
7402,3.0,3.0,2.0,8796.296296296296,0-1,2160.0,1.9,Sector 52,2,0
7403,4.0,5.0,2.0,9259.25925925926,0-1,4536.0,4.2,Sector 48,2,1
7404,4.0,4.0,3.0,12222.222222222224,0-1,4500.0,5.5,Sushant Lok Phase 1,3,1
7405,3.0,3.0,3.0,16354.0,1-5,3363.0,5.5,Sector 65,5,1
7406,4.0,4.0,2.0,11620.185922974768,0-1,4518.0,5.25,Sushant Lok Phase 1,3,1
7407,1.0,1.0,1.0,7225.0,1-5,346.0,0.25,Sohna,4,1
7408,2.0,2.0,2.0,7606.0,1-5,539.0,0.41,Sector 93,3,1
7409,3.0,3.0,2.0,13888.888888888889,0-1,2700.0,3.75,DLF Phase 1,3,0
7410,3.0,4.0,2.0,10153.256704980842,0-1,2610.0,2.65,Uppals Southend,2,0
7411,2.0,2.0,2.0,4037.0,1-5,743.0,0.3,Sohna,0,1
7412,1.0,1.0,1.0,5316.0,1-5,395.0,0.21,Sohna,4,1
7413,4.0,4.0,3.0,11432.65451947124,0-1,2799.0,3.2,Sushant Lok Phase 1,3,1
7414,4.0,5.0,2.0,11789.924973204716,0-1,2799.0,3.3,Sushant Lok Phase 1,3,1
7415,3.0,3.0,2.0,14470.2842377261,0-1,1935.0,2.8,DLF Phase 1,3,1
7416,4.0,4.0,3.0,13991.769547325102,0-1,2430.0,3.4,DLF Phase 1,3,1
7417,4.0,5.0,4.0,13991.769547325102,0-1,2430.0,3.4,DLF Phase 1,3,1
7418,3.0,3.0,2.0,15151.515151515152,0-1,2475.0,3.75,DLF Phase 4,3,1
7419,3.0,3.0,2.0,9803.921568627453,0-1,1836.0,1.8,Sector 42,3,1
7420,3.0,3.0,2.0,9259.25925925926,0-1,2160.0,2.0,Sushant Lok Phase 2,3,1
7421,3.0,4.0,2.0,13436.692506459947,0-1,1935.0,2.6,Sushant Lok Phase 1,3,1
7422,3.0,3.0,3.0,16666.666666666668,0-1,2700.0,4.5,Nirvana Country,3,1
7423,1.0,1.0,1.0,6073.0,1-5,354.0,0.215,Sohna,4,1
7424,2.0,2.0,2.0,6428.0,0-1,700.0,0.45,Sohna,4,1
7425,4.0,4.0,3.0,8037.0,1-5,2364.0,1.9,Sector 86,5,1
7426,6.0,5.0,4.0,22222.222222222223,5-10,2700.0,6.0,Sushant Lok Phase 1,3,1
7427,3.0,3.0,2.0,13888.888888888889,0-1,1800.0,2.5,DLF Phase 1,3,1
7428,4.0,4.0,3.0,14660.493827160491,0-1,3240.0,4.75,Nirvana Country,3,1
7429,4.0,4.0,3.0,13333.333333333334,0-1,4500.0,6.0,DLF Phase 1,3,1
7430,4.0,4.0,3.0,9259.25925925926,0-1,2700.0,2.5,Sector 67A,4,1
7431,4.0,4.0,3.0,13888.888888888889,0-1,3240.0,4.5,Sushant Lok Phase 1,3,1
7432,3.0,3.0,2.0,12919.896640826872,0-1,1935.0,2.5,Sushant Lok Phase 1,3,1
7433,4.0,4.0,3.0,14814.814814814816,0-1,2700.0,4.0,DLF Phase 2,3,1
7434,3.0,3.0,3.0,18404.0,Under Construction,1630.0,3.0,Sector 61,6,1
7435,4.0,4.0,4.0,21110.0,5-10,3979.0,8.4,DLF Phase 5,5,0
7436,3.0,3.0,2.0,13157.0,0-1,1900.0,2.5,DLF Phase 1,3,1
7437,2.0,2.0,2.0,16399.0,1-5,1372.0,2.25,Sector 60,5,0
7438,2.0,2.0,2.0,4285.0,1-5,700.0,0.3,Sohna,0,1
7439,2.0,2.0,2.0,4347.0,1-5,690.0,0.3,Sohna,0,1
7440,4.0,4.0,3.0,15555.555555555557,0-1,4500.0,7.0,DLF Phase 1,3,1
7441,3.0,3.0,2.0,12919.896640826872,0-1,1935.0,2.5,DLF Phase 1,3,1
7442,4.0,4.0,3.0,17500.0,5-10,4000.0,7.0,DLF Phase 5,5,1
7443,5.0,5.0,2.0,17777.0,0-1,4500.0,8.0,DLF Phase 1,3,1
7444,3.0,3.0,2.0,12919.896640826872,0-1,1935.0,2.5,Sushant Lok Phase 1,3,1
7445,4.0,4.0,2.0,13750.0,0-1,4000.0,5.5,Sushant Lok Phase 1,3,1
7446,4.0,4.0,3.0,17500.0,0-1,4000.0,7.0,DLF Phase 1,3,1
7447,4.0,4.0,2.0,17142.0,0-1,3500.0,6.0,DLF Phase 1,3,1
7448,2.0,2.0,2.0,4032.0,1-5,743.0,0.3,Sohna,0,1
7449,3.0,3.0,3.0,13787.0,5-10,1777.0,2.45,DLF Phase 4,3,0
7450,4.0,4.0,2.0,8137.715179968701,0-1,3195.0,2.6,Sector 52,2,1
7451,4.0,4.0,4.0,20000.0,1-5,3600.0,7.2,Sector 59,6,0
7452,4.0,4.0,2.0,12592.592592592591,0-1,2700.0,3.4,Sushant Lok Phase 1,3,1
7453,3.0,4.0,2.0,10737.0,5-10,2617.0,2.81,Nirvana Country,5,0
7454,3.0,4.0,3.0,28045.574057844,10+,2282.0,6.4,Sector 54,4,0
7455,3.0,3.0,2.0,13557.0,Under Construction,1549.0,2.1,Sector 61,6,0
7456,3.0,3.0,3.0,9946.0,Under Construction,1689.0,1.68,Sector 104,5,0
7457,3.0,4.0,4.0,10248.0,5-10,2293.0,2.35,Sector 57,1,0
7458,3.0,3.0,4.0,12666.0,5-10,1836.0,1.9,Nirvana Country,5,0
7459,2.0,2.0,2.0,9827.0,Under Construction,1099.0,1.08,Sector 104,5,0
7460,3.0,4.0,4.0,11875.0,5-10,1877.0,1.9,Nirvana Country,5,0
7461,3.0,2.0,2.0,9933.0,Under Construction,1359.0,1.35,Sector 104,5,0
7462,3.0,2.0,2.0,10079.0,Under Construction,1389.0,1.4,Sector 104,5,0
7463,3.0,4.0,4.0,18311.11111111111,Under Construction,2250.0,4.12,Sector 61,6,1
7464,4.0,4.0,4.0,18909.090909090908,Under Construction,2750.0,5.2,Sector 61,6,1
7465,3.0,2.0,3.0,8058.0,0-1,1303.0,1.05,Sector 37D,3,1
7466,2.0,2.0,3.0,10906.0,1-5,1192.0,1.3,Sector 68,4,0
7467,4.0,5.0,4.0,16119.0,5-10,3350.0,5.4,Nirvana Country,4,0
7468,3.0,3.0,4.0,14901.0,1-5,2550.0,3.8,Sector 72,3,0
7469,3.0,3.0,3.0,7600.0,0-1,1303.0,1.0,Sector 37D,3,1
7470,3.0,3.0,2.0,13750.0,Under Construction,1630.0,2.2,Sector 61,6,0
7471,2.0,2.0,1.0,3638.0,1-5,900.0,0.3275,Sector 95,3,1
7472,2.0,2.0,1.0,2426.0,1-5,980.0,0.2378,Sector 95,1,0
7473,3.0,3.0,3.0,15250.0,1-5,2295.0,3.5,Sector 67,4,0
7474,4.0,5.0,4.0,10295.0,10+,4128.0,4.25,Sector 53,2,1
7475,4.0,5.0,4.0,8357.0,1-5,2812.0,2.35,Sector 85,4,0
7476,3.0,3.0,3.0,11032.0,1-5,2130.0,2.35,Nirvana Country,5,0
7477,3.0,3.0,3.0,17660.0,1-5,3454.0,6.1,Sector 65,5,1
7478,3.0,3.0,4.0,10192.0,5-10,1815.0,1.85,Nirvana Country,5,0
7479,2.0,2.0,2.0,12222.0,1-5,1260.0,1.1,Sector 68,4,0
7480,3.0,4.0,4.0,13402.0,0-1,2910.0,3.9,Sector 59,4,1
7481,4.0,4.0,2.0,8717.0,0-1,1950.0,1.7,Sector 67,1,1
7482,3.0,4.0,2.0,11804.0,1-5,2050.0,2.42,Nirvana Country,4,0
7483,3.0,3.0,4.0,10791.0,0-1,2085.0,2.25,Sector 109,4,0
7484,2.0,2.0,3.0,12539.0,Under Construction,1276.0,1.6,Sector 113 Gurgaon,5,0
7485,3.0,4.0,3.0,16853.0,5-10,1780.0,3.0,Sector 111,4,0
7486,4.0,5.0,4.0,9176.0,5-10,2768.0,2.54,Sector 107,2,0
7487,4.0,5.0,2.0,12808.64197530864,0-1,3240.0,4.15,DLF Phase 4,3,0
7488,4.0,5.0,2.0,16512.345679012345,0-1,3240.0,5.35,DLF Phase 5,3,0
7489,4.0,5.0,2.0,13425.925925925923,0-1,3240.0,4.35,DLF Phase 4,3,0
7490,3.0,3.0,2.0,18584.0,1-5,3363.0,6.25,Sector 65,5,0
7491,4.0,4.0,2.0,21354.0,Under Construction,3395.0,7.25,Sector 59,6,0
7492,4.0,5.0,2.0,13185.654008438818,0-1,2844.0,3.75,DLF Phase 3,3,0
7493,4.0,5.0,2.0,12222.222222222224,0-1,4500.0,5.5,DLF Phase 3,3,0
7494,4.0,5.0,2.0,13751.37513751375,0-1,3636.0,5.0,DLF Phase 2,3,0
7495,4.0,5.0,4.0,14032.0,10+,3100.0,4.35,DLF Phase 5,5,0
7496,4.0,5.0,4.0,13188.0,10+,4360.0,5.75,DLF Phase 3,3,0
7497,3.0,3.0,2.0,9288.888888888889,0-1,2250.0,2.09,Sector 57,3,1
7498,4.0,5.0,2.0,12777.777777777776,0-1,2700.0,3.45,DLF Phase 2,3,0
7499,4.0,5.0,2.0,19444.444444444445,0-1,2700.0,5.25,DLF Phase 1,3,0
7500,3.0,4.0,2.0,16414.141414141413,0-1,1980.0,3.25,DLF Phase 1,3,0
7501,3.0,4.0,2.0,16919.19191919192,0-1,1980.0,3.35,DLF Phase 1,3,0
7502,3.0,2.0,2.0,9500.0,Under Construction,1450.0,1.38,Sector 83,1,1
7503,4.0,5.0,2.0,13253.810470510272,0-1,4527.0,6.0,DLF Phase 1,3,0
7504,4.0,5.0,2.0,14386.89685701638,0-1,4518.0,6.5,DLF Phase 1,3,0
7505,4.0,4.0,2.0,11979.0,0-1,2682.0,0.357,DLF Phase 2,6,1
7506,4.0,5.0,2.0,16821.602478972996,0-1,4518.0,7.6,DLF Phase 1,3,0
7507,4.0,5.0,2.0,17706.949977866312,0-1,4518.0,8.0,DLF Phase 1,3,0
7508,4.0,5.0,2.0,13888.888888888889,0-1,2700.0,3.75,DLF Phase 2,3,0
7509,3.0,3.0,3.0,13000.0,Under Construction,2400.0,3.12,Sector 37D,1,1
7510,3.0,3.0,2.0,9567.901234567902,0-1,1620.0,1.55,Sushant Lok Phase 2,3,1
7511,3.0,3.0,3.0,9477.0,1-5,1836.0,1.74,Sector 57,3,1
7512,4.0,4.0,4.0,10344.0,0-1,2900.0,3.0,Sector 57,3,1
7513,4.0,4.0,4.0,10740.0,1-5,2700.0,2.9,Sushant Lok Phase 3,3,1
7514,3.0,4.0,4.0,17422.222222222223,Under Construction,2250.0,3.92,Sector 61,6,0
7515,4.0,5.0,2.0,12678.653757491931,0-1,4338.0,5.5,DLF Phase 1,3,0
7516,4.0,5.0,2.0,17865.375749193176,0-1,4338.0,7.75,DLF Phase 1,3,0
7517,4.0,5.0,2.0,14629.62962962963,0-1,2700.0,3.95,DLF Phase 2,3,0
7518,3.0,3.0,2.0,14444.444444444443,5-10,2250.0,3.25,Bissar,0,1
7519,3.0,3.0,2.0,5037.037037037037,1-5,2700.0,1.36,Sushant Lok Phase 2,4,1
7520,3.0,4.0,3.0,6111.0,10+,1800.0,1.1,Palam Vihar,6,0
7521,2.0,3.0,2.0,6177.0,5-10,1295.0,0.8,Sector 79,0,0
7522,2.0,3.0,2.0,5019.0,5-10,1295.0,0.65,Sector 79,0,0
7523,2.0,2.0,2.0,5416.0,5-10,1200.0,0.65,Sector 64,1,0
7524,4.0,5.0,2.0,15925.925925925923,0-1,2700.0,4.3,DLF Phase 2,3,0
7525,4.0,5.0,2.0,14074.074074074077,0-1,2700.0,3.8,DLF Phase 2,3,0
7526,4.0,5.0,2.0,15185.185185185184,0-1,2700.0,4.1,DLF Phase 2,3,0
7527,2.0,3.0,1.0,7718.0,1-5,583.0,0.45,Sector 84,4,1
7528,3.0,4.0,3.0,12500.0,10+,1600.0,2.0,Sushant Lok Phase 1,3,0
7529,4.0,5.0,4.0,14315.0,5-10,2410.0,3.45,Sector 66,4,0
7530,3.0,4.0,4.0,23500.0,1-5,3498.0,8.2,Sector 62,4,0
7531,3.0,4.0,3.0,12910.0,5-10,2130.0,2.75,Sector 66,3,0
7532,3.0,4.0,3.0,10526.0,5-10,1900.0,2.0,Sector 83,4,0
7533,4.0,5.0,4.0,20588.0,10+,1700.0,3.5,DLF Phase 4,3,0
7534,3.0,4.0,3.0,7371.0,10+,1560.0,1.15,Palam Vihar,6,0
7535,3.0,4.0,2.0,11111.111111111111,0-1,1800.0,2.0,DLF Phase 1,3,0
7536,3.0,4.0,2.0,13374.485596707818,0-1,2430.0,3.25,DLF Phase 4,3,0
7537,3.0,3.0,2.0,10288.0658436214,0-1,2430.0,2.5,Malibu Town,2,1
7538,3.0,3.0,2.0,7729.468599033817,0-1,2070.0,1.6,Malibu Town,2,1
7539,4.0,4.0,3.0,6818.0,5-10,2200.0,1.5,Sector 47,2,1
7540,4.0,4.0,3.0,9183.0,5-10,2450.0,2.25,Sector 51,3,1
7541,3.0,3.0,2.0,13703.703703703704,0-1,2700.0,3.7,Sushant Lok Phase 1,3,1
7542,4.0,5.0,2.0,6497.72579597141,0-1,3078.0,2.0,Sector 9,2,1
7543,3.0,3.0,2.0,15637.860082304527,0-1,2430.0,3.8,DLF Phase 2,3,1
7544,4.0,4.0,2.0,14064.697609001409,0-1,2844.0,4.0,DLF Phase 1,3,1
7545,4.0,5.0,4.0,17379.0,1-5,3625.0,6.3,Sector 66,6,1
7546,4.0,5.0,2.0,13117.283950617284,0-1,3240.0,4.25,DLF Phase 4,3,0
7547,4.0,5.0,2.0,11265.432098765432,0-1,3240.0,3.65,DLF Phase 4,3,0
7548,4.0,5.0,2.0,12306.610407876233,0-1,2844.0,3.5,DLF Phase 3,3,0
7549,4.0,5.0,2.0,11598.052235502437,0-1,4518.0,5.24,DLF Phase 3,3,0
7550,3.0,4.0,2.0,14416.31504922644,0-1,2844.0,4.1,DLF Phase 2,3,0
7551,4.0,5.0,2.0,11666.666666666666,0-1,2700.0,3.15,DLF Phase 2,3,0
7552,4.0,5.0,2.0,12962.962962962964,0-1,2700.0,3.5,DLF Phase 2,3,0
7553,4.0,5.0,2.0,13333.333333333334,0-1,2700.0,3.6,DLF Phase 2,3,0
7554,3.0,4.0,2.0,14222.222222222224,0-1,2250.0,3.2,DLF Phase 2,3,0
7555,3.0,4.0,2.0,14888.888888888889,0-1,2250.0,3.35,DLF Phase 2,3,0
7556,4.0,5.0,2.0,14619.883040935672,0-1,3078.0,4.5,DLF Phase 2,3,0
7557,3.0,4.0,2.0,9027.777777777776,0-1,3600.0,3.25,DLF Phase 2,3,0
7558,3.0,4.0,2.0,18518.51851851852,0-1,1944.0,3.6,DLF Phase 2,3,0
7559,3.0,4.0,2.0,15946.502057613168,0-1,1944.0,3.1,DLF Phase 2,3,0
7560,3.0,4.0,2.0,16975.30864197531,0-1,1944.0,3.3,DLF Phase 2,3,0
7561,4.0,5.0,2.0,13222.222222222224,0-1,4500.0,5.95,DLF Phase 2,3,0
7562,3.0,3.0,2.0,20833.0,0-1,1800.0,3.75,DLF Phase 1,3,1
7563,4.0,5.0,2.0,15972.222222222224,0-1,3600.0,5.75,DLF Phase 2,3,0
7564,4.0,5.0,2.0,12500.0,0-1,3600.0,4.5,DLF Phase 2,3,0
7565,4.0,5.0,2.0,13194.444444444443,0-1,3600.0,4.75,DLF Phase 2,3,0
7566,3.0,4.0,2.0,10666.666666666666,0-1,2250.0,2.4,DLF Phase 1,3,0
7567,3.0,4.0,2.0,13888.888888888889,0-1,1800.0,2.5,DLF Phase 1,3,0
7568,4.0,5.0,2.0,12962.962962962964,0-1,2700.0,3.5,DLF Phase 1,3,0
7569,3.0,3.0,2.0,8611.111111111111,1-5,1800.0,1.55,Sector 57,3,1
7570,4.0,5.0,2.0,13888.888888888889,0-1,4500.0,6.25,DLF Phase 1,3,0
7571,4.0,5.0,2.0,13777.777777777776,0-1,4500.0,6.2,DLF Phase 1,3,0
7572,4.0,4.0,3.0,23952.0,Under Construction,4175.0,10.0,DLF Phase 2,3,1
7573,3.0,4.0,2.0,14444.444444444443,0-1,1800.0,2.6,DLF Phase 1,3,0
7574,3.0,4.0,2.0,13888.888888888889,0-1,1800.0,2.5,DLF Phase 1,3,0
7576,4.0,5.0,2.0,16666.666666666668,0-1,2700.0,4.5,DLF Phase 1,3,0
7577,4.0,5.0,2.0,14259.25925925926,0-1,2700.0,3.85,DLF Phase 1,3,0
7578,4.0,5.0,2.0,15370.37037037037,0-1,2700.0,4.15,DLF Phase 1,3,0
7579,3.0,4.0,2.0,14629.62962962963,0-1,2700.0,3.95,DLF Phase 1,3,0
7580,4.0,5.0,2.0,14444.444444444443,0-1,4500.0,6.5,DLF Phase 1,3,0
7581,3.0,3.0,2.0,13611.111111111111,0-1,1800.0,2.45,DLF Phase 1,3,1
7582,3.0,3.0,2.0,11111.111111111111,5-10,2340.0,2.6,Bissar,0,0
7583,3.0,3.0,2.0,11934.156378600825,5-10,2430.0,2.9,Bissar,0,0
7584,3.0,3.0,2.0,12962.962962962964,5-10,2430.0,3.15,Bissar,0,0
7585,3.0,3.0,2.0,13888.888888888889,0-1,1800.0,2.5,DLF Phase 1,3,1
7586,3.0,3.0,2.0,12500.0,5-10,3600.0,4.5,Bissar,0,0
7587,3.0,3.0,2.0,12500.0,5-10,2520.0,3.15,Bissar,0,0
7588,3.0,3.0,2.0,14403.29218106996,5-10,2430.0,3.5,Bissar,0,0
7589,3.0,3.0,2.0,12551.440329218109,5-10,2430.0,3.05,Bissar,0,0
7590,2.0,3.0,2.0,10288.0658436214,1-5,2430.0,2.5,Bissar,0,1
7591,6.0,7.0,2.0,12121.0,0-1,3300.0,4.0,DLF Phase 2,3,1
7592,4.0,7.0,2.0,22222.222222222223,1-5,2700.0,6.0,Sushant Lok Phase 3,3,1
7593,3.0,4.0,2.0,11805.555555555557,5-10,3600.0,4.25,Bissar,0,1
7594,3.0,3.0,2.0,13168.724279835393,5-10,2430.0,3.2,Bissar,0,1
7595,3.0,2.0,4.0,13104.0,5-10,1717.0,2.25,Sector 59,4,0
7596,4.0,4.0,2.0,6911.217437533227,1-5,3762.0,2.6,Sushant Lok Phase 2,4,1
7597,3.0,3.0,2.0,8607.0,10+,1975.0,1.7,Sector 72,2,0
7598,5.0,4.0,4.0,18333.33333333333,1-5,900.0,1.65,Sector 9,2,1
7599,3.0,3.0,3.0,9306.0,1-5,1746.0,1.63,Sector 68,4,0
7600,4.0,4.0,3.0,6613.756613756614,1-5,2646.0,1.75,Sector 7,2,1
7601,3.0,3.0,2.0,10800.0,1-5,1250.0,1.35,Sector 9,2,1
7602,4.0,4.0,2.0,17321.0,1-5,2367.0,4.1,Sector 23,2,0
7603,3.0,3.0,2.0,15555.0,1-5,4500.0,7.0,Sector 23,2,0
7604,3.0,3.0,3.0,13620.0,1-5,1395.0,1.9,Sector 65,4,0
7605,4.0,4.0,2.0,10810.0,Under Construction,1850.0,2.0,Sector 9A,2,1
7606,4.0,3.0,2.0,10810.0,Under Construction,1850.0,2.0,Sector 9A,2,1
7607,5.0,4.0,2.0,12173.52810978309,5-10,4518.0,5.5,Sector 9,2,1
7608,2.0,2.0,3.0,15701.0,Under Construction,1433.0,2.25,Sector 65,5,0
7609,3.0,3.0,4.0,17382.0,0-1,2588.0,4.5,Sector 62,5,0
7610,3.0,3.0,2.0,10277.0,0-1,1800.0,1.85,Sector 23,2,1
7611,4.0,5.0,3.0,11904.0,1-5,4200.0,4.5,Sector 53,2,0
7612,3.0,3.0,2.0,10555.0,0-1,1800.0,1.9,Sector 23,2,1
7613,4.0,4.0,4.0,18836.36363636364,Under Construction,2750.0,5.18,Sector 61,4,0
7614,3.0,3.0,2.0,7111.111111111111,0-1,2250.0,1.6,Sector 4,2,1
7615,3.0,3.0,4.0,14950.0,5-10,2341.0,3.5,Sector 54,3,0
7616,2.0,2.0,2.0,14786.64976763836,10+,2367.0,3.5,Sector 9,2,1
7617,3.0,3.0,2.0,19173.0,0-1,3025.0,5.8,Sector 59,6,0
7618,3.0,4.0,3.0,13534.0,1-5,1960.0,1.45,Sector 79,5,0
7619,3.0,3.0,3.0,9000.0,1-5,1620.0,1.4,Sector 79,5,0
7620,3.0,3.0,3.0,9000.0,1-5,1490.0,1.35,Sector 79,5,0
7621,3.0,4.0,3.0,14843.0,1-5,2358.0,3.5,Sector 67,4,0
7622,4.0,4.0,2.0,17253.27812284334,1-5,1449.0,2.5,Sector 9,2,1
7623,4.0,4.0,2.0,6086.764054891545,Under Construction,4518.0,2.75,Sector 4,2,1
7624,2.0,2.0,2.0,6666.0,Under Construction,750.0,0.5,Sector 89,4,1
7625,4.0,4.0,2.0,17500.0,0-1,2421.0,3.5,DLF Phase 2,3,0
7626,2.0,2.0,2.0,13112.0,1-5,1449.0,1.9,Sector 66,3,0
7627,2.0,2.0,2.0,6692.0,1-5,1270.0,0.85,Sector 84,4,0
7628,4.0,4.0,4.0,6768.0,1-5,2364.0,1.85,Sector 91,5,0
7629,4.0,4.0,4.0,6784.0,1-5,2727.0,2.25,Sector 91,5,0
7630,3.0,2.0,3.0,6284.0,Under Construction,1432.0,0.9,Sector 92,4,0
7631,3.0,2.0,3.0,6634.0,Under Construction,1432.0,0.95,Sector 92,4,0
7632,2.0,2.0,3.0,4796.0,Under Construction,1668.0,0.8,Sector 92,4,0
7633,2.0,2.0,3.0,6806.0,Under Construction,1190.0,0.81,Sector 92,4,0
7634,4.0,5.0,4.0,11525.0,0-1,2950.0,3.4,Sector 111,4,0
7635,3.0,3.0,4.0,9456.0,0-1,1840.0,1.74,Sector 23,2,1
7636,3.0,3.0,3.0,6481.0,5-10,1620.0,1.05,Sector 71,5,0
7637,3.0,3.0,3.0,6129.0,0-1,1550.0,0.95,Sohna,4,1
7638,3.0,3.0,4.0,11397.0,0-1,2018.0,2.3,Sector 74,6,0
7639,2.0,2.0,3.0,10357.0,0-1,1400.0,1.45,Sector 74,6,0
7640,2.0,2.0,1.0,7738.0,0-1,840.0,0.65,Jharsa,4,1
7641,4.0,4.0,3.0,16048.0,5-10,2804.0,5.0,DLF Phase 5,3,0
7642,2.0,2.0,3.0,6832.0,0-1,1610.0,1.1,Sector 84,4,0
7643,3.0,3.0,4.0,5839.0,0-1,1918.0,1.32,Sector 84,4,0
7644,2.0,2.0,3.0,6024.0,0-1,1610.0,1.07,Sector 84,4,0
7645,3.0,3.0,4.0,5582.0,1-5,2275.0,1.42,Sector 84,4,0
7646,3.0,3.0,4.0,6878.0,0-1,1890.0,1.3,Sector 84,5,1
7647,3.0,3.0,2.0,5028.0,1-5,1750.0,1.15,Sector 84,5,0
7648,3.0,3.0,2.0,5142.0,1-5,1750.0,1.14,Sector 84,5,0
7649,3.0,3.0,4.0,5670.0,1-5,2275.0,1.4,Sector 84,4,0
7650,3.0,3.0,4.0,5735.0,1-5,1918.0,1.34,Sector 84,4,0
7651,3.0,3.0,4.0,5787.0,0-1,1918.0,1.35,Sector 84,4,0
7652,2.0,2.0,4.0,4982.0,1-5,1425.0,0.9,Sector 84,5,0
7653,3.0,3.0,4.0,5683.0,0-1,1918.0,1.3,Sector 84,4,0
7654,3.0,3.0,4.0,6137.0,0-1,1890.0,1.16,Sector 84,5,0
7655,3.0,3.0,4.0,9977.0,5-10,1748.0,1.76,Sector 49,2,0
7656,3.0,3.0,3.0,15582.0,Under Construction,2567.0,4.0,Sector 62,5,1
7657,2.0,2.0,4.0,5263.0,1-5,1425.0,0.86,Sector 84,5,0
7658,3.0,3.0,4.0,5494.0,0-1,2275.0,1.34,Sector 84,4,0
7659,4.0,4.0,3.0,18500.0,5-10,3000.0,7.1,Sector 54,3,1
7660,2.0,2.0,2.0,15912.0,Under Construction,1508.0,2.4,Sector 62,5,1
7661,4.0,4.0,3.0,11111.111111111111,0-1,4500.0,5.0,DLF Phase 2,3,1
7662,2.0,2.0,4.0,5122.0,1-5,1425.0,0.84,Sector 84,5,0
7663,5.0,5.0,4.0,21739.0,1-5,4600.0,10.0,DLF Phase 2,3,0
7664,4.0,5.0,3.0,18491.0,1-5,2704.0,6.5,Sector 54,4,0
7665,4.0,5.0,4.0,9491.0,0-1,2950.0,3.45,Sector 111,4,1
7666,3.0,3.0,3.0,21910.0,5-10,2282.0,5.5,Sector 54,4,0
7667,4.0,4.0,3.0,14559.0,5-10,2610.0,4.55,DLF Phase 5,3,0
7668,4.0,4.0,2.0,20289.0,5-10,4198.0,9.5,Sector 54,3,1
7669,3.0,5.0,3.0,27966.0,5-10,2950.0,8.25,Sector 54,3,0
7670,4.0,6.0,3.0,28743.0,1-5,3479.0,9.9996897,Sector 54,5,0
7671,4.0,5.0,4.0,16008.0,1-5,3748.0,8.0,DLF Phase 2,0,0
7672,5.0,6.0,4.0,21074.0,5-10,4560.0,10.0,Sector 54,3,0
7673,4.0,6.0,2.0,24471.0,5-10,4495.0,10.9997145,Sector 54,3,0
7674,4.0,4.0,3.0,18840.0,5-10,3450.0,8.5,Sector 54,3,0
7675,4.0,5.0,4.0,30000.0,0-1,4000.0,12.0,Sector 54,5,1
7676,3.0,4.0,4.0,20967.0,1-5,3100.0,8.3,DLF Phase 5,3,0
7677,4.0,4.0,3.0,24358.0,5-10,3900.0,9.4,Sector 54,3,1
7678,4.0,4.0,3.0,17793.0,5-10,2810.0,5.7,DLF Phase 5,4,0
7679,4.0,4.0,4.0,20733.0,1-5,3979.0,8.25,DLF Phase 5,5,0
7680,3.0,3.0,4.0,15876.0,1-5,2047.0,3.25,Sector 67,4,0
7681,3.0,4.0,4.0,23758.0,5-10,2315.0,5.5,Sector 54,4,0
7682,4.0,4.0,2.0,8412.698412698413,0-1,3150.0,2.65,Sector 67,3,1
7683,5.0,5.0,4.0,25694.444444444445,0-1,3600.0,9.25,Sector 109,5,1
7684,3.0,4.0,2.0,15384.0,0-1,2275.0,3.5,DLF Phase 3,3,0
7685,4.0,3.0,2.0,12622.0,1-5,2250.0,2.84,South City 1,3,1
7686,3.0,3.0,3.0,15384.0,1-5,1950.0,3.0,Sector 66,6,0
7687,4.0,5.0,3.0,15714.0,1-5,2100.0,3.3,Sector 66,4,0
7688,2.0,2.0,2.0,18604.0,1-5,1484.0,1.6,Sector 67A,4,0
7689,4.0,5.0,3.0,19527.0,1-5,3175.0,6.2,Sector 66,6,0
7690,3.0,3.0,2.0,15384.0,1-5,1950.0,3.0,Sector 66,6,0
7691,3.0,4.0,4.0,12900.0,Under Construction,2937.0,3.79,Sector 76,5,0
7692,4.0,4.0,4.0,12000.0,Under Construction,3680.0,4.42,Sector 76,5,0
7693,3.0,3.0,4.0,10554.0,Under Construction,2937.0,3.1,Sector 76,5,0
7694,3.0,3.0,3.0,12533.0,Under Construction,1704.0,1.88,Sector 69,6,0
7695,3.0,3.0,3.0,14151.0,1-5,1720.0,1.55,Sector 83,4,1
7696,4.0,7.0,2.0,23602.0,1-5,4025.0,9.5,Sector 54,3,0
7697,4.0,6.0,2.0,26696.0,1-5,4495.0,11.999852,Sector 54,3,1
7698,9.0,9.0,3.0,28549.382716049386,10+,3240.0,9.25,South City 1,3,0
7699,3.0,3.0,2.0,14068.0,10+,1777.0,2.5,DLF Phase 4,3,0
7700,3.0,3.0,3.0,4239.0,1-5,1650.0,0.6995,Sector 48,2,1
7701,3.0,2.0,2.0,10402.0,1-5,1442.0,1.5,Sector 66,5,0
7702,3.0,3.0,2.0,18387.0,0-1,1550.0,2.85,Sushant Lok Phase 1,3,1
7703,3.0,3.0,2.0,28703.703703703704,10+,2160.0,6.2,South City 1,3,1
7704,4.0,4.0,4.0,16304.0,0-1,2300.0,3.75,Uppals Southend,2,1
7705,4.0,4.0,4.0,13750.0,0-1,2000.0,2.75,Sushant Lok Phase 2,4,1
7706,4.0,5.0,3.0,9937.0,1-5,2415.0,2.4,Sector 66,3,0
7707,4.0,4.0,4.0,20400.0,0-1,2500.0,5.1,DLF Phase 1,3,1
7708,3.0,3.0,2.0,8489.0,0-1,1920.0,2.0,Sector 67A,4,0
7709,4.0,4.0,2.0,13266.998341625207,0-1,3618.0,4.8,DLF Phase 2,3,1
7710,2.0,2.0,3.0,6967.0,5-10,1220.0,0.85,Sector 81,0,0
7711,2.0,2.0,3.0,10610.0,1-5,1508.0,1.6,Sector 70A,2,0
7712,3.0,3.0,4.0,9166.0,Under Construction,1200.0,1.1,Sector 79,5,1
7713,3.0,3.0,3.0,10963.0,Under Construction,1235.0,1.35,Sector 93,5,1
7714,3.0,3.0,2.0,10833.0,0-1,2400.0,2.6,Sector 49,2,1
7715,2.0,2.0,2.0,13550.0,1-5,1380.0,1.87,Sector 22,6,1
7716,3.0,3.0,2.0,10563.0,10+,1420.0,1.5,Civil Lines,2,1
7717,2.0,2.0,2.0,15059.0,Under Construction,1478.0,1.78,Sector 79,0,1
7718,1.0,1.0,1.0,7815.0,1-5,499.0,0.39,Sector 36A,1,1
7719,3.0,3.0,2.0,11500.0,1-5,2000.0,2.3,Sector 43,0,1
7720,2.0,2.0,1.0,6086.0,1-5,690.0,0.42,Sector 90,3,1
7721,2.0,2.0,1.0,8395.0,0-1,636.0,0.45,Sector 90,3,0
7722,3.0,2.0,1.0,16666.666666666668,5-10,900.0,1.5,Sector 7 Extension,2,1
7723,3.0,3.0,3.0,16531.0,5-10,1900.0,2.05,Sector 83,4,1
7724,3.0,3.0,1.0,8128.0,Under Construction,2153.0,1.75,Sector 48,2,1
7725,3.0,3.0,3.0,8666.0,5-10,2082.0,1.3,Sector 83,4,1
7726,3.0,4.0,4.0,8695.0,0-1,2300.0,2.0,Sector 83,6,1
7727,3.0,3.0,3.0,8270.0,Under Construction,1850.0,1.53,Sector 90,1,1
7728,4.0,4.0,2.0,14386.89685701638,10+,4518.0,6.5,Sector 17,4,1
7729,3.0,3.0,4.0,18352.0,Under Construction,2125.0,3.9,Sector 62,5,1
7730,3.0,3.0,3.0,9502.0,1-5,1789.0,1.7,Sector-33 Sohna,4,0
7731,3.0,4.0,4.0,13465.627214741318,Under Construction,1411.0,1.9,Sector-33 Sohna,2,0
7732,2.0,2.0,1.0,6521.0,1-5,690.0,0.45,Sector 90,3,1
7733,2.0,2.0,1.0,10576.0,1-5,800.0,0.55,Sector 67,3,1
7734,3.0,3.0,3.0,11533.0,1-5,1578.0,1.82,Sector 69,4,1
7735,2.0,2.0,1.0,10385.0,0-1,800.0,0.54,Sector 67,3,0
7736,2.0,2.0,1.0,10576.0,0-1,800.0,0.55,Sector 67,3,0
7737,2.0,2.0,1.0,5564.0,1-5,629.0,0.35,Sohna,6,0
7738,4.0,4.0,3.0,13428.0,0-1,3500.0,4.7,Greenwood City,2,1
7739,4.0,4.0,3.0,17428.0,0-1,3500.0,4.88,South City 1,3,1
7740,6.0,6.0,4.0,25833.0,10+,502.0,1.2968166,DLF Phase 1,3,1
7741,2.0,2.0,2.0,8539.0,Under Construction,1171.0,1.0,Sector 79,5,1
7742,1.0,1.0,1.0,5200.0,1-5,750.0,0.39,Sector 83,1,0
7743,3.0,4.0,4.0,9385.0,1-5,2003.0,1.88,Sector 108,4,0
7744,3.0,3.0,2.0,10333.0,0-1,1500.0,1.55,Sector 57,3,1
7745,3.0,3.0,3.0,8500.0,1-5,2000.0,1.7,Sector 102,5,0
7746,3.0,3.0,3.0,10011.0,1-5,1698.0,1.7,Sector 102,4,0
7747,3.0,2.0,2.0,6552.0,1-5,1755.0,1.15,Sector 83,4,0
7748,2.0,2.0,3.0,11643.0,1-5,1264.0,0.85,Sohna,2,0
7749,2.0,2.0,2.0,9166.0,1-5,1200.0,1.1,Sector 68,3,1
7750,4.0,4.0,3.0,10476.0,Under Construction,2100.0,2.2,Sector 113 Gurgaon,6,1
7751,4.0,4.0,2.0,12183.235867446394,0-1,3078.0,3.75,South City 2,3,1
7752,3.0,3.0,2.0,8444.444444444445,0-1,2250.0,1.9,Sector 63A,6,1
7753,3.0,4.0,4.0,13333.0,10+,1800.0,2.4,Sector 47,2,0
7754,2.0,2.0,2.0,7446.0,0-1,940.0,0.7,Sector 83,1,1
7755,3.0,4.0,4.0,9580.0,1-5,1931.0,1.85,Sector 102,6,0
7756,2.0,3.0,2.0,7389.0,1-5,1245.0,0.92,Sector 83,5,0
7757,3.0,4.0,4.0,13254.0,1-5,2452.0,3.25,Sector 67,4,1
7758,4.0,4.0,2.0,23456.79012345679,Under Construction,2430.0,5.7,DLF Phase 5,3,1
7759,4.0,5.0,4.0,11382.0,10+,2416.0,2.75,Sector 47,2,0
7760,4.0,4.0,4.0,18518.0,5-10,540.0,1.0,Malibu Town,2,1
7761,9.0,9.0,4.0,26250.0,1-5,2000.0,5.25,Sector 47,2,1
7762,3.0,3.0,3.0,9870.0,0-1,1935.0,1.91,Sushant Lok Phase 1,3,1
7763,3.0,3.0,3.0,8500.0,5-10,1600.0,1.36,Sector 45,3,1
7764,3.0,3.0,3.0,10937.0,1-5,1600.0,1.75,Sector 40,3,1
7765,3.0,3.0,3.0,11250.0,0-1,1600.0,1.8,South City 1,3,1
7766,4.0,4.0,4.0,13750.0,0-1,2000.0,2.75,Sushant Lok Phase 1,3,1
7767,4.0,4.0,2.0,5555.0,5-10,3240.0,1.8,Palam Vihar,2,1
7768,3.0,3.0,1.0,10561.892691170258,0-1,2367.0,2.5,Sector 38,2,1
7769,3.0,3.0,3.0,12700.0,Under Construction,1549.0,1.97,Sector 61,3,1
7770,2.0,2.0,2.0,8499.0,Under Construction,1106.0,0.94,Sector 89,5,1
7771,10.0,10.0,3.0,22598.870056497177,5-10,2655.0,6.0,Sector 39,2,1
7772,2.0,2.0,1.0,6041.0,0-1,629.0,0.38,Sohna,6,1
7773,4.0,4.0,2.0,7096.0,1-5,3100.0,2.2,Palam Vihar,2,1
7774,3.0,4.0,2.0,17222.222222222223,5-10,900.0,1.55,Sector 10,1,1
7775,3.0,3.0,2.0,25925.925925925927,5-10,540.0,1.4,Rosewood City,3,1
7776,10.0,10.0,4.0,30555.555555555555,1-5,900.0,2.75,Sector 57,3,1
7777,5.0,5.0,2.0,27777.777777777777,5-10,900.0,2.5,Sector 46,2,1
7778,3.0,3.0,2.0,9064.327485380118,1-5,1710.0,1.55,Sector 38,2,1
7779,2.0,2.0,3.0,9541.0,Under Construction,745.0,0.52,Sohna,4,1
7780,2.0,2.0,2.0,12658.0,1-5,1275.0,1.0,Sohna,4,1
7781,2.0,2.0,4.0,10091.0,0-1,745.0,0.55,Sohna,5,1
7782,3.0,2.0,4.0,10571.0,0-1,1081.0,0.74,Sohna,5,1
7783,3.0,2.0,3.0,18750.0,1-5,1230.0,1.5,Sector-33 Sohna,2,1
7784,3.0,3.0,4.0,20218.0,0-1,1789.0,1.85,Sector-33 Sohna,4,1
7785,3.0,3.0,4.0,18032.0,0-1,1789.0,1.65,Sector-33 Sohna,4,1
7786,3.0,5.0,2.0,23441.0,0-1,3498.0,8.2,Sector 62,4,0
7787,3.0,4.0,4.0,14179.0,0-1,2150.0,1.9,Sector 89 A,4,1
7788,3.0,2.0,4.0,10526.0,0-1,1210.0,0.9,Sohna,4,1
7789,3.0,4.0,4.0,13200.0,Under Construction,1929.0,1.65,Sector-33 Sohna,4,1
7790,2.0,2.0,4.0,11695.0,Under Construction,1385.0,1.0,Sector-33 Sohna,4,1
7791,2.0,2.0,4.0,11425.0,1-5,1457.0,0.97,Sohna,2,1
7792,2.0,2.0,3.0,11232.0,1-5,1264.0,0.82,Sohna,2,1
7793,2.0,2.0,3.0,10821.0,1-5,1264.0,0.79,Sohna,2,1
7794,2.0,2.0,2.0,12278.0,1-5,1275.0,0.97,Sohna,4,1
7795,5.0,7.0,4.0,19850.0,1-5,4937.0,9.8,Sector 62,4,0
7796,4.0,4.0,4.0,6617.0,0-1,4518.0,2.99,Sector 23,2,1
7797,4.0,4.0,4.0,7309.0,0-1,3078.0,2.25,Sector 23,2,1
7798,4.0,4.0,4.0,7342.0,0-1,3078.0,2.26,Sector 23,2,1
7799,3.0,3.0,3.0,8365.0,0-1,2367.0,1.98,Sector 23,2,1
7800,3.0,3.0,3.0,8660.0,0-1,1836.0,1.59,Sector 23,3,1
7801,4.0,5.0,2.0,12375.0,0-1,4000.0,4.95,DLF Phase 1,3,1
7802,2.0,2.0,2.0,10315.0,0-1,950.0,0.98,Sector 83,2,1
7803,2.0,2.0,2.0,7127.0,1-5,926.0,0.66,Sector 82,2,1
7804,3.0,3.0,2.0,14211.0,0-1,1935.0,2.75,Sushant Lok Phase 1,3,1
7805,5.0,6.0,3.0,13157.0,1-5,3800.0,5.0,Sector 108,3,0
7806,3.0,4.0,4.0,10178.0,1-5,1965.0,2.0,Sector 95,2,0
7807,2.0,2.0,2.0,9255.0,0-1,945.0,0.87,Sector 83,2,1
7808,2.0,2.0,3.0,9756.0,1-5,1640.0,1.6,Sector 85,4,0
7809,3.0,4.0,3.0,17801.0,5-10,2072.0,3.69,Sector 108,5,0
7810,3.0,4.0,4.0,8352.0,5-10,1760.0,1.47,Sector 106,6,0
7811,3.0,4.0,4.0,12464.0,1-5,2086.0,2.6,Sector 82A,4,0
7812,4.0,5.0,4.0,7421.0,1-5,2560.0,1.9,Sector 85,6,0
7813,3.0,4.0,2.0,7547.0,1-5,2120.0,1.6,Sector 85,6,0
7814,4.0,5.0,4.0,7226.0,1-5,2560.0,1.85,Sector 85,6,0
7815,3.0,4.0,2.0,7311.0,1-5,2120.0,1.55,Sector 85,6,0
7816,3.0,3.0,3.0,20061.0,1-5,3888.0,7.8,Sector 65,5,0
7817,3.0,3.0,4.0,8310.0,1-5,1865.0,1.55,Sector 70,3,0
7818,3.0,4.0,4.0,8000.0,1-5,2125.0,1.7,Sector 70,3,0
7819,3.0,3.0,4.0,8042.0,1-5,1865.0,1.5,Sector 70,3,0
7820,3.0,3.0,3.0,17382.0,1-5,2588.0,4.5,Sector 62,5,0
7821,4.0,5.0,4.0,18854.0,1-5,2864.0,5.4,sector 58,5,0
7822,2.0,2.0,3.0,8888.0,1-5,1380.0,0.8,Sector 37D,4,0
7823,3.0,4.0,3.0,6475.0,5-10,1853.0,1.2,Sector 78,3,0
7824,3.0,2.0,3.0,6630.0,5-10,1659.0,1.1,Sector 78,3,0
7825,3.0,3.0,3.0,11834.0,Under Construction,1690.0,2.0,Sector 79,3,0
7826,2.0,2.0,3.0,11543.0,Under Construction,1490.0,1.72,Sector 79,3,0
7827,3.0,4.0,4.0,11622.0,Under Construction,2366.0,2.75,Sector 79,3,0
7828,2.0,2.0,3.0,12828.0,Under Construction,1559.0,2.0,Sector 79,3,0
7829,2.0,2.0,3.0,11737.0,Under Construction,1491.0,1.75,Sector 79,3,0
7830,2.0,2.0,2.0,6631.0,1-5,1342.0,0.89,Sector 77,4,0
7831,3.0,4.0,2.0,8202.0,5-10,1853.0,1.52,Sector 78,3,0
7832,3.0,2.0,2.0,6618.0,5-10,1662.0,1.1,Sector 78,3,0
7833,2.0,2.0,2.0,7263.0,5-10,1239.0,0.9,Sector 78,3,0
7834,4.0,4.0,3.0,13806.0,1-5,3042.0,4.2,Sector 27,3,1
7835,3.0,3.0,2.0,11111.0,1-5,1800.0,2.0,Malibu Town,2,1
7836,3.0,3.0,2.0,10770.0,1-5,1764.0,1.9,Malibu Town,2,1
7837,4.0,4.0,2.0,11164.0,0-1,3762.0,4.2,Sushant Lok Phase 1,3,0
7838,4.0,4.0,2.0,12121.0,0-1,3300.0,4.0,DLF Phase 4,3,0
7839,4.0,4.0,2.0,6113.0,0-1,3762.0,2.3,Sector 57,3,0
7840,3.0,3.0,2.0,6250.0,0-1,2400.0,1.5,Sector 57,3,0
7841,4.0,4.0,2.0,12931.0,0-1,2900.0,3.75,DLF Phase 1,3,0
7842,4.0,4.0,2.0,12592.0,0-1,2700.0,3.4,Sushant Lok Phase 1,3,0
7843,4.0,4.0,2.0,9835.0,0-1,3762.0,3.7,Sushant Lok Phase 1,3,0
7844,4.0,4.0,2.0,6250.0,0-1,4400.0,2.75,Sector 50,3,0
7845,3.0,3.0,2.0,11428.0,0-1,2250.0,2.0,Sushant Lok Phase 1,3,0
7846,4.0,4.0,2.0,12592.0,0-1,2700.0,3.4,South City 1,3,0
7847,4.0,4.0,2.0,10000.0,Under Construction,4500.0,4.5,Sector 45,2,0
7848,4.0,4.0,2.0,7407.0,0-1,2700.0,2.0,Sector 50,3,0
7849,5.0,4.0,2.0,7600.0,0-1,5000.0,3.8,Sector 47,2,0
7850,4.0,4.0,3.0,9629.0,1-5,2700.0,2.6,Sector 50,3,1
7851,4.0,4.0,3.0,7777.0,1-5,2700.0,2.1,Sector 67A,5,1
7852,4.0,4.0,2.0,7407.0,1-5,2700.0,2.0,Sector 67A,1,0
7853,4.0,4.0,3.0,7082.0,1-5,4518.0,3.2,Sector 67,3,0
7854,4.0,5.0,2.0,10684.0,1-5,4842.0,3.9,South City 2,3,0
7855,4.0,4.0,2.0,9090.0,1-5,4518.0,3.0,Sector 50,3,0
7856,4.0,5.0,2.0,9523.0,1-5,4500.0,3.0,Sector 50,3,0
7857,3.0,3.0,2.0,12345.0,1-5,2160.0,2.0,Malibu Town,2,0
7858,4.0,4.0,2.0,12045.0,1-5,3100.0,2.65,Sector 49,2,0
7859,4.0,4.0,2.0,10030.0,0-1,3240.0,3.25,South City 1,3,0
7860,4.0,4.0,2.0,7407.0,1-5,2700.0,2.0,Sector 67A,1,0
7861,4.0,4.0,2.0,8333.0,0-1,2700.0,2.25,Sector 56,3,0
7862,4.0,4.0,2.0,12222.0,0-1,2250.0,2.75,DLF Phase 1,3,0
7863,3.0,3.0,2.0,13500.0,0-1,2000.0,2.7,DLF Phase 1,1,1
7864,3.0,3.0,2.0,11500.0,0-1,2000.0,2.3,DLF Phase 2,3,0
7865,4.0,4.0,2.0,7555.0,0-1,4500.0,3.4,South City 2,3,0
7866,3.0,3.0,2.0,9876.0,0-1,2430.0,2.4,Malibu Town,2,0
7867,4.0,4.0,2.0,10909.0,0-1,3300.0,3.6,Suncity,3,0
7868,4.0,4.0,2.0,8148.0,0-1,2700.0,2.2,Sector 55,3,0
7869,4.0,4.0,2.0,9481.0,1-5,3375.0,3.2,Sector 50,3,0
7870,3.0,3.0,2.0,12972.0,1-5,1850.0,2.4,Sector 28,3,0
7871,4.0,4.0,3.0,8888.888888888889,0-1,4500.0,4.0,Uppals Southend,2,0
7872,4.0,4.0,3.0,8888.888888888889,0-1,4500.0,4.0,South City 2,3,1
7873,4.0,4.0,3.0,11164.27432216906,0-1,3762.0,4.2,Sushant Lok Phase 1,3,1
7874,4.0,4.0,3.0,7777.777777777777,0-1,2700.0,2.1,Sector 67,3,1
7875,2.0,2.0,3.0,10000.0,1-5,1550.0,1.55,Sector 104,6,0
7876,3.0,3.0,4.0,11346.0,1-5,2450.0,2.78,Sector 104,6,0
7877,3.0,3.0,4.0,11428.0,1-5,2450.0,2.8,Sector 104,6,0
7878,5.0,5.0,3.0,8619.0,1-5,4478.0,3.86,Sector 55,3,1
7879,4.0,4.0,2.0,8921.0,1-5,2578.0,2.3,Sector 57,3,1
7880,2.0,2.0,3.0,11677.0,1-5,942.0,1.1,Nirvana Country,3,1
7881,2.0,2.0,2.0,11111.0,Under Construction,1215.0,1.35,Sector 102,4,0
7882,2.0,2.0,3.0,11330.0,Under Construction,1368.0,1.55,Sector 102,4,0
7883,3.0,3.0,4.0,10597.0,Under Construction,1689.0,1.95,Sector 104,5,0
7884,3.0,2.0,3.0,10890.0,Under Construction,1359.0,1.59,Sector 104,5,0
7885,3.0,2.0,3.0,10511.0,Under Construction,1389.0,1.59,Sector 104,5,0
7886,2.0,2.0,3.0,9199.0,Under Construction,1099.0,1.01,Sector 104,5,0
7887,4.0,4.0,4.0,6944.0,1-5,3600.0,2.5,Sector 49,2,0
7888,3.0,3.0,3.0,10775.0,Under Construction,1689.0,1.82,Sector 104,5,0
7889,3.0,3.0,3.0,13366.0,1-5,2237.0,2.99,Sector 111,4,0
7890,4.0,4.0,4.0,12200.0,1-5,4500.0,5.49,Sector 111,4,0
7891,3.0,3.0,2.0,16764.0,1-5,1700.0,2.85,Sector 111,4,0
7892,3.0,5.0,2.0,12053.0,0-1,3725.0,4.49,Sector 112,4,0
7893,3.0,3.0,3.0,13597.0,0-1,2802.0,3.81,Sector 112,4,0
7894,2.0,2.0,2.0,11839.0,0-1,2441.0,2.89,Sector 112,4,0
7895,2.0,2.0,1.0,19590.0,0-1,2441.0,2.89,Sector 112,4,0
7896,3.0,2.0,2.0,16618.0,Under Construction,1389.0,1.47,Sector 104,5,1
7897,3.0,2.0,2.0,17285.0,Under Construction,1359.0,1.49,Sector 104,5,0
7898,4.0,4.0,4.0,16429.0,Under Construction,1473.0,2.42,Sector 102,4,1
7899,3.0,3.0,3.0,19060.0,Under Construction,1852.0,2.15,Sector 102,4,0
7900,2.0,2.0,2.0,18166.0,Under Construction,915.0,1.07,Sector 102,4,0
7901,4.0,4.0,2.0,12962.0,0-1,2160.0,2.8,South City 1,3,1
7902,3.0,3.0,2.0,10802.0,0-1,1620.0,1.75,South City 1,3,1
7903,4.0,4.0,2.0,12418.0,0-1,3060.0,3.8,DLF Phase 2,2,1
7904,4.0,4.0,2.0,16190.0,10+,2100.0,3.4,DLF Phase 2,3,0
7905,4.0,4.0,2.0,13142.0,10+,1750.0,2.3,DLF Phase 2,5,0
7906,3.0,3.0,2.0,12868.0,1-5,1935.0,2.49,DLF Phase 2,3,1
7907,4.0,4.0,2.0,14703.0,1-5,2700.0,3.97,DLF Phase 2,3,1
7908,3.0,3.0,2.0,16000.0,0-1,1500.0,2.4,DLF Phase 1,6,1
7909,4.0,5.0,4.0,13050.0,1-5,2950.0,3.85,Sector 111,4,0
7910,2.0,2.0,3.0,7741.0,1-5,1550.0,1.45,Sector 104,6,1
7911,1.0,1.0,2.0,7855.0,1-5,359.0,0.2825,Sector 103,2,1
7912,1.0,1.0,2.0,7875.0,1-5,361.0,0.285,Sector 103,2,1
7913,1.0,2.0,2.0,8055.0,0-1,360.0,0.29,Sector 103,2,1
7914,4.0,4.0,4.0,13833.0,5-10,3000.0,4.15,Nirvana Country,5,0
7915,3.0,4.0,4.0,13156.0,5-10,2531.0,3.33,Nirvana Country,4,0
7916,1.0,1.0,2.0,6748.0,1-5,489.0,0.33,Sector 103,2,1
7917,3.0,4.0,4.0,11407.0,1-5,2150.0,2.05,Sector 109,4,0
7918,2.0,2.0,1.0,6575.0,1-5,730.0,0.48,Sector 103,2,1
7919,2.0,2.0,1.0,7000.0,1-5,700.0,0.49,Sector 103,2,1
7920,1.0,2.0,1.0,6646.0,1-5,489.0,0.325,Sector 103,2,1
7921,1.0,1.0,2.0,7549.0,1-5,351.0,0.265,Sector 103,2,1
7922,1.0,1.0,2.0,7777.0,1-5,360.0,0.28,Sector 103,2,1
7923,3.0,3.0,3.0,12018.0,5-10,1997.0,2.4,Nirvana Country,5,0
7924,1.0,2.0,2.0,7875.0,1-5,419.0,0.33,Sector 103,2,1
7925,1.0,1.0,2.0,6952.0,1-5,489.0,0.34,Sector 103,2,1
7926,1.0,1.0,2.0,6748.0,1-5,489.0,0.33,Sector 103,2,1
7927,2.0,2.0,3.0,7808.0,0-1,1264.0,0.57,Sohna,2,0
7928,2.0,1.0,3.0,4399.0,Under Construction,745.0,0.3279999999999999,Sohna,4,1
7929,2.0,2.0,3.0,7808.0,0-1,1264.0,0.57,Sohna,2,0
7930,4.0,5.0,4.0,3864.0,Under Construction,2407.0,0.93,Sector-33 Sohna,5,0
7931,2.0,2.0,3.0,4469.0,Under Construction,951.0,0.425,Sector 36 Sohna,1,1
7932,3.0,2.0,3.0,4488.0,Under Construction,1081.0,0.4851,Sector 36 Sohna,0,1
7933,3.0,3.0,4.0,3837.0,Under Construction,1590.0,0.61,Sector-33 Sohna,5,0
7934,4.0,5.0,4.0,3823.0,Under Construction,2407.0,0.92,Sector-33 Sohna,5,0
7935,3.0,2.0,3.0,5580.0,Under Construction,1120.0,0.625,Sohna,4,1
7936,3.0,3.0,0.0,3837.0,Under Construction,1590.0,0.61,Sector-33 Sohna,5,0
7937,2.0,2.0,3.0,5392.0,1-5,1020.0,0.55,Sohna,4,1
7938,2.0,2.0,3.0,3750.0,Under Construction,1200.0,0.45,Sector-2 Sohna,3,0
7939,2.0,2.0,4.0,3395.061728395062,Under Construction,1620.0,0.55,Sector-33 Sohna,5,1
7940,2.0,2.0,1.0,3608.0,Under Construction,1275.0,0.46,Sohna,3,0
7941,3.0,4.0,4.0,9022.22222222222,Under Construction,2250.0,2.03,Sector-33 Sohna,5,1
7942,2.0,2.0,3.0,4575.0,Under Construction,1093.0,0.5,Sector-33 Sohna,5,0
7943,1.0,1.0,1.0,5257.0,Under Construction,837.0,0.44,Sohna,4,1
7944,2.0,2.0,1.0,5051.0,Under Construction,1188.0,0.6,Sector-33 Sohna,5,0
7945,2.0,1.0,3.0,4292.0,Under Construction,745.0,0.32,Sohna,4,1
7946,3.0,2.0,4.0,4420.0,Under Construction,1153.0,0.51,Sohna,4,0
7947,2.0,1.0,3.0,4426.0,Under Construction,745.0,0.33,Sohna,4,0
7948,3.0,2.0,4.0,3900.0,0-1,1153.0,0.45,Sohna,4,1
7949,2.0,2.0,3.0,4666.0,Under Construction,1093.0,0.51,Sector-33 Sohna,5,0
7950,3.0,2.0,4.0,4377.0,0-1,1210.0,0.53,Sohna,4,1
7951,2.0,1.0,3.0,4426.0,Under Construction,745.0,0.33,Sohna,4,1
7952,2.0,2.0,2.0,3541.0,Under Construction,1271.0,0.45,Sector 82,4,1
7953,2.0,2.0,2.0,11500.0,0-1,1400.0,1.65,Sector 74,6,1
7954,4.0,6.0,4.0,25025.0,1-5,4995.0,12.4999875,Sector 65,4,1
7955,3.0,3.0,2.0,8715.0,Under Construction,1526.0,1.33,Sector 93,4,1
7956,3.0,3.0,3.0,17857.0,Under Construction,2100.0,3.75,Sector 59,6,1
7957,3.0,3.0,2.0,12916.0,Under Construction,1200.0,1.55,Sector 93,4,1
7958,3.0,4.0,4.0,12920.0,1-5,1760.0,1.46,Sector 106,6,1
7959,3.0,4.0,2.0,12500.0,Under Construction,1200.0,1.5,Sector 93,4,1
7960,5.0,5.0,4.0,11597.0,1-5,3880.0,4.5,Sector 110,6,0
7961,4.0,4.0,4.0,11492.0,1-5,3350.0,3.85,Sector 110,6,0
7962,5.0,5.0,4.0,12054.0,1-5,3880.0,4.46,Sector 110,6,0
7963,3.0,3.0,3.0,9500.0,1-5,2000.0,1.9,Sector 102,4,0
7964,3.0,3.0,3.0,9666.0,0-1,1500.0,1.45,Sector 92,4,0
7965,4.0,4.0,4.0,9423.0,0-1,2600.0,2.45,Sector 92,4,1
7966,4.0,4.0,3.0,9500.0,0-1,3100.0,2.94,Sector 92,4,1
7967,3.0,3.0,3.0,12000.0,Under Construction,1640.0,1.98,Sector 76,5,1
7968,4.0,4.0,3.0,16666.0,Under Construction,2700.0,4.5,DLF Phase 2,0,1
7969,3.0,3.0,3.0,13000.0,1-5,2100.0,2.75,Sector 81,5,0
7970,4.0,4.0,3.0,14705.0,0-1,2844.0,3.3,DLF Phase 3,6,0
7971,4.0,4.0,3.0,6400.0,0-1,4500.0,2.88,Sector 92,4,0
7972,4.0,4.0,3.0,6962.0,0-1,2700.0,1.88,Sector 92,4,0
7973,4.0,4.0,3.0,6790.0,0-1,2430.0,1.65,Sector 92,4,0
7974,4.0,4.0,3.0,11923.0,0-1,1300.0,1.55,Sector 92,4,0
7975,3.0,3.0,3.0,7777.777777777777,0-1,1800.0,1.4,Sector 92,4,0
7976,4.0,4.0,3.0,6785.0,0-1,2800.0,1.9,Sector 92,4,0
7977,3.0,3.0,3.0,9090.0,1-5,1650.0,1.5,Sector 102,4,0
7978,3.0,3.0,3.0,9393.0,1-5,1650.0,1.55,Sector 102,4,0
7979,3.0,2.0,3.0,6432.0,1-5,1710.0,1.1,Sector 103,2,0
7980,2.0,2.0,2.0,5555.0,1-5,1350.0,0.75,Sector 103,2,0
7981,2.0,2.0,1.0,4549.0,1-5,1099.0,0.5,Sector 103,4,0
7982,3.0,4.0,4.0,5495.0,1-5,2020.0,1.11,Sector 103,4,0
7983,3.0,4.0,4.0,5524.0,1-5,1991.0,1.1,Sector 103,4,0
7984,3.0,4.0,3.0,10501.0,1-5,2095.0,2.2,Sector 109,4,0
7985,3.0,3.0,4.0,10028.0,1-5,1745.0,1.75,Sector 109,4,0
7986,2.0,2.0,4.0,10000.0,1-5,1550.0,1.55,Sector 104,6,0
7987,2.0,3.0,4.0,10000.0,1-5,1700.0,1.7,Sector 104,6,0
7988,2.0,2.0,4.0,7797.0,1-5,1385.0,1.08,Sector 103,4,0
7989,2.0,2.0,4.0,8081.0,1-5,1423.0,1.15,Sector 103,4,0
7990,3.0,4.0,4.0,8987.0,1-5,2025.0,1.82,Sector 102,4,0
7991,3.0,4.0,1.0,9086.0,1-5,2025.0,1.84,Sector 102,4,0
7992,3.0,4.0,4.0,8888.0,1-5,2025.0,1.8,Sector 102,4,0
7993,4.0,5.0,3.0,12777.777777777776,0-1,3600.0,4.6,Sushant Lok Phase 1,3,1
7994,4.0,4.0,2.0,14689.0,5-10,1770.0,2.6,DLF Phase 5,4,0
7995,3.0,2.0,3.0,19166.666666666668,5-10,1800.0,3.45,DLF Phase 1,3,0
7996,3.0,3.0,2.0,12328.0,5-10,1460.0,1.8,DLF Phase 4,2,0
7997,2.0,3.0,4.0,5172.0,1-5,1450.0,0.75,Sector 103,4,0
7998,3.0,3.0,3.0,12362.0,5-10,1820.0,2.25,Sector 49,2,0
7999,4.0,5.0,4.0,16475.0,Under Construction,3842.0,6.33,Sector 62,3,1
8000,3.0,3.0,2.0,9065.0,Under Construction,1423.0,1.29,Sector 89,5,0
8001,3.0,3.0,2.0,9135.0,Under Construction,1423.0,1.3,Sector 89,5,0
8002,4.0,6.0,3.0,16150.0,10+,3715.0,6.5,Sector 47,4,0
8003,3.0,4.0,3.0,12973.0,0-1,2690.0,3.49,Sector 113 Gurgaon,5,0
8004,3.0,4.0,3.0,12973.0,0-1,2690.0,3.49,Sector 113 Gurgaon,5,0
8005,3.0,4.0,3.0,13035.0,0-1,2217.0,2.89,Sector 113 Gurgaon,5,0
8006,3.0,4.0,3.0,12990.0,0-1,2217.0,2.88,Sector 113 Gurgaon,5,0
8007,5.0,5.0,4.0,22222.222222222223,1-5,4500.0,10.0,Sector 109,6,0
8008,5.0,5.0,4.0,23611.11111111111,1-5,3600.0,8.5,Sector 109,6,0
8009,4.0,4.0,3.0,14269.0,Under Construction,2670.0,3.81,Sector 111,2,0
8010,4.0,4.0,3.0,14202.0,Under Construction,2570.0,3.65,Sector 111,2,0
8011,4.0,4.0,3.0,14280.0,Under Construction,2570.0,3.67,Sector 111,2,0
8012,4.0,4.0,3.0,14208.0,Under Construction,2400.0,3.41,Sector 111,2,0
8013,4.0,4.0,3.0,14291.0,Under Construction,2400.0,3.43,Sector 111,2,0
8014,4.0,4.0,3.0,14229.0,Under Construction,2305.0,3.28,Sector 111,2,0
8015,3.0,3.0,3.0,14285.0,Under Construction,2170.0,3.1,Sector 111,2,0
8016,3.0,3.0,3.0,14278.0,Under Construction,2080.0,2.97,Sector 111,2,0
8017,3.0,3.0,3.0,14248.0,Under Construction,1895.0,2.7,Sector 111,2,0
8018,3.0,3.0,3.0,14246.0,Under Construction,1825.0,2.6,Sector 111,2,0
8019,3.0,3.0,3.0,14234.0,Under Construction,1665.0,2.37,Sector 111,2,0
8020,3.0,3.0,3.0,14294.0,Under Construction,1665.0,2.38,Sector 111,2,0
8021,3.0,3.0,3.0,14330.0,Under Construction,1605.0,2.3,Sector 111,2,0
8022,4.0,6.0,4.0,13572.0,1-5,4848.0,6.58,Sector 112,4,0
8023,3.0,5.0,2.0,13694.0,1-5,3600.0,4.93,Sector 112,4,0
8024,3.0,5.0,2.0,13685.0,1-5,3763.0,5.15,Sector 112,4,0
8025,5.0,7.0,4.0,7583.0,1-5,4747.0,3.6,Sector 108,4,0
8026,4.0,5.0,4.0,10978.0,0-1,3188.0,3.5,Sector 102,4,0
8027,4.0,5.0,3.0,9010.0,0-1,4750.0,4.28,Sector 102,4,0
8028,2.0,2.0,3.0,12428.0,0-1,1573.0,1.96,Sector 113 Gurgaon,5,0
8029,2.0,2.0,3.0,12403.0,0-1,1573.0,1.95,Sector 113 Gurgaon,5,0
8030,2.0,2.0,2.0,12539.0,0-1,1276.0,1.6,Sector 113 Gurgaon,5,0
8031,2.0,2.0,2.0,12382.0,0-1,1276.0,1.58,Sector 113 Gurgaon,5,0
8032,2.0,2.0,3.0,12480.0,0-1,1330.0,1.66,Sector 113 Gurgaon,5,0
8033,2.0,2.0,3.0,12396.0,0-1,1573.0,1.95,Sector 113 Gurgaon,5,0
8034,2.0,2.0,3.0,12481.0,0-1,1330.0,1.66,Sector 113 Gurgaon,5,0
8035,2.0,2.0,2.0,12460.0,0-1,1276.0,1.59,Sector 113 Gurgaon,5,0
8036,2.0,2.0,2.0,12460.0,0-1,1276.0,1.59,Sector 113 Gurgaon,5,0
8037,3.0,2.0,2.0,12412.0,0-1,1579.0,1.96,Sector 113 Gurgaon,5,0
8038,2.0,2.0,3.0,12396.0,0-1,1573.0,1.95,Sector 113 Gurgaon,5,0
8039,3.0,3.0,4.0,8181.0,0-1,2200.0,1.8,Sector 102,5,1
8040,2.0,2.0,2.0,12460.0,0-1,1573.0,1.96,Sector 113 Gurgaon,5,0
8041,3.0,3.0,3.0,12476.0,0-1,1579.0,1.97,Sector 113 Gurgaon,5,0
8042,2.0,2.0,2.0,12460.0,0-1,1276.0,1.59,Sector 113 Gurgaon,5,0
8043,2.0,2.0,2.0,12481.0,0-1,1330.0,1.66,Sector 113 Gurgaon,5,0
8044,2.0,2.0,3.0,12405.0,0-1,1330.0,1.65,Sector 113 Gurgaon,5,0
8045,3.0,2.0,2.0,12475.0,0-1,1579.0,1.97,Sector 113 Gurgaon,5,0
8046,3.0,2.0,2.0,12475.0,0-1,1579.0,1.97,Sector 113 Gurgaon,5,0
8047,4.0,4.0,4.0,14933.0,Under Construction,2250.0,3.36,Sector 113 Gurgaon,5,0
8048,4.0,4.0,4.0,14878.0,Under Construction,2050.0,3.05,Sector 113 Gurgaon,5,0
8049,4.0,4.0,4.0,14844.0,Under Construction,2250.0,3.34,Sector 113 Gurgaon,5,0
8050,4.0,6.0,2.0,14222.0,0-1,4500.0,6.4,Sector 111,4,0
8051,3.0,4.0,3.0,13073.0,Under Construction,2050.0,2.68,Sector 113 Gurgaon,1,0
8052,3.0,3.0,3.0,13243.0,Under Construction,1850.0,2.45,Sector 113 Gurgaon,1,0
8053,2.0,2.0,3.0,13260.0,Under Construction,1380.0,1.83,Sector 113 Gurgaon,1,0
8054,4.0,4.0,3.0,13269.0,Under Construction,2600.0,3.45,Sector 113 Gurgaon,1,0
8055,3.0,4.0,3.0,13234.0,Under Construction,2025.0,2.68,Sector 113 Gurgaon,1,0
8056,3.0,3.0,3.0,13243.0,Under Construction,1850.0,2.45,Sector 113 Gurgaon,1,0
8057,2.0,2.0,3.0,13260.0,Under Construction,1380.0,1.83,Sector 113 Gurgaon,1,0
8058,4.0,6.0,2.0,7301.0,1-5,3150.0,2.3,Sector 109,4,0
8059,3.0,4.0,3.0,16476.0,1-5,2100.0,3.46,Sector 111,4,0
8060,3.0,3.0,1.0,17352.0,1-5,1700.0,2.95,Sector 111,4,0
8061,4.0,4.0,4.0,14975.0,Under Construction,2050.0,3.07,Sector 113 Gurgaon,5,0
8062,4.0,4.0,4.0,14888.0,Under Construction,2250.0,3.35,Sector 113 Gurgaon,5,0
8063,2.0,2.0,4.0,15076.0,Under Construction,1300.0,1.96,Sector 113 Gurgaon,5,0
8064,3.0,3.0,3.0,14954.0,Under Construction,1665.0,2.49,Sector 113 Gurgaon,5,0
8065,2.0,2.0,4.0,14885.0,Under Construction,1310.0,1.95,Sector 113 Gurgaon,5,0
8066,4.0,4.0,4.0,14793.0,Under Construction,2055.0,3.04,Sector 113 Gurgaon,5,0
8067,3.0,3.0,4.0,14954.0,Under Construction,1665.0,2.49,Sector 113 Gurgaon,5,0
8068,4.0,4.0,4.0,14900.0,Under Construction,2255.0,3.36,Sector 113 Gurgaon,5,0
8069,2.0,2.0,4.0,14961.0,Under Construction,1310.0,1.96,Sector 113 Gurgaon,5,0
8070,3.0,5.0,3.0,31807.0,1-5,3518.0,11.1897026,Sector 54,5,0
8071,2.0,2.0,4.0,14961.0,Under Construction,1310.0,1.96,Sector 113 Gurgaon,5,0
8072,4.0,4.0,4.0,14841.0,Under Construction,2055.0,3.05,Sector 113 Gurgaon,5,0
8073,3.0,3.0,3.0,14954.0,Under Construction,1665.0,2.49,Sector 113 Gurgaon,5,0
8074,4.0,4.0,4.0,14944.0,Under Construction,2255.0,3.37,Sector 113 Gurgaon,5,0
8075,2.0,2.0,3.0,17958.0,Under Construction,1381.0,2.48,Sector 108,5,0
8076,3.0,3.0,3.0,11825.0,Under Construction,1852.0,2.19,Sector 102,4,0
8077,3.0,4.0,2.0,17945.0,Under Construction,2072.0,3.72,Sector 108,5,0
8078,3.0,3.0,3.0,17982.0,Under Construction,2002.0,3.6,Sector 108,5,0
8079,3.0,3.0,3.0,17884.0,Under Construction,1711.0,3.06,Sector 108,5,0
8080,4.0,4.0,3.0,17968.0,Under Construction,2343.0,4.21,Sector 108,5,0
8081,4.0,4.0,2.0,6801.0,Under Construction,2720.0,1.85,Sector 84,1,0
8082,3.0,3.0,3.0,7076.0,5-10,1950.0,1.38,Sector 79,0,0
8083,4.0,4.0,4.0,21111.11111111111,0-1,4500.0,9.5,Sector 33,2,1
8084,3.0,4.0,3.0,18333.33333333333,10+,900.0,1.65,Sector 23A,2,1
8085,4.0,4.0,0.0,12869.352869352868,10+,4095.0,5.27,Sector 23A,2,1
8086,1.0,1.0,0.0,18771.56659765356,10+,1449.0,2.72,Sector 22B,3,1
8087,3.0,3.0,2.0,10476.0,0-1,2100.0,2.2,Sector-33 Sohna,4,0
8088,3.0,3.0,2.0,11764.0,1-5,2550.0,3.0,Sector 48,2,0
8089,4.0,3.0,3.0,8571.42857142857,5-10,3150.0,2.7,Sector 65,6,1
8090,2.0,2.0,1.0,9567.0,5-10,1202.0,1.15,Sector 63,1,1
8091,3.0,3.0,2.0,12352.0,5-10,2550.0,3.15,Sector 48,2,0
8092,4.0,4.0,4.0,15000.0,Under Construction,2500.0,3.75,Sector 104,5,0
8093,2.0,2.0,2.0,6677.0,0-1,1872.0,1.25,Sector 22,2,1
8094,2.0,2.0,2.0,5381.0,5-10,1115.0,0.6,Sector 85,3,0
8095,3.0,3.0,2.0,8080.0,5-10,1485.0,1.2,Sector 71,5,0
8096,4.0,4.0,3.0,11772.0,5-10,2336.0,2.75,Sector 48,5,0
8097,3.0,3.0,0.0,13307.33609553985,10+,4103.0,5.46,Sector 23A,2,1
8098,2.0,2.0,1.0,6086.0,0-1,690.0,0.42,Sector 90,3,0
8099,3.0,3.0,4.0,6734.0,5-10,1485.0,1.0,Sector 71,5,0
8100,3.0,3.0,2.0,10269.0,Under Construction,1704.0,1.75,Sector 69,6,0
8101,4.0,4.0,3.0,11350.0,Under Construction,2599.0,2.95,Sector 85,4,0
8102,4.0,4.0,3.0,17105.0,5-10,3800.0,6.5,Sector 66,6,0
8103,2.0,2.0,4.0,7059.0,1-5,1615.0,1.14,Sector 90,3,0
8104,2.0,2.0,2.0,10416.0,0-1,1296.0,1.35,Sector 67A,4,0
8105,3.0,3.0,2.0,8600.0,1-5,1744.0,1.5,Sector 90,3,0
8106,2.0,2.0,2.0,16906.0,0-1,1508.0,2.55,Sector 62,5,0
8107,3.0,3.0,2.0,8287.0,1-5,1810.0,1.5,Sector 81,5,0
8108,4.0,4.0,2.0,7555.555555555556,0-1,2250.0,1.7,Sector 92,4,0
8109,4.0,4.0,2.0,10588.0,0-1,1700.0,1.8,Sector 92,4,0
8110,3.0,3.0,2.0,6827.0,Under Construction,1450.0,1.2,Sector 83,1,0
8111,3.0,3.0,3.0,14112.0,1-5,1900.0,1.75,Sector 83,4,0
8112,3.0,4.0,4.0,10025.0,1-5,1995.0,2.0,Sector 92,4,0
8113,3.0,3.0,4.0,10222.222222222224,0-1,2250.0,2.3,Sector 50,3,0
8114,2.0,2.0,2.0,10000.0,10+,1800.0,1.0,Sector 57,3,1
8115,3.0,3.0,4.0,7894.0,1-5,1900.0,1.5,Sector 70A,5,0
8116,4.0,4.0,2.0,19310.0,0-1,1450.0,2.8,Sector 57,3,1
8117,2.0,2.0,4.0,5734.0,Under Construction,1430.0,0.82,Sector 92,4,0
8118,2.0,2.0,4.0,6075.0,Under Construction,1190.0,0.723,Sector 92,4,0
8119,4.0,4.0,4.0,7511.0,0-1,2250.0,1.69,Sector 92,4,1
8120,3.0,5.0,3.0,8012.0,0-1,1997.0,1.6,Sector 99A,5,0
8121,3.0,3.0,4.0,17623.0,1-5,2979.0,5.25,Sector 65,5,0
8122,3.0,3.0,4.0,11200.0,1-5,1815.0,1.4,Sector 90,3,0
8123,3.0,3.0,3.0,7812.0,1-5,1920.0,1.9,Sector 92,4,0
8124,4.0,4.0,3.0,23666.0,1-5,3890.0,7.1,Sector 62,4,0
8125,1.0,1.0,1.0,5502.0,0-1,418.0,0.23,Sector 90,3,0
8126,4.0,4.0,4.0,8126.0,1-5,2215.0,1.8,Sector 90,3,0
8127,3.0,3.0,2.0,6571.0,1-5,1750.0,1.15,Sector 84,5,0
8128,2.0,2.0,2.0,7059.0,1-5,594.0,0.42,Sector 93,3,1
8129,4.0,4.0,3.0,11750.0,0-1,2812.0,2.35,Sector 85,4,0
8130,3.0,3.0,3.0,16071.0,0-1,1400.0,2.25,Sushant Lok Phase 1,3,1
8131,3.0,4.0,3.0,15000.0,0-1,1400.0,2.1,Sushant Lok Phase 1,3,1
8132,4.0,5.0,3.0,17187.0,Under Construction,3200.0,5.5,Sushant Lok Phase 1,3,1
8133,4.0,4.0,3.0,13541.0,Under Construction,2400.0,3.25,Sushant Lok Phase 1,3,1
8134,3.0,3.0,3.0,18571.0,0-1,1400.0,2.6,DLF Phase 1,3,1
8135,4.0,4.0,3.0,15625.0,0-1,2400.0,3.75,DLF Phase 1,3,0
8136,4.0,4.0,2.0,15714.0,0-1,3500.0,5.5,DLF Phase 1,3,0
8137,3.0,3.0,2.0,19642.0,0-1,1600.0,2.75,DLF Phase 1,3,1
8138,4.0,4.0,2.0,12962.0,0-1,2700.0,3.5,DLF Phase 4,3,1
8139,4.0,5.0,4.0,11739.0,0-1,2300.0,2.7,Sushant Lok Phase 1,3,0
8140,4.0,4.0,3.0,30555.555555555555,1-5,540.0,1.65,Sushant Lok Phase 1,3,1
8141,3.0,3.0,2.0,20588.0,0-1,1700.0,3.5,DLF Phase 1,3,1
8142,4.0,4.0,2.0,22826.0,0-1,2300.0,5.25,DLF Phase 2,3,1
8143,3.0,3.0,2.0,14062.0,0-1,1600.0,2.25,Sushant Lok Phase 1,3,1
8144,4.0,4.0,2.0,22000.0,0-1,2500.0,5.5,Sushant Lok Phase 1,3,1
8145,4.0,4.0,2.0,17045.0,0-1,2200.0,3.75,Sushant Lok Phase 1,3,1
8146,3.0,3.0,2.0,12375.0,0-1,1600.0,1.98,Sushant Lok Phase 1,3,1
8147,4.0,4.0,2.0,19375.0,0-1,2400.0,4.65,DLF Phase 1,3,1
8148,3.0,4.0,2.0,16060.0,0-1,1650.0,2.65,Sushant Lok Phase 1,3,1
8149,3.0,3.0,1.0,12500.0,10+,1800.0,2.25,DLF Phase 2,2,1
8150,1.0,1.0,1.0,5263.0,0-1,418.0,0.22,Sector 90,3,1
8151,4.0,5.0,2.0,9532.0,0-1,2675.0,2.55,Sector 79,3,0
8152,3.0,3.0,3.0,8337.0,0-1,2015.0,1.68,Sector 79,3,0
8153,3.0,4.0,3.0,8465.0,0-1,2150.0,1.82,Sector 79,3,0
8154,2.0,1.0,2.0,11111.0,10+,900.0,1.0,Sector 56,3,1
8155,2.0,2.0,2.0,9375.0,5-10,800.0,0.75,Sector 56,3,0
8156,3.0,3.0,4.0,7692.0,1-5,1755.0,1.35,Sector 90,3,0
8157,2.0,2.0,2.0,6889.0,5-10,929.0,0.64,Sector 82,4,0
8158,2.0,2.0,3.0,8666.0,0-1,1350.0,1.17,Sohna,2,1
8159,3.0,3.0,2.0,7200.0,10+,1575.0,1.5,Sector 52,2,1
8160,4.0,4.0,2.0,12162.0,0-1,1850.0,2.25,Sector 45,3,1
8161,3.0,3.0,3.0,11333.0,0-1,1500.0,1.7,Sector 46,3,1
8162,6.0,4.0,2.0,24509.803921568626,5-10,1836.0,4.5,Sector 46,2,1
8163,4.0,4.0,2.0,23420.47930283225,5-10,1836.0,4.3,Sector 45,3,1
8164,3.0,3.0,2.0,8846.0,0-1,1300.0,1.15,Sector 57,3,1
8165,3.0,3.0,4.0,15163.0,1-5,1490.0,1.31,Sector 79,5,0
8166,3.0,3.0,1.0,8846.0,5-10,1300.0,1.15,Sector 52,2,1
8167,3.0,3.0,2.0,7027.0,10+,1850.0,1.3,Sector 55,3,1
8168,2.0,2.0,2.0,7333.0,10+,1050.0,0.77,Sector 52,2,1
8169,3.0,3.0,3.0,11333.0,0-1,1500.0,1.7,Sector 51,3,1
8170,3.0,3.0,3.0,8519.0,1-5,1702.0,1.45,Sector 90,3,0
8171,4.0,4.0,4.0,6961.0,Under Construction,2672.0,1.86,Sector 92,4,0
8172,3.0,2.0,4.0,6481.0,Under Construction,1620.0,1.05,Sector 92,4,0
8173,3.0,2.0,4.0,6172.0,Under Construction,1620.0,1.0,Sector 92,4,0
8174,4.0,4.0,4.0,7452.0,0-1,2200.0,1.64,Sector 91,1,0
8175,4.0,4.0,4.0,7516.0,0-1,2700.0,1.99,Sector 92,4,0
8176,4.0,4.0,4.0,7856.0,0-1,2200.0,1.65,Sector 92,4,0
8177,4.0,4.0,3.0,7716.0,1-5,3434.0,2.65,Sector 84,4,0
8178,2.0,2.0,2.0,6854.0,1-5,569.0,0.39,Sector 95A,5,1
8179,4.0,4.0,4.0,9400.0,1-5,1950.0,1.6,Sector 77,4,0
8180,2.0,2.0,2.0,3580.246913580247,0-1,1620.0,0.58,Sector 83,2,1
8181,4.0,5.0,4.0,7112.0,0-1,2812.0,2.0,Sector 85,4,0
8182,2.0,2.0,2.0,6400.0,1-5,625.0,0.4,Sector 86,3,1
8183,3.0,4.0,3.0,6644.0,0-1,2408.0,1.6,Sector 85,4,0
8184,3.0,3.0,3.0,7901.0,1-5,2025.0,1.6,Sector 77,6,0
8185,3.0,3.0,3.0,8918.0,1-5,1850.0,1.65,Sector 83,4,0
8186,2.0,2.0,2.0,8159.0,Under Construction,1103.0,0.9,Sector 89,5,0
8187,2.0,2.0,1.0,9105.304829770388,Under Construction,1263.0,1.15,Sector 85,4,0
8188,3.0,4.0,3.0,8620.0,1-5,1450.0,1.25,Sector 77,4,0
8189,3.0,4.0,4.0,10554.0,1-5,1895.0,2.0,Sector 86,3,0
8190,2.0,2.0,3.0,7317.0,1-5,1435.0,1.05,Sector 83,5,0
8191,3.0,3.0,3.0,7631.0,1-5,1900.0,1.45,Sector 48,5,0
8192,10.0,10.0,4.0,7740.0,1-5,2855.0,2.21,Sushant Lok Phase 1,3,0
8193,9.0,9.0,4.0,6715.0,1-5,2755.0,1.85,Sushant Lok Phase 1,3,0
8194,4.0,4.0,4.0,6527.0,1-5,3600.0,2.35,Sector 57,3,0
8195,3.0,3.0,3.0,8431.0,1-5,2550.0,2.15,Sector 57,3,0
8196,9.0,9.0,4.0,7775.0,1-5,2855.0,2.22,Sushant Lok Phase 1,3,0
8197,3.0,3.0,2.0,10852.0,0-1,1935.0,2.1,Sushant Lok Phase 1,3,0
8198,10.0,10.0,4.0,7681.0,0-1,2877.0,2.21,Sushant Lok Phase 1,3,0
8199,4.0,4.0,4.0,8461.0,1-5,3250.0,2.75,Sector 86,5,0
8200,3.0,3.0,3.0,6581.0,1-5,1960.0,1.29,Sector 82,4,0
8201,3.0,3.0,3.0,6887.0,1-5,1960.0,1.35,Sector 82,4,1
8202,3.0,3.0,4.0,6686.0,1-5,1690.0,1.13,Sector 82,4,0
8203,4.0,4.0,3.0,10802.469135802468,1-5,3240.0,3.5,Suncity,3,0
8204,4.0,4.0,3.0,14000.0,0-1,2250.0,3.15,Suncity,3,0
8205,4.0,4.0,2.0,11574.074074074077,0-1,3240.0,3.75,Suncity,3,0
8206,5.0,5.0,3.0,12726.870296591413,0-1,4518.0,5.75,DLF Phase 1,3,0
8207,3.0,3.0,2.0,10055.304172951232,0-1,1989.0,2.0,Sector 27,3,0
8208,3.0,3.0,2.0,10858.58585858586,0-1,1980.0,2.15,Sector 42,3,1
8209,3.0,3.0,2.0,11934.156378600825,0-1,2430.0,2.9,DLF Phase 4,3,0
8210,4.0,4.0,2.0,11522.633744855968,0-1,2430.0,2.8,DLF Phase 4,3,0
8211,3.0,4.0,2.0,11111.111111111111,0-1,2700.0,3.0,Sushant Lok Phase 1,3,0
8212,3.0,3.0,2.0,9259.25925925926,5-10,2700.0,2.5,Sushant Lok Phase 1,3,0
8213,3.0,5.0,3.0,17206.0,5-10,2470.0,4.25,Sector 47,4,0
8214,4.0,3.0,4.0,12066.0,10+,2652.0,3.2,Sushant Lok,3,0
8215,3.0,4.0,4.0,11428.0,1-5,2100.0,2.4,Sector 81,5,0
8216,3.0,3.0,4.0,6293.0,1-5,1430.0,0.9,Sector 82,4,0
8217,3.0,3.0,3.0,9769.0,Under Construction,2129.0,2.18,Sector 85,4,0
8218,2.0,2.0,3.0,8611.0,Under Construction,1440.0,1.3,Sector 85,4,0
8219,3.0,3.0,3.0,9732.0,Under Construction,1829.0,1.74,Sector 85,4,1
8220,3.0,3.0,3.0,20600.0,0-1,2588.0,4.12,Sector 62,5,0
8221,4.0,3.0,3.0,13428.0,1-5,1750.0,2.35,Sector 65,6,0
8222,3.0,3.0,1.0,19565.0,1-5,1380.0,2.7,Sector 65,6,0
8223,4.0,4.0,3.0,9202.0,Under Construction,1956.0,1.8,Sector 91,1,0
8224,4.0,4.0,3.0,9001.0,Under Construction,2555.0,2.3,Sector 91,1,1
8225,4.0,4.0,2.0,15000.0,0-1,2000.0,3.0,Sector 52,2,1
8226,3.0,3.0,4.0,7407.0,1-5,1755.0,1.3,Sector 90,3,0
8227,6.0,6.0,4.0,10925.0,0-1,2700.0,2.95,Sector 45,2,0
8228,4.0,4.0,4.0,14560.0,0-1,2600.0,2.65,Sector-33 Sohna,4,0
8229,3.0,3.0,3.0,15310.0,0-1,2134.0,2.22,Sector-33 Sohna,4,0
8230,3.0,3.0,3.0,9502.0,0-1,1789.0,1.7,Sector-33 Sohna,4,0
8231,3.0,3.0,3.0,4786.0,1-5,1776.0,0.85,Sector 92,1,1
8232,4.0,4.0,3.0,8846.0,10+,2600.0,2.3,Sector 56,3,1
8233,4.0,5.0,3.0,13692.0,1-5,2410.0,3.3,Sector 66,4,0
8234,2.0,2.0,3.0,8333.0,Under Construction,1440.0,1.2,Sector 85,4,0
8235,3.0,3.0,3.0,17028.0,1-5,1380.0,2.35,Sector 65,6,1
8236,3.0,3.0,3.0,16406.0,1-5,1830.0,2.1,Sector 65,6,1
8237,5.0,5.0,4.0,9117.0,0-1,1700.0,1.55,Sushant Lok Phase 3,3,1
8238,4.0,4.0,4.0,8984.0,Under Construction,2560.0,2.3,Sector 91,1,1
8239,3.0,3.0,4.0,6476.0,5-10,1930.0,1.25,Sector 90,3,0
8240,3.0,3.0,3.0,8016.0,Under Construction,1996.0,1.6,Sector-33 Sohna,4,0
8241,2.0,2.0,4.0,7971.0,Under Construction,1405.0,1.12,Sector-33 Sohna,4,0
8242,2.0,2.0,2.0,7633.0,Under Construction,1310.0,1.0,Sector-33 Sohna,4,0
8243,3.0,3.0,3.0,11944.0,0-1,2134.0,2.15,Sector-33 Sohna,4,0
8244,3.0,3.0,3.0,8384.0,0-1,1789.0,1.5,Sector-33 Sohna,4,0
8245,3.0,3.0,3.0,14918.0,1-5,1900.0,1.85,Sector 83,4,0
8246,3.0,3.0,3.0,5424.0,0-1,1650.0,0.895,Sector 68,4,0
8247,3.0,3.0,3.0,4250.0,1-5,1600.0,0.68,Sector 92,1,1
8248,4.0,4.0,4.0,12857.0,1-5,1750.0,2.25,Sector 65,2,0
8249,3.0,3.0,3.0,10312.0,5-10,1600.0,1.65,Malibu Town,2,1
8250,2.0,2.0,2.0,4898.0,0-1,980.0,0.48,Sector 92,1,1
8251,5.0,7.0,3.0,14398.0,1-5,3750.0,3.5,Sector 83,4,0
8252,2.0,2.0,2.0,4897.0,0-1,980.0,0.48,Sector 92,1,1
8253,3.0,3.0,4.0,9666.0,Under Construction,1500.0,1.45,Sector 92,4,0
8254,4.0,4.0,3.0,9207.0,Under Construction,1955.0,1.8,Sector 91,1,0
8255,4.0,4.0,3.0,9184.0,Under Construction,1742.0,1.6,Sector 91,1,0
8256,3.0,3.0,4.0,16237.0,1-5,1620.0,1.4,Sector 79,5,0
8257,3.0,3.0,1.0,8035.0,1-5,1929.0,1.55,Sector 86,4,0
8258,3.0,3.0,3.0,22500.0,Under Construction,2200.0,3.6,Sector 62,5,0
8259,10.0,10.0,4.0,8438.0,0-1,2785.0,2.35,Sector 43,3,0
8260,4.0,4.0,3.0,8984.0,Under Construction,2560.0,2.3,Sector 91,1,0
8261,10.0,10.0,4.0,6271.0,0-1,2870.0,1.8,Sushant Lok Phase 1,3,0
8262,10.0,10.0,4.0,6785.0,0-1,2800.0,1.9,Sushant Lok Phase 1,3,0
8263,10.0,10.0,4.0,7259.0,0-1,2700.0,1.96,Sector 43,3,1
8264,10.0,10.0,4.0,6666.0,0-1,2700.0,1.8,Sector 43,0,1
8265,10.0,10.0,4.0,6962.0,0-1,2700.0,1.88,Sushant Lok Phase 1,3,1
8266,9.0,9.0,4.0,6712.0,0-1,2756.0,1.85,Sushant Lok Phase 1,3,0
8267,9.0,9.0,4.0,7891.0,0-1,2851.0,2.25,Sushant Lok Phase 1,3,0
8268,10.0,10.0,4.0,6923.0,0-1,2860.0,1.98,Sushant Lok Phase 1,3,1
8269,10.0,10.0,4.0,6584.0,0-1,2840.0,1.87,Sushant Lok Phase 1,3,0
8270,10.0,10.0,4.0,7090.0,0-1,2750.0,1.95,Sushant Lok Phase 1,3,0
8271,8.0,8.0,4.0,7200.0,1-5,2500.0,1.8,Sushant Lok Phase 1,3,0
8272,9.0,9.0,4.0,7625.0,0-1,4800.0,3.66,Sushant Lok Phase 1,3,0
8273,4.0,4.0,3.0,9029.0,1-5,2215.0,2.0,Sector 90,3,0
8274,3.0,3.0,2.0,8400.0,1-5,1726.0,1.45,Sector 90,3,0
8275,3.0,3.0,4.0,7562.0,5-10,1719.0,1.3,Sector 90,3,0
8276,3.0,3.0,3.0,21000.0,0-1,2588.0,4.2,Sector 62,5,0
8277,3.0,4.0,4.0,5595.0,0-1,1805.0,1.01,Sector 93,4,0
8278,3.0,3.0,3.0,4198.0,5-10,1572.0,0.66,Sector 92,3,1
8279,3.0,3.0,3.0,4770.0,5-10,1572.0,0.75,Sector 92,3,1
8280,2.0,2.0,1.0,5596.0,0-1,629.0,0.352,Sohna,6,1
8281,3.0,3.0,1.0,14326.0,10+,1396.0,2.0,DLF Phase 5,5,0
8282,3.0,3.0,2.0,15003.0,10+,1333.0,2.0,DLF Phase 5,4,0
8283,2.0,2.0,1.0,16078.0,10+,964.0,1.55,DLF Phase 5,5,0
8284,2.0,2.0,2.0,4413.0,1-5,580.0,0.256,Sohna Road,1,1
8285,3.0,2.0,4.0,7176.0,Under Construction,1190.0,0.8540000000000001,Sector 92,4,0
8286,3.0,2.0,4.0,7084.0,Under Construction,1190.0,0.843,Sector 92,4,0
8287,2.0,2.0,4.0,7158.0,Under Construction,1010.0,0.723,Sector 92,4,0
8288,3.0,2.0,4.0,7564.0,Under Construction,1090.0,0.8245,Sector 92,4,0
8289,2.0,2.0,4.0,7578.0,Under Construction,954.0,0.723,Sector 92,4,0
8290,4.0,4.0,3.0,8571.0,Under Construction,2800.0,2.4,Sector 84,1,0
8291,3.0,3.0,4.0,8370.0,1-5,1810.0,1.51,Sector 81,5,0
8292,3.0,2.0,4.0,7176.0,Under Construction,1190.0,0.8540000000000001,Sector 92,4,0
8293,2.0,2.0,4.0,5358.0,1-5,1269.0,0.68,Sector-33 Sohna,2,0
8294,4.0,4.0,4.0,29629.62962962963,1-5,540.0,1.6,Sushant Lok Phase 1,3,1
8295,3.0,3.0,2.0,24101.0,5-10,2282.0,5.5,Sector 54,4,0
8296,3.0,2.0,4.0,7285.0,Under Construction,1190.0,0.867,Sector 92,4,0
8297,3.0,2.0,4.0,7142.0,Under Construction,1190.0,0.85,Sector 92,4,0
8298,3.0,4.0,3.0,8018.0,1-5,2120.0,1.7,Sector 92,4,0
8299,3.0,3.0,4.0,6804.0,1-5,1690.0,1.15,Sector 82,4,0
8300,3.0,4.0,2.0,5530.0,0-1,1790.0,0.99,Sector 82,4,0
8301,3.0,4.0,2.0,5418.0,1-5,1790.0,0.97,Sector 82,4,0
8302,10.0,10.0,4.0,6888.0,1-5,2700.0,1.86,Sushant Lok Phase 1,0,1
8303,3.0,3.0,4.0,6873.0,Under Construction,1305.0,0.897,Sector 37D,4,0
8304,3.0,2.0,4.0,7633.0,Under Construction,1090.0,0.8320000000000001,Sector 92,4,0
8305,3.0,2.0,4.0,7550.0,Under Construction,1090.0,0.823,Sector 92,4,0
8306,4.0,4.0,1.0,12777.777777777776,0-1,4500.0,5.75,Sushant Lok Phase 1,3,1
8307,2.0,2.0,4.0,6114.0,Under Construction,960.0,0.5870000000000001,Sector 92,4,0
8308,3.0,2.0,4.0,6935.0,Under Construction,1090.0,0.7559999999999999,Sector 92,4,0
8309,3.0,2.0,4.0,6733.0,Under Construction,1090.0,0.7340000000000001,Sector 92,4,0
8310,3.0,2.0,4.0,6633.0,Under Construction,1090.0,0.723,Sector 92,4,0
8311,3.0,2.0,4.0,5983.0,Under Construction,1190.0,0.7120000000000001,Sector 92,4,0
8312,2.0,2.0,4.0,6083.0,Under Construction,960.0,0.584,Sector 92,4,0
8313,2.0,2.0,4.0,5979.0,Under Construction,960.0,0.574,Sector 92,4,0
8314,4.0,6.0,4.0,4714.0,1-5,3500.0,1.65,Sector 82,4,1
8315,3.0,4.0,2.0,5754.0,1-5,1790.0,1.03,Sector 82,4,0
8316,3.0,4.0,2.0,5642.0,1-5,1790.0,1.01,Sector 82,4,0
8317,3.0,3.0,1.0,11934.156378600825,0-1,2430.0,2.9,DLF Phase 4,3,1
8318,3.0,3.0,1.0,8518.518518518518,0-1,2700.0,2.3,Ardee City,3,1
8319,3.0,3.0,1.0,12403.100775193798,0-1,1935.0,2.4,Sushant Lok Phase 1,3,1
8320,5.0,5.0,1.0,27777.777777777777,10+,2700.0,7.5,Sushant Lok Phase 1,3,1
8321,4.0,4.0,1.0,11111.111111111111,0-1,4500.0,5.0,Sushant Lok Phase 1,3,1
8322,4.0,4.0,1.0,13333.333333333334,0-1,2700.0,3.6,Sushant Lok Phase 1,3,1
8323,4.0,4.0,1.0,13888.888888888889,0-1,2700.0,3.75,Sushant Lok Phase 1,3,1
8324,3.0,3.0,1.0,12144.70284237726,0-1,1935.0,2.35,Sushant Lok Phase 1,3,1
8325,3.0,3.0,1.0,12037.037037037036,0-1,2160.0,2.6,South City 1,3,1
8326,4.0,4.0,1.0,11666.666666666666,0-1,4500.0,5.25,DLF Phase 2,6,1
8327,3.0,3.0,4.0,5799.0,Under Construction,1776.0,1.03,Sohna,4,0
8328,3.0,3.0,4.0,6247.0,Under Construction,1527.0,0.954,Sohna,4,0
8329,2.0,2.0,3.0,5410.0,0-1,1210.0,0.6547,Sector-33 Sohna,3,0
8330,2.0,2.0,3.0,5056.0,0-1,1255.0,0.6346,Sector-33 Sohna,3,0
8331,2.0,2.0,4.0,5211.0,0-1,1255.0,0.654,Sector-33 Sohna,3,0
8332,2.0,2.0,4.0,5330.0,0-1,1210.0,0.645,Sector-33 Sohna,3,0
8333,3.0,5.0,4.0,4521.0,1-5,2300.0,1.15,Sector 82,4,0
8334,4.0,4.0,4.0,14444.444444444443,1-5,2700.0,3.9,Sector 82,4,0
8335,4.0,5.0,4.0,6153.0,1-5,3250.0,2.0,Sector 82,4,0
8336,4.0,4.0,4.0,15000.0,1-5,2700.0,4.05,Sector 82,4,1
8337,3.0,3.0,3.0,5074.0,1-5,1340.0,0.7,Sector 83,3,1
8338,3.0,3.0,3.0,5074.0,1-5,1340.0,0.68,Sector 83,3,0
8339,3.0,3.0,3.0,5149.0,1-5,1340.0,0.69,Sector 83,3,0
8340,3.0,3.0,3.0,20459.0,Under Construction,2095.0,4.29,Sector 59,6,0
8341,3.0,3.0,2.0,13000.0,Under Construction,1371.0,1.78,Sector 76,5,0
8342,3.0,2.0,1.0,13616.0,5-10,3672.0,5.0,Sector 50,2,1
8343,2.0,2.0,2.0,9000.0,Under Construction,1103.0,0.9927,Sector 89,5,1
8344,4.0,4.0,3.0,14382.0,1-5,2955.0,4.25,Sector 81,5,0
8345,2.0,2.0,1.0,7000.0,10+,800.0,0.56,Sector 3,2,1
8346,3.0,3.0,2.0,18300.0,1-5,2295.0,4.83,Sector 59,6,0
8347,3.0,3.0,3.0,17777.0,Under Construction,2250.0,4.0,Sector 61,6,1
8348,3.0,3.0,2.0,7903.0,10+,1455.0,1.15,Sector 67,3,1
8349,2.0,2.0,2.0,14000.0,Under Construction,1150.0,1.61,Sector 61,6,0
8350,3.0,3.0,2.0,19195.0,0-1,2188.0,4.65,Sector 59,6,0
8351,4.0,5.0,4.0,15004.0,5-10,2999.0,4.5,Sector 49,2,0
8352,3.0,3.0,2.0,21045.0,Under Construction,2295.0,4.83,Sector 59,6,0
8354,3.0,3.0,2.0,19460.0,Under Construction,2595.0,5.05,Sector 59,6,1
8355,4.0,4.0,3.0,21818.0,Under Construction,2750.0,6.0,Sector 61,6,0
8356,3.0,4.0,3.0,17777.0,Under Construction,2250.0,4.0,Sector 61,6,0
8357,5.0,5.0,4.0,20000.0,1-5,4795.0,9.59,Sector 62,4,0
8358,5.0,5.0,3.0,20000.0,1-5,4350.0,8.7,Sector 62,4,0
8359,4.0,4.0,3.0,16469.0,5-10,2793.0,4.6,Sector 60,5,0
8360,4.0,4.0,3.0,15759.0,1-5,4759.0,7.5,Sector 60,5,0
8361,3.0,3.0,1.0,14384.0,10+,1300.0,1.87,Sector 28,3,0
8362,4.0,4.0,2.0,15990.0,10+,1701.0,2.72,DLF Phase 2,5,0
8363,3.0,3.0,1.0,14812.0,10+,1519.0,2.25,DLF Phase 2,5,0
8364,3.0,4.0,4.0,24245.0,0-1,2685.0,6.51,MG Road,4,0
8365,3.0,4.0,4.0,12980.0,Under Construction,2781.0,3.61,Sector 22,6,0
8366,6.0,5.0,4.0,17094.017094017094,10+,4680.0,8.0,Palam Vihar,2,1
8367,4.0,4.0,3.0,19378.0,5-10,2575.0,4.99,DLF Phase 5,4,1
8368,4.0,4.0,2.0,12650.0,5-10,2510.0,3.15,Sector 49,2,0
8369,3.0,4.0,3.0,13581.0,5-10,2200.0,2.95,Sector 49,2,0
8370,4.0,4.0,4.0,13092.0,5-10,2635.0,3.45,Sector 67,4,0
8371,4.0,4.0,4.0,9769.0,5-10,3470.0,3.39,Sector 81,4,0
8372,3.0,3.0,4.0,17003.367003367002,10+,594.0,1.01,Palam Vihar,2,1
8373,3.0,3.0,3.0,16835.016835016835,10+,594.0,1.0,Palam Vihar,2,1
8374,4.0,4.0,3.0,14655.0,5-10,2939.0,4.25,Nirvana Country,4,0
8375,3.0,4.0,3.0,13958.0,5-10,2491.0,3.35,Nirvana Country,4,0
8376,4.0,4.0,3.0,10428.0,5-10,3500.0,3.65,Nirvana Country,3,1
8377,4.0,4.0,3.0,19318.0,Under Construction,2875.0,4.25,Nirvana Country,3,1
8378,3.0,3.0,1.0,9909.0,Under Construction,1614.0,1.6,Sector 93,4,1
8379,3.0,3.0,4.0,12708.0,5-10,2400.0,3.05,Sector 59,4,0
8380,3.0,3.0,4.0,17941.0,5-10,2374.0,3.05,Sector 59,4,1
8381,3.0,3.0,0.0,9259.0,1-5,2160.0,2.0,Nirvana Country,3,1
8382,4.0,6.0,3.0,27631.0,5-10,3800.0,10.49978,Sector 48,5,0
8383,3.0,2.0,4.0,17600.0,5-10,1717.0,2.2,Sector 59,4,0
8384,3.0,3.0,3.0,12939.0,Under Construction,1932.0,2.5,Sector 65,5,0
8385,3.0,4.0,3.0,10232.0,5-10,2150.0,2.2,Sector 70,3,0
8386,3.0,4.0,3.0,10000.0,5-10,2150.0,2.15,Sector 70,3,0
8387,4.0,5.0,4.0,17058.0,0-1,2050.0,2.9,Sector 65,2,0
8388,2.0,2.0,2.0,5595.0,1-5,554.0,0.31,Sector 107,4,1
8389,1.0,1.0,2.0,6000.0,1-5,350.0,0.21,Sector 107,4,1
8390,1.0,1.0,2.0,5714.0,0-1,350.0,0.2,Sector 107,4,1
8391,2.0,2.0,2.0,6134.0,1-5,1050.0,0.3,Sector 107,4,0
8392,2.0,2.0,4.0,10833.0,Under Construction,1201.0,1.3,Sector 61,6,0
8393,2.0,2.0,3.0,9523.0,1-5,1470.0,1.4,Sector 79,3,0
8394,3.0,3.0,0.0,10653.0,1-5,2403.0,2.56,Sector 65,6,0
8395,3.0,3.0,3.0,16184.0,Under Construction,2595.0,4.2,Sector 59,6,0
8396,4.0,5.0,4.0,17719.0,1-5,3104.0,5.5,Sector 62,4,0
8397,3.0,3.0,4.0,11320.0,1-5,2385.0,2.7,Sector 60,5,0
8398,3.0,3.0,3.0,7407.0,5-10,2160.0,1.6,Nirvana Country,3,1
8399,2.0,2.0,2.0,11000.0,5-10,1000.0,1.1,Nirvana Country,3,0
8400,3.0,2.0,4.0,12813.0,5-10,1717.0,2.2,Sector 59,4,0
8401,3.0,3.0,3.0,18571.0,1-5,1650.0,2.6,Sector 65,2,1
8402,3.0,3.0,3.0,16428.0,1-5,1650.0,2.3,Sector 65,2,1
8403,4.0,4.0,3.0,19117.0,1-5,1975.0,3.25,Sector 65,2,1
8404,4.0,4.0,3.0,20000.0,1-5,1975.0,3.4,Sector 65,2,1
8405,2.0,2.0,1.0,6976.0,0-1,602.0,0.42,Sector 107,4,1
8406,1.0,1.0,2.0,5571.0,0-1,350.0,0.195,Sector 107,4,1
8407,3.0,2.0,4.0,12696.0,5-10,1717.0,2.18,Sector 59,4,0
8408,4.0,5.0,3.0,12500.0,0-1,5000.0,5.0,Malibu Town,2,0
8409,3.0,3.0,3.0,11250.0,Under Construction,1500.0,1.35,Gwal Pahari,5,0
8410,4.0,5.0,4.0,15454.0,1-5,2847.0,4.4,Sector 67,4,0
8411,3.0,4.0,4.0,13080.0,1-5,2905.0,3.8,Sector 72,3,0
8412,3.0,3.0,3.0,9650.0,0-1,1430.0,1.38,Golf Course Ext Road,2,0
8413,3.0,3.0,3.0,9650.0,Under Construction,1430.0,1.35,Gwal Pahari,5,0
8414,4.0,5.0,3.0,11111.111111111111,0-1,4500.0,5.0,Malibu Town,2,0
8415,3.0,3.0,4.0,17864.0,Under Construction,2295.0,4.1,Sector 59,6,0
8416,3.0,3.0,4.0,10980.0,5-10,2550.0,2.8,Sector 48,2,0
8417,3.0,3.0,2.0,8985.0,0-1,1725.0,1.55,Sushant Lok Phase 3,4,1
8418,2.0,2.0,1.0,16523.0,1-5,1634.0,2.7,sector 58,5,0
8419,2.0,2.0,3.0,7692.0,Under Construction,1365.0,1.05,Sector 99,4,0
8420,4.0,5.0,4.0,7054.0,Under Construction,2835.0,2.0,Sector 99,4,0
8421,3.0,4.0,4.0,7291.0,Under Construction,2400.0,1.75,Sector 99,4,1
8422,3.0,3.0,3.0,12000.0,Under Construction,1800.0,1.2,Sector 37D,3,0
8423,2.0,2.0,2.0,12190.0,0-1,1276.0,1.6,Sector 113 Gurgaon,5,0
8424,3.0,3.0,3.0,7800.0,Under Construction,2780.0,2.6,Sector 99,4,1
8425,2.0,3.0,3.0,10294.0,1-5,1700.0,1.75,Sector 104,6,0
8426,3.0,4.0,3.0,9600.0,Under Construction,2129.0,2.25,Sector 85,4,0
8427,4.0,5.0,2.0,12888.0,0-1,4500.0,5.8,Sector 43,3,1
8428,3.0,3.0,3.0,6790.0,1-5,1620.0,1.1,Sector 71,5,0
8429,4.0,5.0,4.0,12297.0,0-1,3090.0,3.8,Sector 49,2,0
8430,2.0,2.0,2.0,9584.664536741217,0-1,626.0,0.6,Sector 76,5,0
8431,2.0,2.0,1.0,9493.0,1-5,632.0,0.6,Sector 102,4,0
8432,3.0,4.0,3.0,6250.0,1-5,1840.0,1.15,Sector 93,4,0
8433,2.0,2.0,2.0,11857.0,1-5,1400.0,1.66,Sector 61,5,1
8434,2.0,2.0,1.0,8857.0,5-10,700.0,0.62,Sector 71,6,1
8435,2.0,2.0,2.0,4017.0,1-5,1170.0,0.47,Sector 1,1,1
8436,3.0,3.0,4.0,8324.0,1-5,1862.0,1.55,Sector 91,3,0
8437,3.0,3.0,4.0,10645.0,5-10,1550.0,1.65,Sector 47,2,1
8438,2.0,2.0,2.0,8571.0,1-5,1260.0,1.08,Sector 68,4,1
8439,2.0,2.0,4.0,8278.0,5-10,1510.0,1.25,Sector 70,3,1
8440,3.0,3.0,3.0,12479.0,1-5,1795.0,2.24,Sector 61,5,1
8441,3.0,3.0,3.0,7916.0,5-10,2400.0,1.9,Sector 49,2,0
8442,3.0,3.0,3.0,8461.0,1-5,1950.0,1.65,Sector 47,2,1
8443,3.0,3.0,3.0,14117.0,1-5,1700.0,2.4,Sector 61,5,1
8444,3.0,3.0,2.0,5187.0,0-1,1600.0,0.83,Shivpuri,2,1
8445,3.0,4.0,3.0,20000.0,1-5,3900.0,7.8,Sector 65,5,0
8446,4.0,4.0,2.0,9333.0,5-10,1500.0,1.4,Sector 9A,2,1
8447,3.0,3.0,2.0,10333.0,1-5,3000.0,3.1,Malibu Town,2,1
8448,3.0,3.0,2.0,10701.0,1-5,2850.0,3.05,Malibu Town,2,1
8449,4.0,4.0,3.0,7407.407407407408,0-1,2430.0,1.8,Sector 92,4,1
8450,4.0,4.0,3.0,15648.0,1-5,3355.0,5.25,Sector 72,3,1
8451,4.0,3.0,4.0,8000.0,5-10,2250.0,1.8,Sector 47,2,1
8452,4.0,4.0,3.0,21839.0,10+,2610.0,5.7,DLF Phase 5,4,1
8453,4.0,3.0,3.0,19776.0,10+,3843.0,7.6,Sector 28,3,1
8454,3.0,3.0,3.0,7407.0,1-5,1620.0,1.2,Sector 71,5,1
8455,4.0,4.0,2.0,12142.0,0-1,3500.0,4.25,Sector 48,5,1
8456,1.0,1.0,2.0,7600.0,1-5,500.0,0.38,Sector 71,6,1
8457,4.0,4.0,4.0,4687.0,5-10,3200.0,1.5,Sector 47,2,1
8458,3.0,3.0,2.0,13333.0,1-5,1500.0,2.0,Greenwood City,2,1
8459,3.0,3.0,2.0,9333.0,1-5,3000.0,2.8,Sector 47,2,1
8460,3.0,4.0,4.0,12288.0,1-5,2360.0,2.9,Sector 48,2,1
8461,2.0,3.0,2.0,12307.0,1-5,1300.0,1.6,Sector 61,5,1
8462,2.0,2.0,3.0,8267.0,Under Construction,1270.0,1.05,Sector 68,2,1
8463,2.0,2.0,2.0,9542.0,1-5,503.0,0.48,Sector 86,3,1
8464,4.0,4.0,3.0,5000.0,1-5,1975.0,1.1,Sector 85,3,1
8465,2.0,2.0,2.0,5600.0,1-5,1075.0,0.61,Sector 85,3,1
8466,9.0,9.0,4.0,22119.34156378601,1-5,1944.0,4.3,Sector 38,2,1
8467,5.0,5.0,3.0,24691.35802469136,10+,1620.0,4.0,South City 1,3,1
8468,3.0,3.0,2.0,6571.0,1-5,1750.0,1.25,Sector 84,5,0
8469,2.0,2.0,2.0,8756.0,0-1,1222.0,1.07,Sector 68,4,1
8470,4.0,4.0,3.0,12272.0,0-1,2200.0,2.7,Sector 50,3,1
8471,3.0,3.0,4.0,8613.264427217915,Under Construction,2322.0,2.0,Sector 57,3,1
8472,4.0,4.0,4.0,10410.0,5-10,3170.0,3.3,Sector 48,4,0
8473,3.0,3.0,3.0,10510.0,5-10,1665.0,1.75,Sector 48,4,0
8474,3.0,4.0,3.0,10674.0,5-10,1630.0,1.74,Sector 48,4,0
8475,4.0,5.0,4.0,11566.0,5-10,2170.0,2.51,Sector 48,4,0
8476,3.0,3.0,4.0,10810.0,5-10,1665.0,1.8,Sector 48,4,0
8477,4.0,5.0,4.0,11068.0,5-10,2846.0,3.15,Sector 48,4,0
8478,4.0,4.0,4.0,11751.0,5-10,2170.0,2.55,Sector 48,4,0
8479,3.0,4.0,4.0,11290.0,5-10,1860.0,2.1,Sector 48,4,0
8480,4.0,4.0,4.0,11389.0,5-10,2195.0,2.5,Sector 48,4,0
8481,3.0,3.0,3.0,12900.0,Under Construction,1549.0,2.0,Sector 61,6,1
8482,3.0,3.0,3.0,13000.0,Under Construction,1549.0,2.01,Sector 61,6,0
8483,3.0,3.0,3.0,13040.0,Under Construction,1549.0,2.02,Sector 61,6,0
8484,9.0,8.0,4.0,14500.0,5-10,5000.0,7.25,Sector 21,2,1
8485,4.0,5.0,3.0,20363.0,5-10,2750.0,5.6,DLF Phase 5,4,1
8486,3.0,4.0,2.0,18541.0,5-10,2427.0,4.5,sector 58,5,0
8487,2.0,2.0,1.0,16000.0,1-5,1625.0,2.6,sector 58,5,0
8488,3.0,5.0,2.0,13812.0,1-5,2896.0,5.25,sector 58,5,0
8489,2.0,2.0,1.0,17454.0,1-5,1375.0,2.5,sector 58,5,0
8490,2.0,2.0,2.0,5909.0,10+,1100.0,0.65,Valley View Estate,2,1
8491,2.0,2.0,3.0,9629.0,0-1,1350.0,1.3,Sector 70,3,1
8492,3.0,5.0,3.0,7948.0,1-5,1950.0,1.55,Sector 70,3,1
8493,2.0,2.0,2.0,5612.0,10+,980.0,0.55,Valley View Estate,2,1
8494,2.0,2.0,2.0,5909.0,10+,1100.0,0.65,Valley View Estate,2,1
8495,3.0,3.0,3.0,6738.0,10+,1484.0,1.0,Valley View Estate,2,1
8496,3.0,2.0,2.0,6153.0,10+,1300.0,0.8,Valley View Estate,2,1
8497,3.0,3.0,3.0,16500.0,Under Construction,2250.0,3.71,Sector 61,4,1
8498,3.0,4.0,3.0,9767.0,5-10,2150.0,2.1,Sector 70,3,1
8499,3.0,3.0,3.0,8157.0,0-1,1900.0,1.55,Sector 82,2,0
8500,3.0,3.0,3.0,8777.0,0-1,1800.0,1.58,Sector 82,2,1
8501,4.0,4.0,4.0,21923.0,0-1,2600.0,2.85,Sector-33 Sohna,4,0
8502,3.0,4.0,4.0,9368.0,Under Construction,1996.0,1.87,Sector-33 Sohna,2,0
8503,3.0,2.0,4.0,12635.0,Under Construction,1671.0,1.52,Sector-33 Sohna,2,0
8504,3.0,2.0,4.0,8385.269121813031,Under Construction,1765.0,1.48,Sector-33 Sohna,2,1
8505,2.0,2.0,4.0,12249.0,Under Construction,1310.0,1.1,Sector-33 Sohna,2,0
8506,3.0,4.0,4.0,8294.0,Under Construction,1929.0,1.6,Sector-33 Sohna,4,1
8507,3.0,2.0,4.0,8028.0,Under Construction,1557.0,1.25,Sector-33 Sohna,4,0
8508,2.0,2.0,4.0,7436.0,Under Construction,1385.0,1.03,Sector-33 Sohna,4,0
8509,3.0,3.0,2.0,10051.0,1-5,1950.0,1.96,Sushant Lok Phase 1,1,0
8510,4.0,4.0,2.0,12375.0,1-5,4000.0,4.95,DLF Phase 2,3,0
8511,4.0,4.0,2.0,12125.0,1-5,4000.0,4.85,DLF Phase 2,3,0
8512,4.0,4.0,2.0,12382.0,1-5,2350.0,2.91,DLF Phase 2,3,0
8513,4.0,4.0,2.0,14893.0,1-5,2350.0,3.5,DLF Phase 2,3,0
8514,3.0,3.0,3.0,24031.0,Under Construction,1627.0,3.91,Sector 63,6,1
8515,3.0,3.0,2.0,9500.0,Under Construction,1534.0,1.6,Sector 79,5,1
8516,3.0,4.0,2.0,10992.0,1-5,2711.0,2.98,Nirvana Country,5,0
8517,3.0,4.0,4.0,11455.0,1-5,2617.0,2.99,Nirvana Country,5,0
8518,3.0,3.0,4.0,9745.0,1-5,2360.0,2.3,Sector 51,3,0
8519,4.0,4.0,3.0,20325.0,1-5,2460.0,5.0,Sector 72,3,1
8520,3.0,4.0,3.0,26666.0,10+,1875.0,5.0,Sector 54,4,1
8521,3.0,3.0,3.0,6593.0,Under Construction,1820.0,1.2,Sector 37C,3,1
8522,3.0,3.0,3.0,6428.0,Under Construction,1820.0,1.17,Sector 37C,3,0
8523,4.0,4.0,2.0,22352.0,1-5,1700.0,3.8,DLF Phase 2,3,1
8524,4.0,4.0,2.0,20833.0,1-5,1800.0,3.75,DLF Phase 2,3,1
8525,4.0,4.0,2.0,21875.0,1-5,2400.0,5.25,DLF Phase 2,3,1
8526,4.0,4.0,2.0,20833.0,1-5,2400.0,5.0,DLF Phase 2,3,1
8527,3.0,4.0,4.0,14693.0,1-5,2450.0,3.6,Sector 104,6,1
8528,3.0,4.0,4.0,12500.0,1-5,2450.0,3.06,Sector 104,6,0
8529,2.0,2.0,2.0,11419.0,1-5,1550.0,1.77,Sector 104,6,1
8530,2.0,2.0,2.0,11483.0,1-5,1550.0,1.78,Sector 104,6,0
8531,3.0,5.0,4.0,9208.0,1-5,2400.0,2.21,Sector 99,4,0
8532,3.0,5.0,4.0,8958.0,1-5,2400.0,2.15,Sector 99,4,0
8533,2.0,2.0,4.0,9230.0,1-5,1365.0,1.26,Sector 99,4,0
8534,2.0,2.0,4.0,8937.0,1-5,1365.0,1.22,Sector 99,4,0
8535,1.0,1.0,1.0,17499.0,1-5,640.0,0.7,Sector 62,3,1
8536,1.0,1.0,2.0,7012.0,1-5,308.0,0.216,Sector 107,4,1
8537,2.0,2.0,1.0,7294.0,1-5,547.0,0.3989999999999999,Sector 107,4,1
8538,4.0,5.0,2.0,9719.0,1-5,2675.0,2.6,Sector 79,3,0
8539,3.0,3.0,2.0,8684.0,1-5,2015.0,1.75,Sector 79,3,0
8540,3.0,4.0,2.0,9069.0,1-5,2150.0,1.95,Sector 79,3,0
8541,2.0,2.0,3.0,10454.0,1-5,1100.0,1.15,Sector 107,2,0
8542,3.0,4.0,3.0,8620.0,1-5,1450.0,1.25,Sector 77,4,1
8543,2.0,2.0,2.0,9162.0,Under Construction,1118.0,1.02,Sector 93,5,1
8544,2.0,2.0,2.0,10909.0,5-10,1100.0,1.2,Sector 33,5,1
8545,4.0,4.0,3.0,8000.0,10+,2200.0,1.6,Valley View Estate,2,1
8546,3.0,3.0,4.0,9312.0,1-5,1600.0,1.49,Sushant Lok,3,1
8547,3.0,3.0,3.0,11333.0,0-1,1500.0,1.7,Sushant Lok Phase 2,3,1
8548,3.0,3.0,4.0,20246.91358024692,5-10,2025.0,4.1,Sushant Lok Phase 2,3,1
8549,3.0,3.0,3.0,9933.0,5-10,1500.0,1.49,Sushant Lok Phase 3,3,1
8550,3.0,3.0,2.0,6073.597713469096,10+,2799.0,1.7,Uppals Southend,2,1
8551,5.0,4.0,4.0,11546.0,1-5,3880.0,4.48,Sector 110,6,0
8552,3.0,3.0,3.0,3649.0,5-10,2877.0,1.05,Sector 108,1,0
8553,2.0,2.0,2.0,4186.0,1-5,1505.0,0.63,Sector 108,1,0
8554,4.0,4.0,4.0,10882.0,1-5,3400.0,3.7,Sector 110,6,0
8555,3.0,3.0,2.0,4751.0,5-10,1789.0,0.85,Sector 108,1,0
8556,2.0,2.0,2.0,7900.0,1-5,1000.0,0.89,Sector 47,2,1
8557,3.0,4.0,3.0,11319.0,5-10,2350.0,2.66,Sector 48,2,1
8558,3.0,3.0,3.0,7407.0,1-5,1485.0,1.1,Sector 71,5,0
8559,2.0,2.0,2.0,12329.0,Under Construction,1213.0,1.12,Sector 79,5,0
8560,3.0,3.0,2.0,12333.0,Under Construction,1528.0,1.41,Sector 79,5,0
8561,10.0,10.0,4.0,7677.0,1-5,2540.0,1.95,Sushant Lok Phase 1,3,0
8562,9.0,9.0,4.0,8809.0,0-1,4200.0,3.7,Sushant Lok Phase 1,3,0
8563,10.0,10.0,4.0,9090.0,0-1,2750.0,2.5,Sushant Lok Phase 1,3,1
8564,4.0,4.0,4.0,16771.0,Under Construction,2057.0,3.45,Sector 37D,1,0
8565,3.0,3.0,4.0,6733.0,Under Construction,1708.0,1.15,Sector 95,4,0
8566,3.0,2.0,4.0,6618.0,Under Construction,1511.0,1.0,Sector 95,4,0
8567,2.0,2.0,2.0,10454.0,Under Construction,1100.0,1.15,Gwal Pahari,5,1
8568,3.0,3.0,4.0,6618.0,Under Construction,1511.0,1.0,Sector 95,4,0
8569,3.0,3.0,4.0,9600.0,Under Construction,1875.0,1.8,Sector 103,6,0
8570,2.0,2.0,2.0,8534.62157809984,0-1,621.0,0.53,Sector 76,3,1
8571,2.0,2.0,2.0,8785.94249201278,0-1,626.0,0.55,Sector 76,3,1
8572,3.0,3.0,4.0,9485.0,Under Construction,1845.0,1.75,Sector 103,6,1
8573,3.0,3.0,2.0,8080.0,1-5,1485.0,1.2,Sector 82,4,1
8574,4.0,4.0,4.0,15937.0,Under Construction,3500.0,5.1,Gurgaon,0,0
8575,3.0,3.0,3.0,17083.0,Under Construction,2800.0,4.1,Sector 66,2,0
8576,3.0,2.0,3.0,8620.0,5-10,1740.0,1.5,Sector 56,3,1
8577,3.0,2.0,3.0,8333.0,Under Construction,1200.0,1.0,Sector 92,4,0
8578,2.0,2.0,2.0,8285.0,Under Construction,1050.0,0.87,Sector 92,4,0
8579,1.0,1.0,1.0,5850.0,5-10,735.0,0.47,Sector 56,3,1
8580,4.0,4.0,4.0,24878.52283770651,Under Construction,2058.0,5.12,Gurgaon,0,0
8581,3.0,3.0,3.0,19387.0,Under Construction,1599.0,3.1,Sector 37D,1,0
8582,4.0,4.0,4.0,12156.0,Under Construction,2555.0,3.1,Gurgaon,0,0
8583,4.0,4.0,3.0,12394.86498450642,0-1,4518.0,5.6,Sector 54,3,1
8584,4.0,4.0,3.0,15555.555555555557,0-1,4500.0,7.0,Sector 54,3,1
8585,4.0,4.0,3.0,13888.888888888889,0-1,4500.0,6.25,Sector 54,3,1
8586,4.0,4.0,3.0,22633.74485596708,0-1,2430.0,5.5,Sector 54,3,1
8587,3.0,4.0,3.0,13953.0,1-5,1935.0,2.7,Sector 67,4,0
8588,3.0,3.0,2.0,12547.0,Under Construction,1570.0,1.97,Sector 63A,6,0
8589,3.0,3.0,2.0,11910.0,Under Construction,1570.0,1.87,Sector 63A,6,0
8590,3.0,3.0,2.0,12867.0,Under Construction,1632.0,2.1,Sector 63A,6,0
8591,3.0,3.0,2.0,11642.0,Under Construction,1632.0,1.9,Sector 63A,6,0
8592,3.0,3.0,2.0,12254.0,Under Construction,1632.0,2.0,Sector 63A,6,0
8593,4.0,4.0,4.0,9200.0,Under Construction,2500.0,2.3,Sector 84,4,0
8594,3.0,2.0,3.0,12448.0,Under Construction,1450.0,1.8,Sector 83,1,0
8595,4.0,4.0,3.0,13703.703703703704,0-1,2700.0,3.7,Sushant Lok Phase 1,3,1
8596,4.0,4.0,3.0,7974.481658692185,0-1,3762.0,3.0,Sushant Lok Phase 1,3,1
8597,4.0,4.0,3.0,11961.722488038278,0-1,3762.0,4.5,Sushant Lok Phase 1,3,1
8598,4.0,4.0,3.0,10047.281323877069,0-1,4230.0,4.25,Sushant Lok Phase 1,3,1
8599,4.0,4.0,3.0,10864.197530864198,0-1,4050.0,4.4,Sushant Lok Phase 1,3,1
8600,4.0,4.0,3.0,13821.138211382116,0-1,3690.0,5.1,Sushant Lok Phase 1,3,1
8601,4.0,4.0,3.0,10668.2769726248,0-1,2484.0,2.65,South City 2,3,1
8602,2.0,2.0,3.0,9214.0,Under Construction,4395.0,0.45,Sector 108,5,1
8603,4.0,4.0,3.0,7716.049382716049,0-1,3240.0,2.5,South City 2,3,1
8604,4.0,4.0,3.0,9388.115749944776,0-1,4527.0,4.25,South City 2,3,1
8605,2.0,2.0,2.0,6944.444444444444,1-5,2160.0,1.5,South City 2,3,1
8606,4.0,4.0,4.0,12437.810945273632,0-1,3618.0,4.5,DLF Phase 2,3,1
8607,4.0,4.0,4.0,15000.0,0-1,2475.0,3.0,Sector 102,6,0
8608,3.0,3.0,3.0,8500.0,0-1,2000.0,1.7,Sector 102,6,0
8609,3.0,3.0,3.0,12244.0,0-1,1865.0,1.5,Sector 37D,0,0
8610,3.0,3.0,3.0,6884.0,0-1,1990.0,1.37,Dwarka Expressway,0,0
8611,4.0,4.0,4.0,16274.0,Under Construction,1558.0,2.42,Sector 84,0,1
8612,3.0,3.0,3.0,7954.0,Under Construction,1760.0,1.4,Sector 93,5,0
8613,2.0,2.0,2.0,7731.0,Under Construction,1190.0,0.92,Sector 92,4,0
8614,4.0,4.0,3.0,12306.610407876233,0-1,2844.0,3.5,DLF Phase 3,3,1
8615,4.0,4.0,3.0,11805.555555555557,0-1,3600.0,4.25,DLF Phase 3,3,1
8616,3.0,3.0,2.0,12144.70284237726,0-1,1935.0,2.35,DLF Phase 3,3,1
8617,3.0,3.0,2.0,23442.51766217084,0-1,1557.0,3.65,Palam Vihar Extension,2,1
8618,4.0,4.0,3.0,25000.0,0-1,2700.0,6.75,Sector 26,3,1
8619,3.0,4.0,3.0,13416.0,1-5,2906.0,3.9,Chakkarpur,3,1
8620,4.0,4.0,3.0,14444.444444444443,0-1,4500.0,6.5,DLF Phase 2,3,1
8621,2.0,2.0,2.0,7569.0,Under Construction,1255.0,0.95,Sector 37D,4,0
8622,3.0,3.0,4.0,7217.0,Under Construction,1524.0,1.1,Sector 37D,4,0
8623,3.0,3.0,4.0,7069.0,Under Construction,1839.0,1.3,Sector 37D,4,0
8624,3.0,3.0,3.0,7667.0,Under Construction,1826.0,1.4,Sector 93,5,0
8625,2.0,2.0,2.0,7310.0,Under Construction,1190.0,0.87,Sector 92,4,0
8626,3.0,3.0,2.0,10485.0,0-1,1030.0,1.08,Gwal Pahari,5,1
8628,3.0,2.0,3.0,8344.0,Under Construction,1450.0,1.21,Sector 83,1,0
8629,3.0,3.0,3.0,12883.0,Under Construction,1630.0,2.1,Sector 61,6,0
8630,3.0,3.0,4.0,8301.0,Under Construction,1556.0,1.1,Sector 79,4,0
8631,1.0,1.0,1.0,5477.0,5-10,805.0,0.57,Sector 56,3,1
8632,4.0,4.0,4.0,13970.0,Under Construction,2670.0,3.73,Dwarka Expressway,0,0
8633,3.0,3.0,3.0,13963.0,Under Construction,2170.0,3.03,Sector 111,2,0
8634,4.0,4.0,4.0,15200.0,Under Construction,3000.0,4.56,Sector 113 Gurgaon,6,0
8635,3.0,3.0,3.0,17512.0,Under Construction,2050.0,3.59,Sector 113 Gurgaon,1,0
8636,3.0,3.0,2.0,16528.0,0-1,3025.0,5.0,Sector 59,6,1
8637,2.0,2.0,2.0,15040.0,Under Construction,1250.0,1.88,Sector 61,6,0
8638,3.0,3.0,4.0,7667.0,Under Construction,1826.0,1.4,Sector 93,5,0
8639,3.0,3.0,3.0,15000.0,Under Construction,1800.0,2.7,Golf Course Ext Road,0,0
8640,4.0,4.0,3.0,9350.0,0-1,2675.0,2.5,Sector 79,3,0
8641,4.0,4.0,3.0,12800.0,Under Construction,2500.0,3.2,Sector 104,5,1
8642,3.0,3.0,2.0,12045.0,Under Construction,2200.0,2.65,Sector 79,3,0
8643,3.0,4.0,2.0,18090.0,1-5,2072.0,3.75,Sector 108,5,1
8644,3.0,3.0,3.0,12045.0,Under Construction,2200.0,2.65,Sector 63,1,0
8645,3.0,3.0,4.0,9214.0,Under Construction,1845.0,1.7,Sector 103,2,0
8646,2.0,2.0,2.0,8910.0,Under Construction,1010.0,0.9,Sector 92,4,0
8647,2.0,2.0,2.0,10571.0,0-1,1030.0,1.09,Gwal Pahari,5,0
8649,3.0,2.0,4.0,8362.0,Under Construction,1435.0,1.2,Sector 83,1,0
8650,3.0,3.0,4.0,8524.0,Under Construction,1831.0,1.3,Sector 79,4,0
8651,4.0,4.0,4.0,10014.0,0-1,1408.0,1.41,Sohna,4,0
8652,3.0,3.0,3.0,10041.0,Under Construction,1205.0,1.21,Sector 93,4,0
8653,3.0,3.0,3.0,6000.0,0-1,2250.0,1.35,Sector 84,5,0
8654,4.0,4.0,4.0,12314.0,0-1,2764.0,3.32,Sector 37C,4,0
8655,3.0,2.0,3.0,8067.0,Under Construction,1403.0,0.96,Sector 81,2,0
8656,4.0,4.0,4.0,6516.0,0-1,3100.0,2.02,Sector 99,3,0
8657,3.0,3.0,3.0,6491.0,0-1,2280.0,1.48,Sector 99,1,0
8658,3.0,3.0,3.0,6124.0,Under Construction,4428.0,2.71,Sector 36A,0,1
8659,4.0,4.0,4.0,14899.0,0-1,2443.0,3.64,Sector 37D,0,1
8660,3.0,3.0,3.0,14917.0,0-1,1877.0,2.8,Sector 37D,0,1
8661,2.0,2.0,2.0,17201.0,0-1,780.0,1.34,Sohna,4,0
8662,2.0,2.0,4.0,8837.0,Under Construction,1267.0,0.95,Sector 81,2,0
8663,3.0,3.0,3.0,10041.0,Under Construction,1205.0,1.21,Sector 93,4,1
8664,3.0,2.0,4.0,8713.0,Under Construction,1419.0,1.05,Sector 81,2,0
8665,4.0,4.0,3.0,12222.222222222224,0-1,2700.0,3.3,Sushant Lok Phase 1,3,1
8666,4.0,4.0,3.0,12962.962962962964,0-1,2700.0,3.5,Sushant Lok Phase 1,3,1
8667,2.0,2.0,4.0,7943.0,1-5,1498.0,1.19,Sector 88A,4,1
8668,4.0,4.0,3.0,12740.0,Under Construction,2600.0,3.31,Sector 113 Gurgaon,6,0
8669,3.0,3.0,4.0,9024.0,Under Construction,1786.0,1.35,Sector 93,5,0
8670,4.0,4.0,4.0,13129.0,Under Construction,2058.0,2.4,Sector 37D,0,0
8671,4.0,4.0,4.0,6516.0,0-1,3100.0,2.02,Sector 99,3,0
8672,3.0,3.0,3.0,5486.0,Under Construction,4429.0,2.43,Dwarka Expressway,0,0
8673,3.0,3.0,3.0,16771.0,Under Construction,1421.0,2.14,Sector 37D,1,0
8674,4.0,4.0,3.0,8024.691358024691,0-1,4050.0,3.25,Sector 57,3,1
8675,4.0,4.0,3.0,13888.888888888889,0-1,4500.0,6.25,DLF Phase 2,3,1
8676,4.0,4.0,3.0,13444.444444444443,0-1,4500.0,6.05,DLF Phase 2,3,1
8677,4.0,4.0,3.0,13222.222222222224,0-1,4500.0,5.95,DLF Phase 2,3,1
8678,3.0,3.0,2.0,10018.214936247725,0-1,1647.0,1.65,Sector 57,3,1
8679,3.0,3.0,2.0,12037.037037037036,0-1,1620.0,1.95,Sector 57,3,1
8680,3.0,3.0,2.0,10000.0,Under Construction,1530.0,1.53,Sector 93,0,0
8681,3.0,3.0,2.0,10185.185185185184,0-1,1620.0,1.65,Sector 57,3,1
8682,3.0,3.0,2.0,12268.518518518518,0-1,2160.0,2.65,Sector 52,2,1
8683,3.0,3.0,2.0,10222.222222222224,0-1,2250.0,2.3,Sector 102,5,0
8684,3.0,4.0,3.0,7787.0,0-1,2825.0,2.2,Sector 108,1,0
8685,4.0,4.0,3.0,20105.0,5-10,3979.0,8.0,DLF Phase 5,5,0
8686,3.0,2.0,2.0,9311.0,Under Construction,1420.0,1.15,Sector 93,5,0
8687,3.0,4.0,4.0,5122.0,5-10,2381.0,1.22,Sector 109,3,1
8688,3.0,3.0,2.0,8823.0,Under Construction,1826.0,1.35,Sector 93,5,0
8689,3.0,3.0,2.0,6635.0,0-1,3240.0,2.15,Sector 23,2,1
8690,4.0,4.0,3.0,6358.0,0-1,3240.0,2.06,Sector 23,2,1
8691,2.0,2.0,1.0,14117.0,0-1,850.0,1.2,Sector 42,3,1
8692,2.0,2.0,2.0,8000.0,0-1,1350.0,1.08,Sector 88B,3,0
8693,3.0,3.0,2.0,10485.0,0-1,1030.0,1.08,Gwal Pahari,5,0
8694,3.0,3.0,4.0,9173.0,Under Construction,1875.0,1.72,Sector 103,2,0
8695,3.0,4.0,4.0,12448.0,1-5,2450.0,3.05,Sector 104,6,0
8696,1.0,1.0,1.0,6756.0,5-10,740.0,0.56,Sector 56,3,1
8697,3.0,2.0,3.0,8275.0,Under Construction,1450.0,1.2,Sector 83,1,0
8698,4.0,4.0,4.0,8518.0,Under Construction,2700.0,2.3,Sector 84,4,0
8699,3.0,3.0,2.0,12690.0,0-1,2167.0,2.75,Sector 31,2,1
8700,3.0,3.0,3.0,9523.0,1-5,1260.0,1.2,Sector 23,2,1
8701,4.0,4.0,3.0,11204.0,0-1,2856.0,3.2,South City 2,3,1
8702,2.0,2.0,2.0,6692.0,Under Construction,1300.0,0.87,Sector 92,4,0
8703,3.0,3.0,4.0,9066.0,Under Construction,1875.0,1.7,Sector 103,2,0
8704,2.0,2.0,2.0,8217.0,Under Construction,1190.0,0.83,Sector 92,4,0
8705,4.0,4.0,4.0,8518.0,Under Construction,2700.0,2.3,Sector 84,4,0
8706,3.0,2.0,3.0,8206.0,Under Construction,1450.0,1.19,Sector 83,1,0
8707,3.0,2.0,3.0,7983.0,Under Construction,1432.0,0.95,Sector 92,4,0
8708,4.0,4.0,3.0,17370.0,0-1,2533.0,4.4,DLF Phase 2,3,1
8709,3.0,3.0,3.0,9933.0,0-1,2265.0,2.25,Sector 57,3,1
8710,3.0,3.0,4.0,19200.0,Under Construction,1305.0,1.92,Sector 63A,5,0
8711,2.0,2.0,4.0,15188.0,Under Construction,1240.0,1.61,Sector 63A,5,0
8712,4.0,4.0,2.0,16551.0,Under Construction,1900.0,2.4,Sector 63A,6,0
8713,4.0,4.0,2.0,14827.0,Under Construction,1900.0,2.15,Sector 63A,6,0
8714,1.0,1.0,1.0,6097.0,5-10,820.0,0.56,Sector 56,3,1
8715,3.0,3.0,2.0,16521.0,Under Construction,1700.0,1.9,Sector 63A,6,0
8716,3.0,3.0,2.0,11470.0,Under Construction,1700.0,1.95,Sector 63A,6,0
8717,4.0,4.0,3.0,12437.810945273632,0-1,3618.0,4.5,DLF Phase 2,3,0
8718,4.0,4.0,3.0,24408.0,5-10,2704.0,6.6,Sector 54,4,0
8719,4.0,4.0,3.0,20408.0,5-10,2450.0,5.0,Sector 42,3,0
8721,4.0,4.0,4.0,5878.0,10+,1684.0,0.99,Gwal Pahari,2,1
8722,4.0,4.0,4.0,21918.0,5-10,3034.0,6.65,Sector 54,4,0
8723,4.0,4.0,3.0,10833.333333333334,0-1,3600.0,3.9,Sushant Lok Phase 2,3,0
8724,4.0,4.0,3.0,10277.777777777776,0-1,3600.0,3.7,Sushant Lok Phase 2,3,0
8725,3.0,2.0,3.0,8206.0,Under Construction,1450.0,1.19,Sector 83,1,1
8726,4.0,4.0,4.0,8703.0,Under Construction,2700.0,2.35,Sector 84,4,0
8727,3.0,3.0,4.0,9224.0,Under Construction,1496.0,1.38,Sector 93,5,1
8728,2.0,2.0,3.0,8217.0,Under Construction,1010.0,0.83,Sector 92,4,0
8729,3.0,2.0,2.0,6607.0,5-10,1680.0,1.36,Sector 56,3,0
8730,4.0,4.0,3.0,18773.0,5-10,2610.0,4.9,DLF Phase 5,3,0
8731,4.0,4.0,3.0,21165.0,5-10,2575.0,5.45,DLF Phase 5,4,0
8732,2.0,2.0,2.0,12669.0,10+,1105.0,1.4,DLF Phase 4,3,0
8733,3.0,4.0,1.0,19480.0,1-5,2156.0,4.2,sector 58,5,0
8734,4.0,4.0,3.0,25000.0,5-10,3800.0,9.5,Sector 54,3,1
8735,4.0,4.0,3.0,21362.0,5-10,3979.0,8.5,DLF Phase 5,5,1
8736,4.0,5.0,3.0,20666.0,5-10,3000.0,6.2,Sector 54,4,1
8737,4.0,4.0,3.0,24757.0,5-10,4645.0,11.4996265,Sector 54,3,1
8738,3.0,4.0,3.0,31645.0,1-5,2686.0,8.5,Sector 54,5,1
8739,3.0,4.0,4.0,9224.0,Under Construction,1496.0,1.38,Sector 93,0,0
8740,3.0,3.0,4.0,8466.0,Under Construction,1500.0,1.27,Sector 93,4,0
8741,3.0,3.0,4.0,8738.0,Under Construction,1110.0,0.97,Sector 92,4,0
8742,3.0,3.0,3.0,11570.0,1-5,1210.0,1.4,Sector-33 Sohna,3,1
8743,1.0,1.0,1.0,6802.0,5-10,735.0,0.48,Sector 56,3,1
8744,3.0,2.0,3.0,7652.0,5-10,1725.0,1.38,Sector 56,3,0
8745,3.0,4.0,4.0,6405.0,Under Construction,1530.0,0.98,Sector 92,4,0
8746,3.0,5.0,3.0,31645.0,1-5,2686.0,8.5,Sector 54,5,1
8747,3.0,3.0,3.0,14454.0,Under Construction,1605.0,2.32,Sector 111,5,1
8748,3.0,4.0,4.0,9713.0,1-5,2059.0,2.0,Sector 88A,4,0
8749,4.0,5.0,3.0,6851.851851851852,Under Construction,2700.0,1.85,Sector 84,4,1
8750,3.0,4.0,4.0,8445.0,1-5,2001.0,1.69,Sector 88A,4,0
8751,3.0,4.0,4.0,9298.0,1-5,2366.0,2.2,Sector 79,3,1
8752,2.0,2.0,4.0,7583.0,1-5,1490.0,1.13,Sector 88A,4,0
8753,3.0,4.0,4.0,9509.0,1-5,2366.0,2.25,Sector 79,3,0
8754,3.0,3.0,4.0,8096.0,1-5,1825.0,1.61,Sector 88A,4,1
8755,3.0,4.0,4.0,8636.0,1-5,2142.0,1.85,Sector 88A,4,1
8756,3.0,4.0,4.0,8395.0,1-5,2001.0,1.67,Sector 88A,4,0
8757,3.0,3.0,4.0,8599.0,Under Construction,1500.0,1.29,Sector 93,4,0
8758,3.0,3.0,4.0,8235.0,Under Construction,1190.0,0.98,Sector 92,4,0
8759,3.0,3.0,4.0,8600.0,Under Construction,1500.0,1.29,Sector 93,4,0
8760,2.0,2.0,3.0,7920.0,Under Construction,1010.0,0.8,Sector 92,4,0
8761,1.0,1.0,1.0,5263.0,5-10,855.0,0.48,Sector 56,3,1
8762,3.0,2.0,2.0,8047.0,5-10,1690.0,1.5,Sector 56,3,1
8763,1.0,1.0,1.0,7092.0,5-10,705.0,0.55,Sector 56,3,1
8764,3.0,3.0,4.0,8666.0,Under Construction,1500.0,1.3,Sector 93,4,0
8766,3.0,3.0,4.0,8600.0,Under Construction,1500.0,1.29,Sector 93,4,0
8767,3.0,2.0,3.0,8235.0,Under Construction,1190.0,0.98,Sector 92,4,0
8768,2.0,2.0,2.0,7920.0,Under Construction,1010.0,0.8,Sector 92,4,0
8769,3.0,3.0,3.0,8666.0,Under Construction,1500.0,1.3,Sector 93,4,0
8770,4.0,4.0,3.0,12037.037037037036,0-1,2700.0,3.25,Sector 56,3,0
8771,4.0,4.0,3.0,10370.37037037037,0-1,2700.0,2.8,Sector 56,3,0
8772,8.0,9.0,3.0,21604.938271604937,5-10,3240.0,7.0,Sector 56,3,1
8773,3.0,3.0,2.0,9047.0,1-5,2100.0,1.9,Sector 40,3,0
8774,3.0,3.0,3.0,14516.0,1-5,2225.0,2.25,Sector 113 Gurgaon,4,1
8775,4.0,5.0,2.0,13333.0,0-1,2700.0,3.6,Sushant Lok Phase 1,3,1
8776,2.0,2.0,3.0,5800.0,10+,1250.0,0.725,Gwal Pahari,2,1
8777,4.0,4.0,4.0,14814.0,Under Construction,3375.0,5.0,Sector 106,0,0
8778,2.0,2.0,3.0,10513.0,0-1,1227.0,1.29,Sector 70A,4,0
8779,3.0,3.0,2.0,10046.0,1-5,2150.0,2.16,Sector 40,3,0
8780,3.0,3.0,2.0,10000.0,1-5,2100.0,2.1,Sector 40,3,0
8781,3.0,3.0,3.0,9597.0,1-5,1615.0,1.55,Sector 110 A,3,1
8782,2.0,2.0,3.0,11673.0,1-5,822.0,0.6,Sohna,4,0
8784,3.0,3.0,4.0,6000.0,Under Construction,1750.0,1.05,Sector 89 A,4,0
8785,3.0,5.0,4.0,9709.0,Under Construction,3090.0,3.0,Sector 22,6,0
8786,4.0,6.0,4.0,10567.0,Under Construction,3975.0,4.2,Sector 22,6,0
8787,3.0,3.0,3.0,5946.0,Under Construction,1850.0,1.1,Sector 85,4,0
8788,2.0,2.0,3.0,11250.0,Under Construction,1433.0,1.61,Sector 65,5,1
8789,2.0,2.0,4.0,5741.0,0-1,1463.0,0.84,Sector 88A,2,0
8790,3.0,2.0,4.0,5630.0,Under Construction,1550.0,0.8725,Sector 99A,6,1
8791,3.0,3.0,4.0,6187.0,Under Construction,1689.0,1.04,Sector 104,5,1
8792,2.0,2.0,2.0,3789.0,1-5,950.0,0.36,Sohna,4,0
8793,2.0,2.0,3.0,7529.0,1-5,584.0,0.44,Sohna,3,0
8794,2.0,2.0,3.0,7400.0,Under Construction,1262.0,0.9339,Sector 70A,4,0
8795,3.0,3.0,4.0,8781.0,Under Construction,2050.0,1.8,Sector 63,3,1
8796,3.0,4.0,4.0,5877.0,0-1,2001.0,1.18,Sector 88A,4,0
8797,3.0,4.0,4.0,5966.0,0-1,3185.0,1.9,Sector 81,4,0
8798,3.0,3.0,3.0,6930.0,Under Construction,2078.0,1.44,Sector 3,5,1
8799,3.0,3.0,2.0,5000.0,0-1,2000.0,1.0,Sector 84,4,0
8800,4.0,4.0,4.0,8162.0,Under Construction,2720.0,2.22,Sector 106,5,1
8801,3.0,3.0,2.0,5000.0,0-1,2000.0,1.0,Sector 84,5,1
8802,3.0,4.0,3.0,7400.0,Under Construction,2475.0,1.83,Sector 70A,4,0
8803,3.0,4.0,4.0,8000.0,5-10,2250.0,1.8,Sector 52,2,1
8804,2.0,2.0,4.0,11055.0,Under Construction,1385.0,1.1,Sector-33 Sohna,4,0
8805,4.0,4.0,3.0,13777.777777777776,0-1,2250.0,3.1,Suncity,3,0
8806,4.0,4.0,3.0,13687.600644122384,0-1,2484.0,3.4,Suncity,3,1
8807,4.0,4.0,2.0,14090.177133655394,0-1,2484.0,3.5,Suncity,3,0
8808,4.0,4.0,3.0,10802.469135802468,0-1,3240.0,3.5,Sector 43,3,1
8809,4.0,4.0,4.0,7450.0,10+,1812.0,1.35,Valley View Estate,2,1
8810,3.0,3.0,3.0,5200.0,10+,1750.0,0.91,Valley View Estate,2,1
8811,4.0,4.0,4.0,7136.0,10+,2200.0,1.57,Valley View Estate,2,1
8812,3.0,3.0,3.0,5917.0,10+,1580.0,0.935,Valley View Estate,2,1
8813,2.0,2.0,3.0,6000.0,10+,1250.0,0.75,Valley View Estate,2,1
8814,3.0,3.0,3.0,11851.851851851852,1-5,3375.0,4.0,DLF Phase 1,1,1
8815,2.0,3.0,3.0,8571.0,1-5,1750.0,1.5,Sector 109,4,1
8816,3.0,4.0,4.0,12931.0,Under Construction,2122.0,1.65,Sohna,2,0
8817,1.0,1.0,1.0,3660.0,1-5,560.0,0.205,Sohna,4,1
8818,4.0,4.0,4.0,6819.0,5-10,2273.0,1.55,Valley View Estate,2,1
8819,2.0,2.0,2.0,5920.0,5-10,929.0,0.55,Valley View Estate,2,0
8820,4.0,4.0,4.0,13000.0,Under Construction,3600.0,4.68,Sector 77,1,0
8821,3.0,4.0,4.0,15084.0,Under Construction,2002.0,3.02,Sector 106,5,0
8822,3.0,4.0,3.0,4723.0,Under Construction,1800.0,0.85,Sector 37D,3,1
8823,4.0,6.0,4.0,6340.0,0-1,3470.0,2.2,Sector 81,4,0
8824,2.0,2.0,4.0,5927.0,Under Construction,1198.0,0.71,Sector 102,4,1
8825,3.0,3.0,2.0,4743.0,0-1,1750.0,0.8299,Sector 84,5,0
8826,3.0,3.0,4.0,5828.0,Under Construction,2025.0,1.18,Sector 77,6,0
8827,3.0,4.0,4.0,5833.0,Under Construction,2025.0,1.18,Sector 77,4,0
8828,3.0,4.0,4.0,5887.0,0-1,1995.0,1.17,Sector 92,4,0
8829,4.0,5.0,4.0,5819.0,0-1,2475.0,1.44,Sector 92,4,0
8830,4.0,5.0,2.0,8924.0,0-1,3250.0,2.9,Sector 72,3,0
8831,3.0,3.0,3.0,12549.0,0-1,2550.0,3.2,Sector 72,3,0
8832,3.0,3.0,1.0,7721.0,0-1,1930.0,1.49,Sector 86,4,1
8833,3.0,5.0,4.0,16600.0,Under Construction,2685.0,4.46,MG Road,4,1
8834,3.0,4.0,4.0,7424.0,Under Construction,2290.0,1.7,Sector 104,6,0
8835,4.0,4.0,4.0,8213.0,Under Construction,2350.0,1.93,Sohna,3,1
8836,2.0,2.0,3.0,5142.0,0-1,1264.0,0.65,Sohna,2,0
8837,4.0,4.0,4.0,5800.0,0-1,2122.0,1.23,Sohna,2,0
8838,3.0,4.0,4.0,4797.0,Under Construction,2122.0,1.02,Sohna,2,1
8839,2.0,2.0,3.0,4746.0,Under Construction,1264.0,0.6,Sohna,2,0
8840,3.0,2.0,4.0,4500.0,Under Construction,1210.0,0.5448,Sohna,4,1
8841,3.0,3.0,4.0,5310.0,Under Construction,1530.0,0.97,Sector 102,4,1
8842,4.0,4.0,4.0,7000.0,Under Construction,3150.0,2.2,Sector 104,6,0
8843,3.0,3.0,1.0,7510.0,0-1,1931.0,1.45,Sector 86,4,1
8844,3.0,4.0,2.0,10523.0,Under Construction,2073.0,2.18,Sector 108,5,0
8845,2.0,2.0,2.0,8690.0,Under Construction,1381.0,1.2,Sector 108,5,0
8846,3.0,2.0,3.0,5500.0,Under Construction,1550.0,0.8525,Sector 99A,6,1
8847,3.0,3.0,4.0,6273.0,Under Construction,1929.0,1.21,Sector-33 Sohna,4,1
8848,4.0,4.0,2.0,9452.0,1-5,2010.0,1.9,Sector 69,4,0
8849,2.0,2.0,3.0,9646.0,1-5,1130.0,1.09,Gwal Pahari,5,1
8850,3.0,3.0,4.0,14655.0,1-5,2047.0,3.0,Sector 67,4,0
8851,4.0,4.0,3.0,13924.0,1-5,1975.0,2.75,Sector 65,2,0
8852,4.0,4.0,3.0,10000.0,1-5,3200.0,3.2,Sector 63,6,1
8853,2.0,2.0,1.0,4629.0,Under Construction,1188.0,0.55,Sohna,4,1
8854,3.0,3.0,4.0,4381.0,Under Construction,1575.0,0.69,Sector-33 Sohna,4,0
8855,3.0,3.0,4.0,3774.0,Under Construction,1590.0,0.6,Sector-33 Sohna,4,0
8856,2.0,2.0,3.0,5215.0,Under Construction,1093.0,0.57,Sector-33 Sohna,4,0
8857,3.0,3.0,0.0,3774.0,Under Construction,1590.0,0.6,Sector-33 Sohna,4,0
8858,3.0,3.0,4.0,4381.0,Under Construction,1575.0,0.69,Sector-33 Sohna,4,0
8859,2.0,2.0,3.0,5033.0,Under Construction,1093.0,0.55,Sector-33 Sohna,4,0
8860,3.0,5.0,4.0,5026.0,Under Construction,3980.0,2.0,Sector 65,4,1
8861,2.0,1.0,3.0,4426.0,Under Construction,745.0,0.33,Sohna Road,2,1
8862,2.0,2.0,2.0,9698.0,5-10,1495.0,1.45,Sector 48,2,1
8863,3.0,3.0,3.0,15151.0,1-5,1650.0,2.5,Sector 47,2,1
8864,3.0,3.0,3.0,12534.0,1-5,1795.0,2.25,Sector 61,5,1
8865,2.0,2.0,2.0,25000.0,5-10,1060.0,2.65,DLF Phase 2,3,0
8866,3.0,3.0,2.0,9180.0,Under Construction,1525.0,1.4,Sector 79,4,0
8867,3.0,3.0,2.0,9150.0,Under Construction,1530.0,1.4,Sector 93,5,0
8868,3.0,2.0,4.0,9159.0,Under Construction,1190.0,1.09,Sector 81,2,0
8869,2.0,2.0,3.0,9306.0,Under Construction,1010.0,0.94,Sector 92,4,0
8870,3.0,2.0,2.0,11159.0,Under Construction,1389.0,1.55,Sector 104,5,0
8871,4.0,5.0,4.0,11323.0,1-5,3400.0,3.85,Sector 110,6,1
8872,3.0,3.0,3.0,14285.0,Under Construction,1855.0,2.65,Sector 106,5,0
8873,3.0,3.0,3.0,10361.0,Under Construction,1689.0,1.75,Sector 104,5,1
8874,3.0,3.0,2.0,9167.583425009168,1-5,2727.0,2.5,Sector 102,5,1
8875,3.0,3.0,4.0,9670.0,1-5,1758.0,1.7,Sector 108,4,0
8876,3.0,3.0,4.0,8000.0,5-10,2000.0,1.6,Sector 103,4,0
8877,3.0,3.0,3.0,10303.0,5-10,1650.0,1.7,Sector 102,4,1
8878,3.0,4.0,3.0,12649.0,5-10,2095.0,2.65,Sector 109,4,0
8879,4.0,4.0,4.0,7201.0,5-10,3055.0,2.2,Sector 109,1,1
8880,3.0,4.0,3.0,12020.0,5-10,2579.0,3.1,Sector 102,4,0
8881,3.0,3.0,3.0,11071.0,5-10,1698.0,1.88,Sector 102,4,0
8882,3.0,3.0,4.0,13740.0,1-5,2802.0,3.85,Sector 112,4,0
8883,4.0,4.0,3.0,17050.0,Under Construction,2434.0,4.15,Sector 108,5,0
8884,4.0,5.0,3.0,14406.0,1-5,2950.0,4.25,Sector 111,4,0
8885,4.0,5.0,3.0,11764.0,1-5,3400.0,4.0,Sector 110,6,0
8886,3.0,3.0,2.0,7863.0,Under Construction,1081.0,0.85,Sohna,4,1
8887,3.0,3.0,2.0,13001.0,Under Construction,1932.0,2.51,Sector 65,5,1
8888,3.0,3.0,2.0,10555.0,0-1,1800.0,1.9,Sector 102,4,1
8889,4.0,4.0,4.0,11000.0,Under Construction,3200.0,3.5,Sector 77,1,1
8890,3.0,3.0,3.0,9096.0,Under Construction,1704.0,1.55,Sector 69,6,1
8891,3.0,3.0,2.0,11666.0,Under Construction,1800.0,2.1,Sector 113 Gurgaon,1,1
8892,3.0,3.0,3.0,12352.0,Under Construction,1700.0,2.1,Sector 113 Gurgaon,5,1
8893,3.0,3.0,3.0,8432.0,Under Construction,1423.0,1.2,Sector 92,4,1
8894,3.0,3.0,2.0,13500.0,Under Construction,2040.0,2.75,Sector 65,5,0
8895,2.0,2.0,0.0,12616.0,0-1,1070.0,1.35,Sector-33 Sohna,4,1
8896,4.0,4.0,4.0,10801.0,0-1,2407.0,2.6,Sector-33 Sohna,4,1
8897,3.0,3.0,0.0,12558.0,0-1,1274.0,1.6,Sector-33 Sohna,4,1
8898,3.0,3.0,3.0,8659.0,0-1,1790.0,1.55,Sector-33 Sohna,4,1
8899,2.0,2.0,2.0,9813.0,0-1,1070.0,1.05,Sector-33 Sohna,4,1
8900,3.0,3.0,4.0,8740.74074074074,1-5,2700.0,2.36,Sushant Lok Phase 3,3,1
8901,3.0,3.0,4.0,18459.0,1-5,1869.0,3.45,Sector 48,5,0
8902,4.0,5.0,4.0,8152.0,1-5,4600.0,3.75,Sushant Lok Phase 1,3,1
8903,4.0,5.0,4.0,7608.0,1-5,4600.0,3.5,Sushant Lok Phase 1,3,1
8904,4.0,5.0,4.0,7934.0,1-5,4600.0,3.65,Sushant Lok Phase 1,3,1
8905,4.0,5.0,4.0,8478.0,1-5,4600.0,3.9,Sushant Lok Phase 1,3,1
8906,4.0,5.0,4.0,10000.0,1-5,3000.0,3.0,DLF Phase 1,3,1
8907,3.0,3.0,2.0,9490.74074074074,1-5,2160.0,2.05,Sushant Lok Phase 2,3,1
8908,3.0,3.0,2.0,11574.074074074077,0-1,2160.0,2.5,South City 1,3,1
8909,4.0,4.0,3.0,8291.873963515754,0-1,3618.0,3.0,South City 1,3,1
8910,3.0,3.0,2.0,13225.0,0-1,2367.0,2.05,Sector 23,2,1
8911,4.0,4.0,2.0,7407.0,0-1,3240.0,2.4,Palam Vihar,2,1
8912,3.0,3.0,2.0,8377.0,0-1,2459.0,2.06,Palam Vihar,2,1
8913,3.0,3.0,2.0,9095.0,0-1,1836.0,1.67,Sector 22,2,1
8914,3.0,3.0,2.0,8353.0,1-5,2430.0,2.03,Palam Vihar,2,1
8915,4.0,4.0,2.0,7634.0,0-1,3078.0,2.35,Sector 22,2,1
8916,3.0,3.0,2.0,13840.0,0-1,1250.0,1.73,Sector 22,2,1
8917,3.0,3.0,2.0,9531.590413943357,1-5,1836.0,1.75,Sector 23,2,1
8918,4.0,4.0,2.0,7304.0,1-5,4518.0,3.3,Palam Vihar,2,1
8919,4.0,4.0,2.0,7636.0,1-5,4518.0,3.45,Palam Vihar,2,1
8920,3.0,3.0,2.0,13185.0,1-5,1836.0,1.78,Sector 23,2,1
8921,3.0,3.0,2.0,13703.0,1-5,1836.0,1.85,Sector 23,2,1
8922,3.0,3.0,2.0,13870.0,1-5,2367.0,2.15,Sector 23,2,1
8923,3.0,3.0,2.0,10348.0,0-1,1836.0,1.9,Sector 22,2,1
8924,4.0,4.0,2.0,8831.0,0-1,4518.0,3.4,Sector 23,2,1
8925,4.0,4.0,2.0,8701.0,0-1,4518.0,3.35,Sector 23,2,1
8926,4.0,4.0,2.0,8571.0,0-1,4518.0,3.3,Sector 23,2,1
8927,3.0,3.0,2.0,14322.0,0-1,2367.0,2.22,Sector 23,2,1
8928,3.0,3.0,2.0,14516.0,0-1,2367.0,2.25,Sector 23,2,1
8929,3.0,3.0,2.0,8784.0,0-1,2459.0,2.16,Palam Vihar,2,1
8930,3.0,3.0,2.0,14080.0,0-1,1836.0,1.76,Sector 23,2,1
8931,3.0,3.0,2.0,9068.0,0-1,2459.0,2.23,Palam Vihar,2,1
8932,3.0,3.0,2.0,8946.0,0-1,2459.0,2.2,Palam Vihar,2,1
8933,3.0,3.0,2.0,8743.0,0-1,2459.0,2.15,Palam Vihar,2,1
8935,3.0,3.0,2.0,9083.0,0-1,2367.0,2.15,Sector 22,2,1
8936,3.0,3.0,2.0,8787.0,0-1,2367.0,2.08,Sector 22,2,1
8937,4.0,4.0,3.0,10588.0,0-1,3400.0,3.6,Sector 110,6,0
8938,3.0,3.0,2.0,8133.0,0-1,2459.0,2.0,Palam Vihar,2,1
8939,3.0,3.0,2.0,13600.0,0-1,1836.0,1.7,Sector 21,2,1
8940,3.0,3.0,2.0,7959.0,0-1,2450.0,1.95,Palam Vihar,2,1
8941,4.0,4.0,2.0,7342.0,0-1,3078.0,2.26,Sector 22,2,1
8942,3.0,3.0,2.0,8932.0,0-1,1836.0,1.64,Sector 22,2,1
8943,3.0,3.0,2.0,9041.0,0-1,1836.0,1.66,Sector 22,2,1
8944,4.0,4.0,2.0,7922.0,0-1,4518.0,3.05,Sector 23,2,1
8945,4.0,4.0,2.0,10590.0,0-1,3078.0,2.33,Sector 23,2,1
8946,4.0,4.0,2.0,10545.0,0-1,3078.0,2.32,Sector 23,2,1
8947,4.0,4.0,3.0,10454.0,0-1,3078.0,2.3,Sector 23,2,1
8948,4.0,4.0,2.0,10227.0,0-1,3078.0,2.25,Sector 23,2,1
8949,3.0,3.0,2.0,14064.0,0-1,2367.0,2.18,Sector 23,2,1
8950,3.0,3.0,2.0,14000.0,0-1,2367.0,2.17,Sector 23,2,1
8951,3.0,3.0,2.0,13935.0,0-1,2367.0,2.16,Sector 23,2,1
8952,3.0,3.0,2.0,13806.0,0-1,2367.0,2.14,Sector 23,2,1
8953,3.0,3.0,2.0,14064.0,0-1,2367.0,2.18,Sector 23,2,1
8954,3.0,3.0,2.0,14193.0,0-1,2367.0,2.2,Sector 23,2,1
8956,3.0,3.0,2.0,13548.0,0-1,2367.0,2.1,Sector 23,2,1
8957,3.0,3.0,2.0,13870.0,0-1,2367.0,2.15,Sector 23,2,1
8958,3.0,3.0,2.0,12903.0,0-1,2367.0,2.0,Sector 23,2,1
8959,3.0,3.0,2.0,14240.0,0-1,1836.0,1.78,Sector 23,2,1
8960,3.0,3.0,2.0,14080.0,0-1,1836.0,1.76,Sector 23,2,1
8961,3.0,3.0,2.0,13520.0,0-1,1836.0,1.69,Sector 23,2,1
8962,3.0,3.0,2.0,13680.0,0-1,1836.0,1.71,Sector 23,2,1
8963,3.0,3.0,2.0,13920.0,0-1,1836.0,1.74,Sector 23,2,1
8964,3.0,3.0,2.0,13440.0,0-1,1836.0,1.68,Sector 23,2,1
8965,3.0,3.0,2.0,14000.0,0-1,1250.0,1.75,Sector 23,2,1
8966,3.0,3.0,2.0,13360.0,0-1,1836.0,1.67,Sector 23,2,1
8967,3.0,3.0,2.0,8571.0,0-1,2450.0,2.1,Palam Vihar,2,1
8968,3.0,3.0,2.0,13840.0,0-1,1836.0,1.73,Sector 23,2,1
8969,3.0,3.0,2.0,8336.0,0-1,2459.0,2.05,Palam Vihar,2,1
8970,4.0,4.0,2.0,10222.0,0-1,3078.0,2.3,Sector 23,2,1
8971,3.0,3.0,2.0,9716.0,0-1,2367.0,2.3,Palam Vihar,2,1
8972,4.0,4.0,2.0,7407.0,0-1,3240.0,2.4,Palam Vihar,2,1
8973,4.0,4.0,2.0,9787.0,0-1,3078.0,2.3,Sector 23,2,1
8974,3.0,3.0,2.0,14193.0,0-1,2367.0,2.2,Sector 23,2,1
8975,3.0,3.0,2.0,13760.0,1-5,1836.0,1.72,Sector 23,2,1
8976,3.0,3.0,2.0,13548.0,0-1,2459.0,2.1,Sector 23,2,1
8977,3.0,3.0,2.0,9083.0,0-1,2367.0,2.15,Palam Vihar,2,1
8978,3.0,3.0,2.0,8133.0,0-1,2459.0,2.0,Palam Vihar,2,1
8979,3.0,3.0,2.0,10580.0,1-5,2367.0,1.64,Sector 23,2,1
8980,4.0,4.0,4.0,14540.0,5-10,3026.0,4.4,Sector 28,3,0
8981,3.0,3.0,2.0,9259.0,1-5,1836.0,1.7,Sector 22,2,1
8982,4.0,4.0,2.0,11195.606252640471,0-1,2367.0,2.65,Sector 46,2,1
8983,3.0,3.0,2.0,9259.25925925926,Under Construction,1836.0,1.7,Sector 57,3,1
8984,4.0,4.0,2.0,12139.0,0-1,2800.0,2.61,Sector 45,2,1
8985,4.0,4.0,3.0,8888.888888888889,5-10,2700.0,2.4,DLF Phase 2,2,1
8986,4.0,4.0,2.0,12454.0,0-1,1927.0,2.4,Sector 67A,4,1
8987,3.0,4.0,2.0,21880.0,1-5,1927.0,2.35,Sector 67A,4,0
8988,4.0,4.0,3.0,20531.0,Under Construction,3950.0,8.11,Sector 63,1,1
8989,4.0,4.0,3.0,13513.0,0-1,1950.0,2.5,Sector 63,1,1
8990,3.0,3.0,2.0,6384.0,5-10,1300.0,0.83,Valley View Estate,2,1
8991,4.0,4.0,3.0,13383.0,0-1,1980.0,2.65,Sector 63A,6,1
8992,4.0,4.0,4.0,7039.0,5-10,2273.0,1.6,Valley View Estate,2,0
8993,3.0,4.0,2.0,6959.0,1-5,1743.0,1.21,Sector 71,5,0
8994,4.0,4.0,4.0,6383.0,1-5,2193.0,1.4,Sector 71,5,0
8995,4.0,5.0,4.0,12473.0,1-5,2846.0,3.55,Sector 48,4,0
8996,4.0,4.0,4.0,13166.0,1-5,2195.0,2.89,Sector 48,4,0
8997,3.0,3.0,4.0,12118.0,1-5,1895.0,2.3,Sector 48,4,0
8998,3.0,3.0,4.0,12012.0,1-5,1665.0,2.0,Sector 48,4,0
8999,3.0,4.0,4.0,12116.0,0-1,2074.0,2.51,Sector 74,6,0
9000,2.0,2.0,4.0,11220.0,0-1,1426.0,1.6,Sector 74,6,0
9001,3.0,3.0,4.0,9817.0,1-5,1976.0,1.94,Sector 70A,0,0
9002,2.0,2.0,4.0,9793.0,0-1,1450.0,1.42,Sector 70A,0,0
9003,3.0,3.0,4.0,11419.0,1-5,1655.0,1.89,Sector 70A,4,0
9004,4.0,5.0,4.0,13769.0,1-5,2905.0,4.0,Sector 72,3,0
9005,3.0,4.0,4.0,16909.0,1-5,3844.0,6.5,Sector 65,5,0
9006,4.0,4.0,4.0,24238.0,1-5,4992.0,12.0996096,Sector 65,5,0
9007,2.0,2.0,2.0,17304.0,1-5,1508.0,2.61,Sector 62,5,0
9008,3.0,4.0,3.0,7491.0,1-5,1802.0,1.35,Sector 71,5,0
9009,3.0,4.0,2.0,6980.0,1-5,1762.0,1.23,Sector 71,5,0
9010,4.0,4.0,4.0,11657.0,1-5,2076.0,2.42,Sector 74,6,0
9011,2.0,2.0,4.0,11363.0,1-5,1408.0,1.6,Sector 74,6,0
9012,2.0,2.0,2.0,6677.0,1-5,1198.0,0.8,Sector 71,5,0
9013,3.0,4.0,4.0,19768.0,1-5,3025.0,5.98,Sector 59,6,0
9014,2.0,2.0,3.0,12461.0,0-1,1406.0,1.62,Sector 74,6,0
9015,3.0,3.0,3.0,12183.0,Under Construction,2054.0,2.5,Sector 65,5,1
9016,3.0,3.0,3.0,7940.0,Under Construction,2080.0,1.65,Sector 3,5,1
9017,2.0,2.0,2.0,10744.0,0-1,1407.0,1.5,Sector 74,6,0
9018,2.0,2.0,2.0,7340.0,Under Construction,1444.0,1.06,Sector 3,5,1
9019,3.0,3.0,3.0,7644.0,Under Construction,2080.0,1.59,Sector 3,5,1
9020,3.0,3.0,3.0,7211.0,Under Construction,2080.0,1.5,Sector 3,5,0
9021,2.0,2.0,2.0,7741.0,Under Construction,1550.0,1.2,Sector 3,5,1
9022,3.0,3.0,4.0,7699.0,Under Construction,2078.0,1.6,Sector 3,5,0
9023,2.0,2.0,2.0,13005.0,Under Construction,1261.0,1.64,Sector 65,5,0
9024,2.0,2.0,2.0,8183.0,Under Construction,1444.0,1.18,Sector 3,5,1
9025,4.0,4.0,3.0,7857.0,Under Construction,2800.0,2.2,Sector 3,5,0
9026,2.0,2.0,3.0,11517.0,0-1,1262.0,1.45,Sector 70A,4,1
9027,2.0,2.0,2.0,10204.0,0-1,1421.0,1.45,Sector 74,6,0
9028,4.0,4.0,4.0,8301.0,Under Construction,2700.0,2.2,Sector 3,5,1
9029,3.0,3.0,3.0,8173.0,Under Construction,2080.0,1.7,Sector 3,5,1
9030,3.0,3.0,3.0,8872.0,1-5,2085.0,1.85,Sector 72,2,0
9031,4.0,4.0,4.0,22000.0,1-5,1750.0,3.3,Sector 65,6,0
9032,4.0,4.0,4.0,16000.0,1-5,2000.0,3.2,Sector 65,2,1
9033,4.0,3.0,4.0,13142.0,1-5,1750.0,2.3,Sector 65,6,0
9034,3.0,3.0,4.0,15714.0,1-5,1510.0,2.2,Sector 65,6,0
9035,3.0,4.0,3.0,14977.0,0-1,2003.0,3.0,Sector 108,5,0
9036,3.0,3.0,2.0,16072.0,0-1,1711.0,2.75,Sector 108,5,1
9037,2.0,2.0,2.0,14120.0,0-1,1381.0,1.95,Sector 108,5,0
9038,4.0,6.0,4.0,12066.0,1-5,4848.0,5.85,Sector 112,4,0
9039,4.0,6.0,4.0,11963.0,1-5,4848.0,5.8,Sector 112,4,0
9040,3.0,5.0,4.0,12490.0,1-5,3763.0,4.7,Sector 112,4,0
9041,4.0,5.0,4.0,7500.0,0-1,2352.0,1.76,Sector 99A,5,0
9042,2.0,2.0,2.0,11363.0,0-1,1276.0,1.45,Sector 113 Gurgaon,5,0
9043,3.0,3.0,3.0,13750.0,Under Construction,1650.0,2.2,Sector 61,6,1
9044,3.0,3.0,2.0,8900.0,Under Construction,2000.0,1.78,Sector 63A,6,0
9045,2.0,2.0,3.0,11304.0,0-1,1350.0,1.3,Sector 70,3,0
9046,4.0,5.0,4.0,20151.515151515152,Under Construction,3300.0,6.65,Sushant Lok Phase 1,6,0
9047,3.0,4.0,3.0,19986.0,Under Construction,2892.0,5.78,Sector 53,3,0
9048,3.0,4.0,3.0,20006.0,Under Construction,2874.0,5.75,Sector 53,3,0
9049,5.0,5.0,4.0,10011.0,Under Construction,4495.0,4.5,DLF Phase 3,3,0
9050,4.0,4.0,4.0,12925.0,Under Construction,2700.0,3.49,DLF Phase 3,3,0
9051,4.0,4.0,4.0,12602.0,Under Construction,2745.0,3.46,DLF Phase 3,3,0
9052,4.0,4.0,4.0,13518.0,Under Construction,2700.0,3.65,Cyber City,3,0
9053,4.0,4.0,3.0,11250.0,Under Construction,3200.0,3.6,DLF Phase 3,3,0
9054,3.0,4.0,4.0,17611.0,Under Construction,3106.0,5.47,Sector 59,6,0
9055,3.0,4.0,4.0,17417.0,Under Construction,3106.0,5.41,Sector 59,6,0
9056,3.0,4.0,4.0,17224.0,Under Construction,3106.0,5.35,Sector 59,6,0
9057,3.0,4.0,4.0,16902.0,Under Construction,3106.0,5.25,Sector 59,6,0
9058,3.0,3.0,3.0,21023.0,Under Construction,2150.0,4.52,Sushant Lok Phase 1,6,0
9059,3.0,3.0,3.0,20930.0,Under Construction,2150.0,4.5,Sushant Lok Phase 1,6,0
9060,3.0,4.0,4.0,21000.0,Under Construction,2500.0,5.25,Sushant Lok Phase 1,6,0
9061,3.0,4.0,3.0,18425.0,0-1,2985.0,5.5,Sector 59,6,0
9062,3.0,4.0,4.0,18287.0,Under Construction,3106.0,5.68,Sector 59,6,0
9063,4.0,5.0,4.0,13466.0,0-1,4218.0,5.68,DLF Phase 3,3,0
9064,3.0,5.0,3.0,17922.0,0-1,2985.0,5.35,Sector 59,6,0
9065,3.0,3.0,3.0,21069.0,Under Construction,2150.0,4.53,Sushant Lok Phase 1,6,0
9066,3.0,4.0,3.0,18391.0,Under Construction,2985.0,5.49,Sector 59,6,0
9067,4.0,5.0,4.0,20000.0,Under Construction,3300.0,6.6,Sushant Lok Phase 1,6,0
9068,3.0,4.0,4.0,19934.0,Under Construction,2892.0,5.76,Sector 53,3,0
9069,3.0,4.0,3.0,18280.0,Under Construction,3025.0,5.53,Sector 59,6,0
9070,3.0,4.0,3.0,18677.0,Under Construction,3025.0,5.65,Sector 59,6,0
9071,3.0,4.0,3.0,18094.0,Under Construction,3106.0,5.62,Sector 59,6,0
9072,3.0,4.0,3.0,18383.0,Under Construction,3106.0,5.71,Sector 59,6,0
9073,3.0,4.0,3.0,19028.0,0-1,2985.0,5.68,Sector 59,6,0
9074,4.0,5.0,4.0,20454.0,Under Construction,3300.0,6.75,Sushant Lok Phase 1,6,0
9075,3.0,4.0,4.0,20920.000000000004,Under Construction,2500.0,5.23,Sushant Lok Phase 1,6,0
9076,3.0,4.0,3.0,20076.0,Under Construction,2874.0,5.77,Sector 53,3,0
9077,4.0,5.0,4.0,20005.42888165038,Under Construction,3684.0,7.37,Sector 53,3,0
9078,5.0,6.0,4.0,21008.21674439263,Under Construction,4503.0,9.46,Sector 53,3,0
9079,3.0,4.0,4.0,11593.0,5-10,2027.0,2.35,Sector 47,2,0
9080,3.0,4.0,4.0,19920.000000000004,Under Construction,2500.0,4.98,Sushant Lok Phase 1,6,0
9081,3.0,3.0,4.0,8096.0,5-10,2285.0,1.85,Sector 48,2,0
9082,3.0,4.0,4.0,8230.0,10+,2430.0,2.0,Sector 48,2,0
9083,4.0,4.0,4.0,26234.567901234568,5-10,3240.0,8.5,Sector 48,3,1
9084,3.0,3.0,4.0,16312.0,5-10,1805.0,2.3,Sector 49,3,1
9085,4.0,4.0,4.0,15676.0,10+,2562.0,3.3,Sector 49,3,1
9086,4.0,4.0,4.0,15000.0,10+,2195.0,2.85,Sector 48,4,1
9087,3.0,3.0,4.0,11411.0,10+,1665.0,1.9,Sector 48,4,1
9088,3.0,4.0,4.0,18595.0,10+,1860.0,2.25,Sector 48,4,1
9089,4.0,4.0,4.0,17500.0,5-10,2410.0,3.5,Sector 66,4,1
9090,3.0,4.0,4.0,14569.0,10+,1859.0,2.2,Sector 49,4,1
9091,3.0,4.0,4.0,31111.11111111111,1-5,2250.0,7.0,Sector 48,3,1
9092,3.0,3.0,4.0,8344.0,Under Construction,1450.0,1.21,Sector 83,0,0
9093,3.0,3.0,3.0,9110.0,1-5,1811.0,1.65,Sector 37D,4,0
9094,3.0,3.0,4.0,7752.0,5-10,1780.0,1.38,Palam Vihar,6,1
9095,7.0,6.0,4.0,14786.64976763836,5-10,2367.0,3.5,Sector 5,2,1
9096,6.0,6.0,2.0,18611.11111111111,10+,1800.0,3.35,Sector 5,2,1
9097,3.0,3.0,2.0,11450.0,1-5,1703.0,1.95,Sector 70A,4,0
9098,3.0,3.0,4.0,14985.0,Under Construction,2002.0,3.0,Sector 106,5,0
9099,3.0,4.0,4.0,7656.0,1-5,3200.0,2.45,Sector 84,6,0
9100,3.0,3.0,3.0,11162.0,1-5,2150.0,2.55,Sector 70A,4,1
9101,3.0,3.0,3.0,17424.0,1-5,2200.0,3.45,Sector 66,6,1
9102,3.0,3.0,4.0,13638.0,1-5,1855.0,2.53,Sector 106,5,0
9103,3.0,3.0,4.0,16363.0,1-5,1320.0,2.16,Sector 102,4,1
9104,3.0,4.0,2.0,17973.040439340988,1-5,2003.0,3.6,Sector 108,5,1
9105,3.0,4.0,4.0,14285.0,1-5,1855.0,2.65,Sector 106,5,1
9106,3.0,3.0,3.0,10242.0,Under Construction,1689.0,1.73,Sector 104,5,1
9107,3.0,3.0,3.0,9636.0,1-5,1650.0,1.59,Sector 102,4,0
9108,3.0,4.0,2.0,9300.0,1-5,2000.0,1.86,Sector 102,4,0
9109,3.0,4.0,1.0,9185.0,1-5,2025.0,1.86,Sector 102,4,0
9110,3.0,3.0,3.0,7417.0,1-5,1918.0,1.35,Sector 84,4,0
9111,2.0,2.0,3.0,6832.0,1-5,1610.0,1.1,Sector 84,4,0
9112,3.0,3.0,3.0,17222.0,0-1,1800.0,2.7,Sector 63,6,0
9113,3.0,3.0,3.0,16687.0,0-1,2588.0,4.35,Sector 62,5,0
9114,3.0,3.0,2.0,5762.0,1-5,1475.0,0.85,Sector 85,3,0
9115,2.0,2.0,2.0,6855.0,1-5,1342.0,0.92,Sector 77,4,0
9116,3.0,4.0,4.0,17098.0,5-10,2895.0,4.95,Sector 53,4,0
9117,3.0,4.0,4.0,17518.0,5-10,3425.0,6.0,Sector 53,4,0
9118,3.0,4.0,4.0,16788.0,5-10,3425.0,5.75,Sector 53,4,0
9119,3.0,3.0,4.0,16416.0,0-1,2588.0,4.25,Sector 62,5,0
9120,3.0,4.0,4.0,16610.0,0-1,2588.0,4.3,Sector 62,5,0
9121,2.0,2.0,2.0,16243.0,0-1,1508.0,2.45,Sector 62,5,0
9122,3.0,3.0,3.0,11860.0,1-5,2150.0,2.55,Sector 70,2,0
9123,2.0,2.0,3.0,11182.0,0-1,1565.0,1.75,Sector 70A,4,1
9124,2.0,2.0,2.0,11489.0,1-5,1262.0,1.45,Sector 70A,4,1
9125,3.0,3.0,3.0,12404.0,0-1,2217.0,2.75,Sector 113 Gurgaon,5,1
9126,3.0,4.0,4.0,10144.0,1-5,1942.0,1.97,Sector 102,6,1
9127,3.0,3.0,2.0,15862.0,1-5,1450.0,2.3,Sector 65,2,0
9128,3.0,3.0,3.0,11627.0,1-5,2150.0,2.5,Sector 70A,4,0
9129,4.0,5.0,4.0,19696.0,1-5,3900.0,6.5,Sector 66,6,0
9130,3.0,4.0,3.0,16363.0,1-5,2200.0,3.6,Sector 66,6,0
9131,4.0,4.0,2.0,7460.31746031746,0-1,3150.0,2.35,Sector 67,3,1
9132,4.0,4.0,2.0,7936.507936507936,0-1,3150.0,2.5,Sector 67,3,1
9133,4.0,4.0,2.0,12268.518518518518,0-1,2160.0,2.65,Ardee City,2,1
9134,4.0,4.0,2.0,11878.787878787878,0-1,2475.0,2.94,Mayfield Garden,3,1
9135,4.0,4.0,2.0,12962.962962962964,Under Construction,2700.0,3.5,Sushant Lok Phase 1,2,1
9136,5.0,5.0,3.0,16507.93650793651,0-1,3150.0,5.2,Sector 67,3,1
9137,4.0,4.0,2.0,11598.052235502437,0-1,4518.0,5.24,Cyber City,3,1
9138,4.0,4.0,2.0,10126.984126984127,0-1,3150.0,3.19,Sector 50,3,1
9139,4.0,4.0,2.0,11072.7969348659,0-1,2610.0,2.89,Sector 50,3,1
9140,3.0,3.0,1.0,14000.0,0-1,2100.0,2.52,Sector 67,3,1
9141,3.0,3.0,2.0,8387.0,0-1,1550.0,1.3,Sector 88B,3,1
9142,3.0,3.0,1.0,10984.368398817069,0-1,2367.0,2.6,Sector 31,2,1
9143,3.0,3.0,2.0,8680.555555555555,0-1,1728.0,1.5,Sector 57,3,1
9144,4.0,3.0,2.0,4898.446833930704,0-1,1674.0,0.82,Jyoti Park,2,1
9145,2.0,2.0,4.0,7122.0,1-5,1404.0,1.0,Sector 91,3,1
9146,3.0,2.0,2.0,6806.0,1-5,1616.0,1.1,Sector 77,4,0
9147,3.0,3.0,1.0,5769.0,0-1,1300.0,0.75,Sector 67,3,1
9148,9.0,3.0,3.0,27006.172839506173,1-5,1944.0,5.25,Malibu Town,2,1
9149,2.0,2.0,1.0,6270.0,0-1,925.0,0.56,Sector 37C,2,1
9150,4.0,4.0,2.0,7272.0,1-5,1100.0,0.8,Sohna,1,1
9151,4.0,4.0,3.0,16363.0,Under Construction,2750.0,4.5,Sector 63,6,0
9152,2.0,2.0,3.0,14920.0,Under Construction,1508.0,2.25,Sector 62,5,1
9153,3.0,4.0,2.0,15476.0,0-1,2003.0,3.1,Sector 108,5,1
9154,3.0,3.0,4.0,13736.0,Under Construction,2002.0,2.75,Sector 106,5,1
9155,3.0,3.0,3.0,11395.0,1-5,2150.0,2.45,Sector 70A,4,0
9156,4.0,5.0,2.0,10037.0,1-5,2700.0,2.71,Sushant Lok Phase 1,3,0
9157,3.0,4.0,2.0,12577.0,1-5,2250.0,2.83,DLF Phase 2,3,0
9158,4.0,5.0,4.0,13586.0,1-5,4600.0,6.25,DLF Phase 2,3,0
9159,4.0,5.0,4.0,20124.0,0-1,2733.0,5.5,Sector 63,6,0
9160,5.0,6.0,4.0,14002.0,1-5,4999.0,7.0,DLF Phase 1,3,0
9161,3.0,3.0,3.0,11162.0,1-5,2150.0,2.4,Sector 70A,4,1
9162,2.0,2.0,2.0,13500.0,Under Construction,1250.0,1.69,Sector 65,5,0
9163,4.0,5.0,2.0,9406.0,1-5,4518.0,4.25,Sushant Lok Phase 1,3,0
9164,3.0,4.0,4.0,13280.0,1-5,2259.0,3.0,DLF Phase 2,3,0
9165,4.0,5.0,2.0,11888.0,1-5,2700.0,3.21,DLF Phase 2,3,0
9166,3.0,3.0,4.0,12919.0,1-5,1935.0,2.5,DLF Phase 2,3,0
9167,4.0,4.0,2.0,13111.0,1-5,2250.0,2.95,DLF Phase 2,3,0
9168,4.0,5.0,2.0,10935.0,1-5,2844.0,3.11,DLF Phase 2,3,0
9169,4.0,5.0,2.0,11629.0,1-5,2700.0,3.14,DLF Phase 1,3,0
9170,3.0,4.0,4.0,11646.0,1-5,2490.0,2.9,DLF Phase 1,3,0
9171,3.0,4.0,4.0,12653.0,1-5,2450.0,3.1,DLF Phase 1,3,1
9172,4.0,4.0,4.0,12037.0,1-5,2700.0,3.25,DLF Phase 2,3,0
9173,4.0,5.0,2.0,12407.0,1-5,2700.0,3.35,DLF Phase 2,3,0
9174,4.0,5.0,2.0,11814.0,1-5,2700.0,3.19,DLF Phase 2,3,0
9175,3.0,4.0,2.0,10910.0,1-5,1935.0,2.11,Sushant Lok Phase 1,3,0
9176,4.0,5.0,2.0,11111.0,1-5,4500.0,5.0,Sushant Lok Phase 1,3,0
9177,4.0,5.0,2.0,10864.0,1-5,3240.0,3.52,Sushant Lok Phase 1,3,0
9178,4.0,5.0,2.0,10688.0,1-5,4500.0,4.81,Sushant Lok Phase 1,3,0
9179,4.0,5.0,2.0,12121.0,1-5,3762.0,4.56,Sushant Lok Phase 1,3,0
9180,4.0,5.0,2.0,11555.0,1-5,2700.0,3.12,Sushant Lok Phase 1,3,0
9181,3.0,3.0,2.0,13333.0,1-5,2250.0,3.0,DLF Phase 2,3,1
9182,4.0,5.0,4.0,14227.0,0-1,3690.0,5.25,DLF Phase 2,3,0
9183,4.0,5.0,2.0,11111.0,0-1,2700.0,3.0,DLF Phase 2,3,0
9184,4.0,5.0,2.0,13333.0,0-1,2700.0,3.6,DLF Phase 2,3,0
9185,4.0,5.0,2.0,10779.0,0-1,3618.0,3.9,DLF Phase 2,3,0
9186,4.0,6.0,4.0,14502.0,0-1,3620.0,5.25,DLF Phase 2,3,0
9187,4.0,4.0,2.0,12037.0,0-1,2700.0,3.25,DLF Phase 2,3,0
9188,4.0,5.0,4.0,14940.0,0-1,4518.0,6.75,DLF Phase 1,3,1
9189,3.0,4.0,2.0,12500.0,1-5,1800.0,2.25,DLF Phase 2,3,0
9190,4.0,5.0,4.0,13888.0,1-5,2700.0,3.75,DLF Phase 1,3,0
9191,3.0,4.0,4.0,14897.0,1-5,2450.0,3.65,DLF Phase 1,3,0
9192,5.0,6.0,4.0,11500.0,1-5,5000.0,5.75,DLF Phase 2,3,0
9193,4.0,5.0,4.0,15233.0,0-1,4595.0,7.0,DLF Phase 2,3,0
9194,4.0,5.0,4.0,13546.0,0-1,3691.0,5.0,DLF Phase 2,3,0
9195,4.0,5.0,3.0,12434.0,1-5,3619.0,4.5,DLF Phase 2,3,1
9196,4.0,5.0,4.0,12765.0,0-1,4700.0,6.0,DLF Phase 1,3,0
9197,4.0,5.0,4.0,12037.0,0-1,2700.0,3.25,Sushant Lok Phase 1,3,1
9198,4.0,5.0,4.0,10513.0,0-1,4518.0,4.75,Sushant Lok Phase 1,3,0
9199,4.0,5.0,4.0,13888.0,0-1,3600.0,5.0,DLF Phase 1,3,1
9200,4.0,5.0,4.0,14940.0,0-1,4518.0,6.75,DLF Phase 1,3,1
9201,4.0,5.0,2.0,10196.0,0-1,2844.0,3.75,DLF Phase 2,3,0
9202,4.0,5.0,4.0,11066.0,0-1,4518.0,5.0,DLF Phase 2,3,0
9203,4.0,4.0,4.0,13128.0,0-1,3618.0,4.75,DLF Phase 2,3,0
9204,4.0,4.0,2.0,12306.0,0-1,2844.0,3.5,DLF Phase 2,3,0
9205,4.0,5.0,4.0,11620.0,0-1,4518.0,5.25,DLF Phase 2,3,0
9206,4.0,4.0,2.0,22222.0,0-1,1800.0,4.0,DLF Phase 2,3,0
9207,4.0,5.0,4.0,14989.0,0-1,2335.0,3.5,DLF Phase 4,3,0
9208,4.0,5.0,4.0,14660.493827160491,0-1,3240.0,4.75,DLF Phase 4,3,0
9209,4.0,4.0,4.0,12884.0,0-1,4579.0,5.9,DLF Phase 2,3,0
9210,4.0,5.0,4.0,13589.0,0-1,4599.0,6.25,DLF Phase 2,3,0
9211,4.0,5.0,4.0,10223.0,0-1,4842.0,4.95,DLF Phase 1,3,1
9212,5.0,5.0,4.0,12024.0,0-1,4990.0,6.0,DLF Phase 1,3,0
9213,4.0,5.0,4.0,12502.0,0-1,4999.0,6.25,DLF Phase 2,3,1
9214,4.0,5.0,4.0,12686.0,0-1,4690.0,5.95,DLF Phase 2,3,0
9215,4.0,5.0,4.0,13819.0,0-1,3618.0,5.0,DLF Phase 2,3,1
9216,4.0,5.0,4.0,10638.0,0-1,4700.0,5.0,DLF Phase 1,3,0
9217,4.0,5.0,4.0,13333.0,0-1,4500.0,6.0,DLF Phase 1,3,1
9218,4.0,5.0,4.0,14444.0,0-1,4500.0,6.5,DLF Phase 1,3,1
9219,4.0,5.0,4.0,12345.67901234568,0-1,3240.0,4.0,DLF Phase 4,3,0
9220,4.0,5.0,4.0,15493.0,0-1,4518.0,7.0,DLF Phase 4,3,0
9221,5.0,6.0,4.0,13002.0,0-1,4999.0,6.5,DLF Phase 4,3,0
9222,4.0,5.0,4.0,11440.0,0-1,4589.0,5.25,DLF Phase 2,3,0
9223,3.0,2.0,4.0,8222.0,1-5,1800.0,1.48,Sector 31,2,1
9224,2.0,2.0,2.0,8481.0,5-10,1350.0,1.14,DLF Phase 3,3,1
9225,3.0,4.0,4.0,8697.0,1-5,2150.0,2.11,Sector 89 A,4,0
9226,3.0,4.0,2.0,6462.0,1-5,2120.0,1.5,Sector 85,6,0
9227,3.0,3.0,3.0,8827.0,0-1,1450.0,1.35,Sector 89,5,0
9228,3.0,3.0,3.0,12450.0,0-1,2000.0,2.49,Sector 74,6,0
9229,2.0,2.0,2.0,11357.0,0-1,1400.0,1.59,Sector 74,6,0
9230,2.0,2.0,2.0,5306.0,1-5,1225.0,0.65,Sector 81,1,1
9231,3.0,5.0,3.0,8205.0,0-1,1950.0,1.6,Sector 70,3,0
9232,3.0,3.0,4.0,6267.0,5-10,1755.0,1.1,Sector 83,4,0
9233,3.0,3.0,4.0,8560.0,Under Construction,2015.0,1.73,Sector 79,3,0
9234,3.0,3.0,4.0,8436.0,0-1,2015.0,1.7,Sector 79,3,0
9235,2.0,2.0,2.0,4000.0,0-1,950.0,0.43,Sohna,4,0
9236,4.0,4.0,3.0,9183.0,1-5,2450.0,2.25,Sector 37D,5,0
9237,2.0,2.0,2.0,6933.0,5-10,1298.0,0.9,Sector 82,4,0
9238,3.0,3.0,3.0,11944.0,1-5,2093.0,2.5,Nirvana Country,5,0
9239,3.0,2.0,3.0,7419.0,0-1,1550.0,1.15,Sector 99A,5,0
9240,3.0,3.0,4.0,9712.0,Under Construction,2780.0,2.7,Sector 99,4,0
9241,4.0,5.0,4.0,6578.0,0-1,2812.0,2.0,Sector 85,4,0
9242,3.0,3.0,4.0,9389.0,Under Construction,1704.0,1.6,Sector 69,6,0
9243,5.0,5.0,4.0,9232.0,Under Construction,2946.0,2.72,Sector 69,6,0
9244,3.0,3.0,4.0,15372.0,Under Construction,1704.0,1.59,Sector 69,6,0
9245,3.0,3.0,4.0,9624.0,Under Construction,1704.0,1.64,Sector 69,6,0
9246,2.0,2.0,2.0,8715.0,1-5,1199.0,1.04,Sector 68,4,0
9247,3.0,3.0,3.0,6222.0,1-5,1800.0,1.15,Sector 37D,3,0
9248,3.0,3.0,3.0,8611.0,Under Construction,1800.0,1.35,Sector 93,4,0
9249,3.0,3.0,3.0,7736.0,1-5,1577.0,1.22,Sector 89,5,0
9250,4.0,4.0,3.0,5714.0,1-5,2800.0,1.85,Sector 84,4,0
9251,4.0,4.0,3.0,5535.0,1-5,2800.0,1.7,Sector 84,4,0
9252,2.0,2.0,2.0,9016.0,1-5,1220.0,1.1,Sector 68,4,0
9253,3.0,3.0,3.0,14570.0,0-1,1650.0,1.49,Sector 102,4,0
9254,4.0,4.0,3.0,12600.0,Under Construction,2500.0,3.55,DLF Phase 2,3,0
9255,3.0,3.0,3.0,9928.0,Under Construction,1672.0,1.55,Sector 76,5,0
9256,3.0,3.0,4.0,8198.0,1-5,1976.0,1.62,Sector 70A,0,0
9257,2.0,2.0,3.0,8385.0,Under Construction,1270.0,1.07,Sector 68,2,1
9258,2.0,2.0,2.0,9151.0,1-5,1202.0,1.1,Sector 68,4,0
9259,3.0,3.0,2.0,7850.0,0-1,2000.0,1.45,Sector 84,4,0
9260,2.0,3.0,4.0,9602.0,1-5,1510.0,1.45,Sector 70,3,0
9261,3.0,4.0,3.0,8837.0,1-5,2150.0,1.9,Sector 70,3,0
9262,3.0,4.0,3.0,8604.0,1-5,2150.0,1.85,Sector 70,3,0
9263,3.0,4.0,4.0,8837.0,1-5,2150.0,1.9,Sector 70A,4,0
9264,3.0,3.0,3.0,11982.0,0-1,1836.0,2.2,Sector 69,4,0
9265,4.0,4.0,3.0,12254.901960784313,1-5,3060.0,3.75,DLF Phase 2,3,1
9266,3.0,3.0,4.0,5856.0,1-5,3193.0,1.87,Sector 84,4,0
9267,4.0,4.0,3.0,10984.368398817069,1-5,2367.0,2.6,Sector 57,3,1
9268,4.0,4.0,3.0,31578.0,1-5,4000.0,12.6312,Sector 54,5,0
9269,3.0,3.0,4.0,14444.0,1-5,1350.0,1.95,Sector 65,4,0
9270,3.0,3.0,4.0,14722.0,Under Construction,2129.0,3.13,Sector-33 Sohna,0,0
9271,2.0,2.0,3.0,9504.0,Under Construction,1210.0,1.15,Sector-33 Sohna,3,1
9272,3.0,3.0,3.0,12991.0,Under Construction,1855.0,2.41,Sector 106,5,1
9273,3.0,3.0,3.0,13986.0,Under Construction,2002.0,2.8,Sector 106,5,1
9274,4.0,4.0,4.0,11425.0,0-1,2407.0,2.75,Sector-33 Sohna,4,0
9275,3.0,3.0,4.0,10061.0,0-1,1789.0,1.8,Sector-33 Sohna,4,0
9276,4.0,4.0,4.0,20588.0,0-1,1700.0,3.5,Sohna,3,0
9277,2.0,2.0,3.0,15648.0,Under Construction,1433.0,1.87,Sector 65,5,0
9278,4.0,4.0,4.0,19145.0,Under Construction,3395.0,6.5,Sector 59,6,0
9279,4.0,4.0,3.0,13818.0,Under Construction,2750.0,3.8,Sector 106,5,1
9280,3.0,3.0,3.0,7951.0,Under Construction,2050.0,1.63,Sector 3,5,1
9281,3.0,3.0,3.0,25030.0,0-1,2588.0,4.1,Sector 62,5,0
9282,4.0,4.0,3.0,14629.0,1-5,2905.0,4.25,Sector 72,3,0
9283,4.0,4.0,3.0,24905.0,Under Construction,3395.0,6.6,Sector 59,6,0
9284,3.0,3.0,3.0,14985.0,Under Construction,2002.0,3.0,Sector 106,5,0
9285,2.0,2.0,3.0,13440.0,Under Construction,1250.0,1.68,Sector 65,5,1
9286,2.0,2.0,3.0,14982.0,1-5,1435.0,2.15,Sector 67,4,0
9287,3.0,3.0,4.0,9502.0,0-1,1789.0,1.7,Sector-33 Sohna,4,0
9288,3.0,2.0,3.0,15000.0,Under Construction,1230.0,1.2,Sector-33 Sohna,2,0
9289,5.0,5.0,4.0,20618.0,1-5,4850.0,10.0,Sector 62,4,0
9290,3.0,5.0,2.0,22584.0,1-5,3498.0,7.9,Sector 62,4,0
9291,4.0,4.0,3.0,8853.474988933156,1-5,4518.0,4.0,DLF Phase 3,3,1
9292,4.0,4.0,2.0,11538.0,1-5,2600.0,3.0,Sushant Lok Phase 1,3,1
9293,3.0,4.0,3.0,17851.0,1-5,3025.0,5.4,Sector 59,6,0
9294,4.0,4.0,3.0,13769.0,1-5,2905.0,4.0,Sector 72,3,0
9295,3.0,3.0,3.0,18111.0,Under Construction,2595.0,4.7,Sector 59,6,0
9296,4.0,5.0,4.0,13700.0,1-5,2905.0,3.98,Sector 72,3,0
9297,3.0,3.0,2.0,13277.777777777776,0-1,1800.0,2.39,DLF Phase 1,3,1
9298,4.0,4.0,2.0,7115.009746588694,0-1,3078.0,2.19,Sector 57,3,1
9299,4.0,5.0,4.0,23115.0,1-5,2847.0,4.6,Sector 67,4,0
9300,3.0,3.0,3.0,17422.0,Under Construction,2095.0,3.65,Sector 59,6,0
9301,4.0,4.0,4.0,21875.0,0-1,2400.0,3.5,Sohna,3,0
9302,2.0,2.0,2.0,10714.0,0-1,1800.0,1.5,Sector-33 Sohna,4,0
9303,4.0,4.0,4.0,13750.0,Under Construction,2407.0,2.75,Sector-33 Sohna,4,0
9304,3.0,3.0,3.0,13076.0,Under Construction,1590.0,1.7,Sector-33 Sohna,4,0
9305,4.0,4.0,2.0,9222.222222222224,1-5,2700.0,2.49,Sector 57,3,1
9306,3.0,3.0,2.0,10620.91503267974,0-1,1836.0,1.95,Sushant Lok Phase 1,3,1
9307,4.0,4.0,4.0,13928.0,1-5,2800.0,3.9,Sector 60,5,0
9308,3.0,3.0,3.0,17183.0,Under Construction,2095.0,3.6,Sector 59,6,0
9309,3.0,3.0,3.0,18661.0,1-5,2411.0,3.15,Sector 67,4,0
9310,2.0,2.0,4.0,18625.0,Under Construction,1433.0,1.87,Sector 65,5,0
9311,3.0,3.0,3.0,16122.0,Under Construction,2295.0,3.7,Sector 59,6,0
9312,4.0,4.0,4.0,20029.0,Under Construction,3395.0,6.8,Sector 59,6,0
9313,3.0,4.0,3.0,14418.0,1-5,2358.0,3.4,Sector 67,4,0
9314,3.0,3.0,3.0,15455.0,Under Construction,2588.0,4.0,Sector 62,5,0
9315,3.0,3.0,3.0,16570.0,Under Construction,2595.0,4.3,Sector 59,6,0
9316,3.0,3.0,2.0,9027.777777777776,0-1,2160.0,1.95,Sushant Lok Phase 3,3,1
9317,3.0,3.0,2.0,10432.098765432098,0-1,1620.0,1.69,Sushant Lok,3,1
9318,3.0,3.0,2.0,10185.185185185184,0-1,1620.0,1.65,Sushant Lok Phase 2,4,1
9319,4.0,4.0,2.0,11074.074074074077,0-1,2700.0,2.99,Sector 56,3,1
9320,3.0,3.0,2.0,11357.0,0-1,1400.0,1.59,Sector 55,2,1
9321,3.0,4.0,3.0,19007.0,0-1,2499.0,4.75,Sector 65,3,0
9322,3.0,3.0,3.0,12295.0,1-5,2440.0,3.0,Sector 67,4,0
9323,3.0,4.0,3.0,13074.0,1-5,2677.0,3.5,Sector 67,4,0
9324,3.0,3.0,3.0,13434.0,1-5,2382.0,3.2,Sector 67,4,0
9325,3.0,3.0,4.0,8857.0,Under Construction,1750.0,1.55,Sector 89 A,4,1
9326,3.0,4.0,4.0,9069.0,Under Construction,2150.0,1.95,Sector 89 A,4,1
9327,4.0,5.0,4.0,6062.0,5-10,2639.0,1.6,Sector 103,4,1
9328,3.0,4.0,4.0,6027.0,5-10,1991.0,1.2,Sector 103,4,1
9329,3.0,4.0,4.0,5483.0,5-10,1860.0,1.02,Sector 103,4,1
9330,4.0,5.0,4.0,5380.0,5-10,2639.0,1.42,Sector 103,4,1
9331,3.0,4.0,4.0,5645.0,5-10,1860.0,1.05,Sector 103,4,1
9332,2.0,3.0,4.0,5862.0,5-10,1450.0,0.85,Sector 103,4,1
9333,4.0,4.0,3.0,13207.0,5-10,2650.0,3.5,Sector 67,4,0
9334,4.0,4.0,4.0,9365.0,1-5,3150.0,2.95,Sector 104,6,1
9335,2.0,2.0,3.0,10222.0,Under Construction,1213.0,1.24,Sector 79,5,1
9336,3.0,3.0,3.0,10250.0,Under Construction,1555.0,1.6,Sector 79,5,1
9337,3.0,3.0,3.0,16315.0,1-5,2385.0,3.1,Sector 67,4,0
9338,4.0,4.0,2.0,28423.77260981912,1-5,1935.0,5.5,Sushant Lok Phase 1,3,1
9339,3.0,3.0,4.0,14123.0,Under Construction,1855.0,2.62,Sector 106,5,0
9340,3.0,3.0,4.0,13907.0,Under Construction,1625.0,2.26,Sector 106,5,1
9341,3.0,3.0,4.0,13746.0,Under Construction,1855.0,2.55,Sector 106,5,1
9342,3.0,3.0,4.0,9623.0,1-5,2338.0,2.25,Sector 108,4,1
9343,4.0,4.0,4.0,13970.0,Under Construction,2720.0,3.8,Sector 106,5,1
9344,3.0,3.0,4.0,13846.0,Under Construction,1625.0,2.25,Sector 106,5,1
9345,4.0,4.0,4.0,8888.0,1-5,3150.0,2.8,Sector 104,6,0
9346,3.0,3.0,4.0,7988.0,1-5,2003.0,1.6,Sector 88A,2,1
9347,3.0,3.0,3.0,13477.0,Under Construction,1855.0,2.5,Sector 106,5,1
9348,3.0,3.0,3.0,14016.0,Under Construction,1855.0,2.6,Sector 106,5,1
9349,2.0,2.0,2.0,14641.0,Under Construction,1366.0,2.0,Sector 106,5,1
9350,3.0,3.0,3.0,13207.0,Under Construction,1855.0,2.45,Sector 106,5,1
9351,3.0,3.0,2.0,9090.0,0-1,2700.0,2.0,Sushant Lok Phase 1,3,1
9352,3.0,3.0,2.0,6262.626262626262,10+,2475.0,1.55,Malibu Town,2,1
9353,3.0,2.0,3.0,6750.0,Under Construction,1511.0,1.02,Sector 95,4,0
9354,4.0,4.0,2.0,13000.0,1-5,2500.0,3.25,Sushant Lok Phase 1,3,1
9355,2.0,2.0,3.0,8944.0,Under Construction,1118.0,1.0,Sector 93,6,0
9356,3.0,3.0,1.0,8663.0,1-5,2020.0,1.75,Sector 86,4,1
9357,4.0,4.0,2.0,15555.0,1-5,2250.0,3.5,Sushant Lok Phase 1,3,1
9358,4.0,4.0,4.0,7239.534151715455,0-1,3177.0,2.3,Sector 82,2,0
9359,3.0,3.0,4.0,6578.0,1-5,2052.0,1.35,Sector 1A,1,0
9360,2.0,2.0,2.0,13184.0,0-1,1479.0,1.95,Sector 36A,6,0
9361,3.0,3.0,3.0,6907.0,Under Construction,1520.0,1.05,Sector 95,4,0
9362,4.0,4.0,4.0,14157.0,Under Construction,1554.0,2.2,Sector 84,0,0
9363,3.0,3.0,4.0,8924.0,Under Construction,1423.0,1.27,Sector 89,5,0
9364,3.0,3.0,4.0,9135.0,Under Construction,1423.0,1.3,Sector 89,4,0
9365,3.0,3.0,4.0,7550.0,0-1,1735.0,1.31,Sector 37C,4,0
9366,3.0,3.0,4.0,6376.0,Under Construction,1725.0,1.1,Sector 37D,1,0
9367,3.0,3.0,4.0,7478.0,0-1,1765.0,1.32,Sector 37C,4,0
9368,3.0,2.0,4.0,14150.0,Under Construction,1000.0,1.41,Sector 93,4,0
9369,3.0,2.0,4.0,9344.0,Under Construction,1450.0,1.36,Sector 83,1,0
9370,3.0,2.0,4.0,13900.0,Under Construction,1000.0,1.39,Sector 93,4,0
9371,3.0,2.0,4.0,14200.0,Under Construction,1000.0,1.42,Sector 93,4,0
9372,3.0,2.0,3.0,14100.0,Under Construction,1000.0,1.41,Sector 93,4,1
9373,3.0,3.0,4.0,9189.0,Under Construction,1850.0,1.7,Sector 83,1,0
9374,3.0,2.0,3.0,11887.0,0-1,2103.0,2.5,Sector 81,5,0
9375,3.0,2.0,4.0,9100.0,Under Construction,1450.0,1.35,Sector 83,1,0
9376,3.0,2.0,4.0,8896.0,Under Construction,1450.0,1.29,Sector 83,1,0
9377,3.0,2.0,4.0,8965.0,Under Construction,1450.0,1.3,Sector 83,1,0
9378,3.0,3.0,3.0,15000.0,Under Construction,3200.0,4.8,Sector 63A,5,1
